symbol,date,open,high,low,close,volume,adjclose,dividends
NVDA,2025-03-17,122.73999786376953,122.88999938964844,118.02999877929688,119.52999877929688,255501500.0,119.51496124267578,0.0
NVDA,2025-03-18,118.0,119.0199966430664,114.54000091552734,115.43000030517578,299686900.0,115.41547393798828,0.0
NVDA,2025-03-19,117.2699966430664,120.44999694824219,115.68000030517578,117.5199966430664,273426200.0,117.50520324707031,0.0
NVDA,2025-03-20,116.55000305175781,120.19999694824219,116.47000122070312,118.52999877929688,248829700.0,118.51508331298828,0.0
NVDA,2025-03-21,116.94000244140625,117.98999786376953,115.41999816894531,117.69999694824219,266498500.0,117.68518829345703,0.0
NVDA,2025-03-24,119.87999725341797,122.22000122070312,119.33999633789062,121.41000366210938,228452500.0,121.39472961425781,0.0
NVDA,2025-03-25,120.55000305175781,121.29000091552734,118.91999816894531,120.69000244140625,167447200.0,120.67481994628906,0.0
NVDA,2025-03-26,118.7300033569336,118.83999633789062,112.70999908447266,113.76000213623047,293463300.0,113.74568939208984,0.0
NVDA,2025-03-27,111.3499984741211,114.44999694824219,110.66000366210938,111.43000030517578,236902100.0,111.41597747802734,0.0
NVDA,2025-03-28,111.48999786376953,112.87000274658203,109.06999969482422,109.66999816894531,229872500.0,109.65619659423828,0.0
NVDA,2025-03-31,105.12999725341797,110.95999908447266,103.6500015258789,108.37999725341797,299212700.0,108.36636352539062,0.0
NVDA,2025-04-01,108.5199966430664,110.19999694824219,106.47000122070312,110.1500015258789,222614000.0,110.13614654541016,0.0
NVDA,2025-04-02,107.29000091552734,111.9800033569336,106.79000091552734,110.41999816894531,220601200.0,110.4061050415039,0.0
NVDA,2025-04-03,103.51000213623047,105.62999725341797,101.5999984741211,101.80000305175781,338769400.0,101.78720092773438,0.0
NVDA,2025-04-04,98.91000366210938,100.12999725341797,92.11000061035156,94.30999755859375,532273800.0,94.29813385009766,0.0
NVDA,2025-04-07,87.45999908447266,101.75,86.62000274658203,97.63999938964844,611041300.0,97.6277084350586,0.0
NVDA,2025-04-08,103.80999755859375,105.8499984741211,94.45999908447266,96.30000305175781,476243400.0,96.28788757324219,0.0
NVDA,2025-04-09,98.88999938964844,115.0999984741211,97.52999877929688,114.33000183105469,612918300.0,114.31561279296875,0.0
NVDA,2025-04-10,109.37000274658203,110.86000061035156,99.1500015258789,107.56999969482422,437812400.0,107.55646514892578,0.0
NVDA,2025-04-11,108.5,111.55000305175781,107.4800033569336,110.93000030517578,313417300.0,110.9160385131836,0.0
NVDA,2025-04-14,114.11000061035156,114.29000091552734,109.06999969482422,110.70999908447266,264705000.0,110.6960678100586,0.0
NVDA,2025-04-15,110.97000122070312,113.62000274658203,110.5,112.19999694824219,228966900.0,112.18588256835938,0.0
NVDA,2025-04-16,104.55000305175781,106.79000091552734,100.44999694824219,104.48999786376953,397016900.0,104.47685241699219,0.0
NVDA,2025-04-17,104.44999694824219,104.47000122070312,100.05000305175781,101.48999786376953,292517500.0,101.47722625732422,0.0
NVDA,2025-04-21,98.7699966430664,99.44000244140625,95.04000091552734,96.91000366210938,288501100.0,96.89781188964844,0.0
NVDA,2025-04-22,98.77999877929688,99.80999755859375,97.27999877929688,98.88999938964844,241004800.0,98.87755584716797,0.0
NVDA,2025-04-23,104.5199966430664,104.80000305175781,102.0199966430664,102.70999908447266,247526000.0,102.69707489013672,0.0
NVDA,2025-04-24,103.4800033569336,106.54000091552734,103.11000061035156,106.43000030517578,220815000.0,106.4166030883789,0.0
NVDA,2025-04-25,106.8499984741211,111.91999816894531,105.7300033569336,111.01000213623047,251064700.0,110.99604034423828,0.0
NVDA,2025-04-28,109.69000244140625,110.37000274658203,106.0199966430664,108.7300033569336,207708500.0,108.71631622314453,0.0
NVDA,2025-04-29,107.66999816894531,110.19999694824219,107.44000244140625,109.0199966430664,170444300.0,109.00627899169922,0.0
NVDA,2025-04-30,104.47000122070312,108.91999816894531,104.08000183105469,108.91999816894531,235044600.0,108.90629577636719,0.0
NVDA,2025-05-01,113.08000183105469,114.94000244140625,111.30000305175781,111.61000061035156,236121500.0,111.59595489501953,0.0
NVDA,2025-05-02,114.18000030517578,115.4000015258789,113.37000274658203,114.5,190194800.0,114.485595703125,0.0
NVDA,2025-05-05,112.91000366210938,114.66999816894531,112.66000366210938,113.81999969482422,133163200.0,113.80567932128906,0.0
NVDA,2025-05-06,111.4800033569336,114.73999786376953,110.81999969482422,113.54000091552734,158525600.0,113.52571868896484,0.0
NVDA,2025-05-07,113.05000305175781,117.68000030517578,112.27999877929688,117.05999755859375,206758800.0,117.04527282714844,0.0
NVDA,2025-05-08,118.25,118.68000030517578,115.8499984741211,117.37000274658203,198428100.0,117.35523986816406,0.0
NVDA,2025-05-09,117.3499984741211,118.2300033569336,115.20999908447266,116.6500015258789,132972200.0,116.63532257080078,0.0
NVDA,2025-05-12,121.97000122070312,123.0,120.27999877929688,123.0,225023300.0,122.98452758789062,0.0
NVDA,2025-05-13,124.9800033569336,131.22000122070312,124.47000122070312,129.92999267578125,330430100.0,129.9136505126953,0.0
NVDA,2025-05-14,133.1999969482422,135.44000244140625,131.67999267578125,135.33999633789062,281180800.0,135.32296752929688,0.0
NVDA,2025-05-15,134.2899932861328,136.3000030517578,132.66000366210938,134.8300018310547,226632600.0,134.8130340576172,0.0
NVDA,2025-05-16,136.22000122070312,136.35000610351562,133.4600067138672,135.39999389648438,226542500.0,135.38296508789062,0.0
NVDA,2025-05-19,132.38999938964844,135.8699951171875,132.38999938964844,135.57000732421875,193154600.0,135.55294799804688,0.0
NVDA,2025-05-20,134.2899932861328,134.5800018310547,132.6199951171875,134.3800048828125,161514200.0,134.36309814453125,0.0
NVDA,2025-05-21,133.05999755859375,137.39999389648438,130.58999633789062,131.8000030517578,270608700.0,131.78341674804688,0.0
NVDA,2025-05-22,132.22999572753906,134.25,131.5500030517578,132.8300018310547,187344000.0,132.81329345703125,0.0
NVDA,2025-05-23,130.0,132.67999267578125,129.16000366210938,131.2899932861328,198821300.0,131.2734832763672,0.0
NVDA,2025-05-27,134.14999389648438,135.66000366210938,133.30999755859375,135.5,192953600.0,135.48294067382812,0.0
NVDA,2025-05-28,136.02999877929688,137.25,134.7899932861328,134.80999755859375,304021100.0,134.7930450439453,0.0
NVDA,2025-05-29,142.25,143.49000549316406,137.91000366210938,139.19000244140625,369241900.0,139.17250061035156,0.0
NVDA,2025-05-30,138.72000122070312,139.6199951171875,132.9199981689453,135.1300048828125,333170900.0,135.11300659179688,0.0
NVDA,2025-06-02,135.49000549316406,138.1199951171875,135.39999389648438,137.3800048828125,197663100.0,137.3627166748047,0.0
NVDA,2025-06-03,138.77999877929688,142.0,137.9499969482422,141.22000122070312,225578800.0,141.2022247314453,0.0
NVDA,2025-06-04,142.19000244140625,142.38999938964844,139.5399932861328,141.9199981689453,167120800.0,141.9021453857422,0.0
NVDA,2025-06-05,142.1699981689453,144.0,138.8300018310547,139.99000549316406,231397900.0,139.97239685058594,0.0
NVDA,2025-06-06,142.50999450683594,143.27000427246094,141.50999450683594,141.72000122070312,153986200.0,141.70216369628906,0.0
NVDA,2025-06-09,143.19000244140625,145.0,141.94000244140625,142.6300048828125,185114500.0,142.612060546875,0.0
NVDA,2025-06-10,142.69000244140625,144.2899932861328,141.52999877929688,143.9600067138672,155881900.0,143.94189453125,0.0
NVDA,2025-06-11,144.61000061035156,144.99000549316406,141.8699951171875,142.8300018310547,167694000.0,142.8219451904297,0.01
NVDA,2025-06-12,141.97000122070312,145.0,141.85000610351562,145.0,162365000.0,144.9918212890625,0.0
NVDA,2025-06-13,142.47999572753906,143.5800018310547,140.85000610351562,141.97000122070312,180820600.0,141.9619903564453,0.0
NVDA,2025-06-16,143.35000610351562,146.17999267578125,143.1999969482422,144.69000244140625,183133700.0,144.6818389892578,0.0
NVDA,2025-06-17,144.49000549316406,145.22000122070312,143.77999877929688,144.1199951171875,139108000.0,144.1118621826172,0.0
NVDA,2025-06-18,144.00999450683594,145.64999389648438,143.1199951171875,145.47999572753906,161494100.0,145.47178649902344,0.0
NVDA,2025-06-20,145.4499969482422,146.1999969482422,142.64999389648438,143.85000610351562,242956200.0,143.84188842773438,0.0
NVDA,2025-06-23,142.5,144.77999877929688,142.02999877929688,144.1699981689453,154308900.0,144.161865234375,0.0
NVDA,2025-06-24,145.55999755859375,147.9600067138672,145.5,147.89999389648438,187566100.0,147.8916473388672,0.0
NVDA,2025-06-25,149.27000427246094,154.4499969482422,149.25999450683594,154.30999755859375,269146500.0,154.30130004882812,0.0
NVDA,2025-06-26,155.97999572753906,156.72000122070312,154.0,155.02000427246094,198145700.0,155.01126098632812,0.0
NVDA,2025-06-27,156.0399932861328,158.7100067138672,155.25999450683594,157.75,263234500.0,157.74110412597656,0.0
NVDA,2025-06-30,158.39999389648438,158.66000366210938,155.9600067138672,157.99000549316406,194580300.0,157.98109436035156,0.0
NVDA,2025-07-01,156.2899932861328,157.1999969482422,151.49000549316406,153.3000030517578,213143600.0,153.29136657714844,0.0
NVDA,2025-07-02,152.97999572753906,157.60000610351562,152.97000122070312,157.25,171224100.0,157.2411346435547,0.0
NVDA,2025-07-03,158.3699951171875,160.97999572753906,157.77000427246094,159.33999633789062,143716100.0,159.3310089111328,0.0
NVDA,2025-07-07,158.1999969482422,159.30999755859375,157.33999633789062,158.24000549316406,140139000.0,158.2310791015625,0.0
NVDA,2025-07-08,159.3300018310547,160.22000122070312,158.38999938964844,160.0,138133000.0,159.99098205566406,0.0
NVDA,2025-07-09,161.22000122070312,164.4199981689453,161.16000366210938,162.8800048828125,183656400.0,162.87081909179688,0.0
NVDA,2025-07-10,164.32000732421875,164.5,161.61000061035156,164.10000610351562,167704100.0,164.09075927734375,0.0
NVDA,2025-07-11,163.72000122070312,167.88999938964844,163.47000122070312,164.9199981689453,193633300.0,164.91070556640625,0.0
NVDA,2025-07-14,165.3699951171875,165.49000549316406,162.02000427246094,164.07000732421875,136975800.0,164.06076049804688,0.0
NVDA,2025-07-15,171.19000244140625,172.39999389648438,169.1999969482422,170.6999969482422,230627400.0,170.69036865234375,0.0
NVDA,2025-07-16,171.05999755859375,171.75,168.89999389648438,171.3699951171875,158831500.0,171.36033630371094,0.0
NVDA,2025-07-17,172.02000427246094,174.16000366210938,170.8300018310547,173.0,160841100.0,172.99024963378906,0.0
NVDA,2025-07-18,173.63999938964844,174.25,171.25999450683594,172.41000366210938,146456400.0,172.40028381347656,0.0
NVDA,2025-07-21,172.75,173.3800048828125,171.0,171.3800048828125,123126100.0,171.37034606933594,0.0
NVDA,2025-07-22,171.33999633789062,171.38999938964844,164.5800018310547,167.02999877929688,193114300.0,167.0205841064453,0.0
NVDA,2025-07-23,169.52999877929688,171.25999450683594,167.97000122070312,170.77999877929688,154082200.0,170.77037048339844,0.0
NVDA,2025-07-24,172.44000244140625,173.8300018310547,171.3000030517578,173.74000549316406,128984600.0,173.73020935058594,0.0
NVDA,2025-07-25,173.61000061035156,174.72000122070312,172.9600067138672,173.5,122316800.0,173.49021911621094,0.0
NVDA,2025-07-28,174.02000427246094,177.0,173.97000122070312,176.75,140023500.0,176.7400360107422,0.0
NVDA,2025-07-29,177.9600067138672,179.3800048828125,175.02000427246094,175.50999450683594,154077500.0,175.50009155273438,0.0
NVDA,2025-07-30,176.50999450683594,179.88999938964844,176.0399932861328,179.27000427246094,174312200.0,179.25990295410156,0.0
NVDA,2025-07-31,182.89999389648438,183.3000030517578,175.92999267578125,177.8699951171875,221685400.0,177.85997009277344,0.0
NVDA,2025-08-01,174.08999633789062,176.5399932861328,170.88999938964844,173.72000122070312,204529000.0,173.710205078125,0.0
NVDA,2025-08-04,175.16000366210938,180.1999969482422,174.52000427246094,180.0,148174600.0,179.98985290527344,0.0
NVDA,2025-08-05,179.6199951171875,180.25999450683594,175.89999389648438,178.25999450683594,156407600.0,178.24993896484375,0.0
NVDA,2025-08-06,176.3300018310547,179.89999389648438,176.25,179.4199981689453,137192300.0,179.40988159179688,0.0
NVDA,2025-08-07,181.57000732421875,183.8800048828125,178.8000030517578,180.77000427246094,151878400.0,180.7598114013672,0.0
NVDA,2025-08-08,181.5500030517578,183.3000030517578,180.39999389648438,182.6999969482422,123396700.0,182.689697265625,0.0
NVDA,2025-08-11,182.0500030517578,183.83999633789062,180.25,182.05999755859375,138323200.0,182.0497283935547,0.0
NVDA,2025-08-12,182.9600067138672,184.47999572753906,179.4600067138672,183.16000366210938,145485700.0,183.14967346191406,0.0
NVDA,2025-08-13,182.6199951171875,183.97000122070312,179.35000610351562,181.58999633789062,179871700.0,181.5797576904297,0.0
NVDA,2025-08-14,179.75,183.02000427246094,179.4600067138672,182.02000427246094,129554000.0,182.00973510742188,0.0
NVDA,2025-08-15,181.8800048828125,181.89999389648438,178.0399932861328,180.4499969482422,156602200.0,180.4398193359375,0.0
NVDA,2025-08-18,180.60000610351562,182.94000244140625,180.58999633789062,182.00999450683594,132008000.0,181.99972534179688,0.0
NVDA,2025-08-19,182.42999267578125,182.5,175.49000549316406,175.63999938964844,185229200.0,175.63009643554688,0.0
NVDA,2025-08-20,175.1699981689453,176.0,168.8000030517578,175.39999389648438,215142700.0,175.39010620117188,0.0
NVDA,2025-08-21,174.85000610351562,176.89999389648438,173.80999755859375,174.97999572753906,140040900.0,174.97012329101562,0.0
NVDA,2025-08-22,172.61000061035156,178.58999633789062,171.1999969482422,177.99000549316406,172789400.0,177.97996520996094,0.0
NVDA,2025-08-25,178.35000610351562,181.91000366210938,176.57000732421875,179.80999755859375,163012800.0,179.79986572265625,0.0
NVDA,2025-08-26,180.05999755859375,182.38999938964844,178.80999755859375,181.77000427246094,168688200.0,181.75975036621094,0.0
NVDA,2025-08-27,181.97999572753906,182.49000549316406,179.10000610351562,181.60000610351562,235518900.0,181.5897674560547,0.0
NVDA,2025-08-28,180.82000732421875,184.47000122070312,176.41000366210938,180.1699981689453,281787800.0,180.1598358154297,0.0
NVDA,2025-08-29,178.11000061035156,178.14999389648438,173.14999389648438,174.17999267578125,243257900.0,174.170166015625,0.0
NVDA,2025-09-02,170.0,172.3800048828125,167.22000122070312,170.77999877929688,231164900.0,170.77037048339844,0.0
NVDA,2025-09-03,171.05999755859375,172.41000366210938,168.8800048828125,170.6199951171875,164424900.0,170.61038208007812,0.0
NVDA,2025-09-04,170.57000732421875,171.86000061035156,169.41000366210938,171.66000366210938,141670100.0,171.65032958984375,0.0
NVDA,2025-09-05,168.02999877929688,169.02999877929688,164.07000732421875,167.02000427246094,224441400.0,167.01058959960938,0.0
NVDA,2025-09-08,167.5500030517578,170.9600067138672,167.35000610351562,168.30999755859375,163769100.0,168.30050659179688,0.0
NVDA,2025-09-09,169.08999633789062,170.97999572753906,166.74000549316406,170.75999450683594,157548400.0,170.7503662109375,0.0
NVDA,2025-09-10,176.63999938964844,179.2899932861328,175.47000122070312,177.3300018310547,226852000.0,177.32000732421875,0.0
NVDA,2025-09-11,179.67999267578125,180.27999877929688,176.47999572753906,177.1699981689453,151159300.0,177.1699981689453,0.01
NVDA,2025-09-12,177.77000427246094,178.60000610351562,176.4499969482422,177.82000732421875,124618700.0,177.82000732421875,0.0
NVDA,2025-09-15,175.6699981689453,178.85000610351562,174.50999450683594,177.75,146814700.0,177.75,0.0
NVDA,2025-09-16 16:00:00-04:00,176.9949951171875,177.5,174.3800048828125,174.8800048828125,136363238.0,174.8800048828125,0.0
MSFT,2025-03-17,386.70001220703125,392.7099914550781,385.57000732421875,388.70001220703125,22474300.0,387.3509521484375,0.0
MSFT,2025-03-18,387.07000732421875,387.3699951171875,381.1000061035156,383.5199890136719,19486900.0,382.1889343261719,0.0
MSFT,2025-03-19,385.5299987792969,389.67999267578125,384.0,387.82000732421875,19185500.0,386.4739990234375,0.0
MSFT,2025-03-20,385.739990234375,391.7900085449219,383.2799987792969,386.8399963378906,18470500.0,385.4974060058594,0.0
MSFT,2025-03-21,383.2200012207031,391.739990234375,382.79998779296875,391.260009765625,39675900.0,389.9020690917969,0.0
MSFT,2025-03-24,395.3999938964844,395.3999938964844,389.80999755859375,393.0799865722656,21004500.0,391.7157287597656,0.0
MSFT,2025-03-25,393.9200134277344,396.3599853515625,392.6400146484375,395.1600036621094,15775000.0,393.7885437011719,0.0
MSFT,2025-03-26,395.0,395.30999755859375,388.57000732421875,389.9700012207031,16108400.0,388.6165466308594,0.0
MSFT,2025-03-27,390.1300048828125,392.239990234375,387.3999938964844,390.5799865722656,13766800.0,389.2243957519531,0.0
MSFT,2025-03-28,388.0799865722656,389.1300048828125,376.92999267578125,378.79998779296875,21632000.0,377.48529052734375,0.0
MSFT,2025-03-31,372.5400085449219,377.07000732421875,367.239990234375,375.3900146484375,35184700.0,374.087158203125,0.0
MSFT,2025-04-01,374.6499938964844,382.8500061035156,373.2300109863281,382.19000244140625,19689500.0,380.863525390625,0.0
MSFT,2025-04-02,377.9700012207031,385.0799865722656,376.6199951171875,382.1400146484375,16092600.0,380.813720703125,0.0
MSFT,2025-04-03,374.7900085449219,377.4800109863281,369.3500061035156,373.1099853515625,30198000.0,371.8150329589844,0.0
MSFT,2025-04-04,364.1300048828125,374.5899963378906,359.4800109863281,359.8399963378906,49209900.0,358.5910949707031,0.0
MSFT,2025-04-07,350.8800048828125,371.0,344.7900085449219,357.8599853515625,50425000.0,356.61798095703125,0.0
MSFT,2025-04-08,368.260009765625,373.6499938964844,350.25,354.55999755859375,35868900.0,353.3294372558594,0.0
MSFT,2025-04-09,353.5400085449219,393.2300109863281,353.1000061035156,390.489990234375,50199700.0,389.1347351074219,0.0
MSFT,2025-04-10,382.05999755859375,383.8999938964844,367.79998779296875,381.3500061035156,38024400.0,380.0264587402344,0.0
MSFT,2025-04-11,380.6400146484375,390.04998779296875,378.8900146484375,388.45001220703125,23839200.0,387.101806640625,0.0
MSFT,2025-04-14,393.2200012207031,394.6499938964844,384.2099914550781,387.80999755859375,19251200.0,386.4640197753906,0.0
MSFT,2025-04-15,388.510009765625,391.8900146484375,384.1600036621094,385.7300109863281,17199900.0,384.3912658691406,0.0
MSFT,2025-04-16,380.6700134277344,381.6099853515625,368.0,371.6099853515625,21967800.0,370.32025146484375,0.0
MSFT,2025-04-17,373.75,374.32000732421875,366.8900146484375,367.7799987792969,21120200.0,366.5035400390625,0.0
MSFT,2025-04-21,362.82000732421875,364.4800109863281,355.6700134277344,359.1199951171875,20807300.0,357.87359619140625,0.0
MSFT,2025-04-22,363.3800048828125,367.7699890136719,359.8599853515625,366.82000732421875,19485000.0,365.5469055175781,0.0
MSFT,2025-04-23,376.05999755859375,380.3900146484375,373.0199890136719,374.3900146484375,20545500.0,373.09063720703125,0.0
MSFT,2025-04-24,375.70001220703125,388.45001220703125,375.19000244140625,387.29998779296875,22232300.0,385.9557800292969,0.0
MSFT,2025-04-25,387.0,392.1600036621094,384.6000061035156,391.8500061035156,18973200.0,390.4900207519531,0.0
MSFT,2025-04-28,391.9599914550781,392.739990234375,386.6400146484375,391.1600036621094,16579400.0,389.80242919921875,0.0
MSFT,2025-04-29,391.29998779296875,395.1000061035156,390.3800048828125,394.0400085449219,14974000.0,392.67242431640625,0.0
MSFT,2025-04-30,390.29998779296875,396.6600036621094,384.44000244140625,395.260009765625,36461100.0,393.88818359375,0.0
MSFT,2025-05-01,431.1099853515625,436.989990234375,424.8999938964844,425.3999938964844,58938100.0,423.9235534667969,0.0
MSFT,2025-05-02,431.739990234375,439.44000244140625,429.989990234375,435.2799987792969,30757400.0,433.769287109375,0.0
MSFT,2025-05-05,432.8699951171875,439.5,432.1099853515625,436.1700134277344,20136100.0,434.65618896484375,0.0
MSFT,2025-05-06,432.20001220703125,437.7300109863281,431.1700134277344,433.30999755859375,15104200.0,431.8061218261719,0.0
MSFT,2025-05-07,433.8399963378906,438.1199951171875,431.1099853515625,433.3500061035156,23295300.0,431.8459777832031,0.0
MSFT,2025-05-08,437.92999267578125,443.6700134277344,435.6600036621094,438.1700134277344,23491300.0,436.6492614746094,0.0
MSFT,2025-05-09,440.0,440.739990234375,435.8800048828125,438.7300109863281,15324200.0,437.2073059082031,0.0
MSFT,2025-05-12,445.94000244140625,449.3699951171875,439.7799987792969,449.260009765625,22821900.0,447.7007751464844,0.0
MSFT,2025-05-13,447.7799987792969,450.6700134277344,445.3599853515625,449.1400146484375,23618800.0,447.5812072753906,0.0
MSFT,2025-05-14,448.1400146484375,453.8999938964844,448.1400146484375,452.94000244140625,19902800.0,451.36798095703125,0.0
MSFT,2025-05-15,450.7699890136719,456.19000244140625,450.42999267578125,453.1300048828125,21992300.0,452.3863220214844,0.83
MSFT,2025-05-16,452.04998779296875,454.3599853515625,448.7300109863281,454.2699890136719,23849800.0,453.5244445800781,0.0
MSFT,2025-05-19,450.8800048828125,459.5899963378906,450.79998779296875,458.8699951171875,21336500.0,458.11688232421875,0.0
MSFT,2025-05-20,455.5899963378906,458.3399963378906,454.32000732421875,458.1700134277344,15441800.0,457.4180603027344,0.0
MSFT,2025-05-21,454.57000732421875,457.7799987792969,451.80999755859375,452.57000732421875,19216900.0,451.8272399902344,0.0
MSFT,2025-05-22,454.95001220703125,460.25,453.8999938964844,454.8599853515625,18025600.0,454.11346435546875,0.0
MSFT,2025-05-23,449.9800109863281,453.69000244140625,448.9100036621094,450.17999267578125,16883500.0,449.441162109375,0.0
MSFT,2025-05-27,456.4800109863281,460.95001220703125,456.1199951171875,460.69000244140625,20974300.0,459.93389892578125,0.0
MSFT,2025-05-28,461.2200012207031,462.5199890136719,456.92999267578125,457.3599853515625,17086300.0,456.609375,0.0
MSFT,2025-05-29,461.54998779296875,461.7200012207031,455.30999755859375,458.67999267578125,13974800.0,457.9272155761719,0.0
MSFT,2025-05-30,459.7200012207031,461.67999267578125,455.5400085449219,460.3599853515625,34770500.0,459.60443115234375,0.0
MSFT,2025-06-02,457.1400146484375,462.1099853515625,456.8900146484375,461.9700012207031,16626500.0,461.2118225097656,0.0
MSFT,2025-06-03,461.4700012207031,464.1400146484375,460.8599853515625,462.9700012207031,15743800.0,462.2101745605469,0.0
MSFT,2025-06-04,464.0,465.69000244140625,463.0199890136719,463.8699951171875,14162700.0,463.1086730957031,0.0
MSFT,2025-06-05,464.9599914550781,469.6499938964844,464.0299987792969,467.67999267578125,20131700.0,466.91241455078125,0.0
MSFT,2025-06-06,470.0899963378906,473.3399963378906,468.7799987792969,470.3800048828125,15285600.0,469.6080017089844,0.0
MSFT,2025-06-09,469.70001220703125,473.42999267578125,468.6199951171875,472.75,16469900.0,471.97412109375,0.0
MSFT,2025-06-10,471.19000244140625,472.79998779296875,466.9599914550781,470.9200134277344,15375900.0,470.1471252441406,0.0
MSFT,2025-06-11,470.0199890136719,475.4700012207031,469.6600036621094,472.6199951171875,16399200.0,471.8443298339844,0.0
MSFT,2025-06-12,475.0199890136719,480.4200134277344,473.5199890136719,478.8699951171875,18950600.0,478.0840759277344,0.0
MSFT,2025-06-13,476.4100036621094,479.17999267578125,472.760009765625,474.9599914550781,16814500.0,474.18048095703125,0.0
MSFT,2025-06-16,475.2099914550781,480.69000244140625,475.0,479.1400146484375,15626100.0,478.3536376953125,0.0
MSFT,2025-06-17,475.3999938964844,478.739990234375,474.0799865722656,478.0400085449219,15414100.0,477.25543212890625,0.0
MSFT,2025-06-18,478.0,481.0,474.4599914550781,480.239990234375,17526500.0,479.4518127441406,0.0
MSFT,2025-06-20,482.2300109863281,483.4599914550781,476.8699951171875,477.3999938964844,37576200.0,476.6164855957031,0.0
MSFT,2025-06-23,478.2099914550781,487.75,472.510009765625,486.0,24864000.0,485.2023620605469,0.0
MSFT,2025-06-24,488.95001220703125,491.8500061035156,486.79998779296875,490.1099853515625,22305600.0,489.30560302734375,0.0
MSFT,2025-06-25,492.0400085449219,494.55999755859375,489.3900146484375,492.2699890136719,17495100.0,491.4620666503906,0.0
MSFT,2025-06-26,492.9800109863281,498.0400085449219,492.80999755859375,497.45001220703125,21578900.0,496.6335754394531,0.0
MSFT,2025-06-27,497.54998779296875,499.29998779296875,493.0299987792969,495.94000244140625,34539200.0,495.1260681152344,0.0
MSFT,2025-06-30,497.0400085449219,500.760009765625,495.3299865722656,497.4100036621094,28369000.0,496.5936584472656,0.0
MSFT,2025-07-01,496.4700012207031,498.04998779296875,490.9800109863281,492.04998779296875,19945400.0,491.242431640625,0.0
MSFT,2025-07-02,489.989990234375,493.5,488.70001220703125,491.0899963378906,16319600.0,490.2840270996094,0.0
MSFT,2025-07-03,493.80999755859375,500.1300048828125,493.44000244140625,498.8399963378906,13984800.0,498.02130126953125,0.0
MSFT,2025-07-07,497.3800048828125,498.75,495.2300109863281,497.7200012207031,13981600.0,496.90313720703125,0.0
MSFT,2025-07-08,497.239990234375,498.20001220703125,494.1099853515625,496.6199951171875,11846600.0,495.804931640625,0.0
MSFT,2025-07-09,500.29998779296875,506.7799987792969,499.739990234375,503.510009765625,18659500.0,502.68365478515625,0.0
MSFT,2025-07-10,503.04998779296875,504.44000244140625,497.75,501.4800109863281,16492100.0,500.656982421875,0.0
MSFT,2025-07-11,498.4700012207031,505.0299987792969,497.79998779296875,503.32000732421875,16459500.0,502.49395751953125,0.0
MSFT,2025-07-14,501.5199890136719,503.9700012207031,501.0299987792969,503.0199890136719,12058800.0,502.1944274902344,0.0
MSFT,2025-07-15,503.0199890136719,508.29998779296875,502.7900085449219,505.82000732421875,14927200.0,504.9898376464844,0.0
MSFT,2025-07-16,505.17999267578125,506.7200012207031,501.8900146484375,505.6199951171875,15154400.0,504.7901611328125,0.0
MSFT,2025-07-17,505.67999267578125,513.3699951171875,505.6199951171875,511.70001220703125,17503100.0,510.8601989746094,0.0
MSFT,2025-07-18,514.47998046875,514.6400146484375,507.42999267578125,510.04998779296875,21209700.0,509.212890625,0.0
MSFT,2025-07-21,506.7099914550781,512.0900268554688,505.54998779296875,510.05999755859375,14066800.0,509.2228698730469,0.0
MSFT,2025-07-22,510.9700012207031,511.20001220703125,505.2699890136719,505.2699890136719,13868600.0,504.44073486328125,0.0
MSFT,2025-07-23,506.75,506.7900085449219,500.70001220703125,505.8699951171875,16396600.0,505.0397644042969,0.0
MSFT,2025-07-24,508.7699890136719,513.6699829101562,507.29998779296875,510.8800048828125,16107000.0,510.0415344238281,0.0
MSFT,2025-07-25,512.469970703125,518.2899780273438,510.3599853515625,513.7100219726562,19125700.0,512.866943359375,0.0
MSFT,2025-07-28,514.0800170898438,515.0,510.1199951171875,512.5,14308000.0,511.65887451171875,0.0
MSFT,2025-07-29,515.530029296875,517.6199951171875,511.55999755859375,512.5700073242188,16469200.0,511.728759765625,0.0
MSFT,2025-07-30,515.1699829101562,515.9500122070312,509.44000244140625,513.239990234375,26380400.0,512.3976440429688,0.0
MSFT,2025-07-31,555.22998046875,555.4500122070312,531.9000244140625,533.5,51617300.0,532.6243896484375,0.0
MSFT,2025-08-01,535.0,535.7999877929688,520.8599853515625,524.1099853515625,28977600.0,523.2498168945312,0.0
MSFT,2025-08-04,528.27001953125,538.25,528.1300048828125,535.6400146484375,25349000.0,534.7609252929688,0.0
MSFT,2025-08-05,537.1799926757812,537.2999877929688,527.239990234375,527.75,19171600.0,526.8838500976562,0.0
MSFT,2025-08-06,530.9000244140625,531.7000122070312,524.030029296875,524.9400024414062,21355700.0,524.0784912109375,0.0
MSFT,2025-08-07,526.7999877929688,528.0900268554688,517.5499877929688,520.8400268554688,16079100.0,519.9852294921875,0.0
MSFT,2025-08-08,522.5999755859375,524.6599731445312,519.4099731445312,522.0399780273438,15531000.0,521.1832275390625,0.0
MSFT,2025-08-11,522.2999877929688,527.5900268554688,519.719970703125,521.77001953125,20194400.0,520.9136962890625,0.0
MSFT,2025-08-12,523.75,530.97998046875,522.7000122070312,529.239990234375,18667000.0,528.3713989257812,0.0
MSFT,2025-08-13,532.1099853515625,532.7000122070312,519.3699951171875,520.5800170898438,19619200.0,519.7256469726562,0.0
MSFT,2025-08-14,522.5599975585938,525.9500122070312,520.1400146484375,522.47998046875,20269100.0,521.6224975585938,0.0
MSFT,2025-08-15,522.77001953125,526.0999755859375,519.0800170898438,520.1699829101562,25213300.0,519.3162841796875,0.0
MSFT,2025-08-18,521.5900268554688,522.8200073242188,514.02001953125,517.0999755859375,23760600.0,516.2512817382812,0.0
MSFT,2025-08-19,515.0,515.1599731445312,508.54998779296875,509.7699890136719,21481000.0,508.933349609375,0.0
MSFT,2025-08-20,509.8699951171875,511.0,504.44000244140625,505.7200012207031,27723000.0,504.8900146484375,0.0
MSFT,2025-08-21,503.69000244140625,507.6300048828125,502.7200012207031,504.239990234375,18443300.0,504.239990234375,0.83
MSFT,2025-08-22,504.25,510.7300109863281,502.4100036621094,507.2300109863281,24324200.0,507.2300109863281,0.0
MSFT,2025-08-25,506.6300048828125,508.19000244140625,504.1199951171875,504.260009765625,21638600.0,504.260009765625,0.0
MSFT,2025-08-26,504.3599853515625,504.9800109863281,498.510009765625,502.0400085449219,30835700.0,502.0400085449219,0.0
MSFT,2025-08-27,502.0,507.2900085449219,499.8999938964844,506.739990234375,17277900.0,506.739990234375,0.0
MSFT,2025-08-28,507.0899963378906,511.0899963378906,505.5,509.6400146484375,18015600.0,509.6400146484375,0.0
MSFT,2025-08-29,508.6600036621094,509.6000061035156,504.489990234375,506.69000244140625,20961600.0,506.69000244140625,0.0
MSFT,2025-09-02,500.4700012207031,506.0,496.80999755859375,505.1199951171875,18128000.0,505.1199951171875,0.0
MSFT,2025-09-03,503.7900085449219,507.7900085449219,502.32000732421875,505.3500061035156,16345100.0,505.3500061035156,0.0
MSFT,2025-09-04,504.29998779296875,508.1499938964844,503.1499938964844,507.9700012207031,15509500.0,507.9700012207031,0.0
MSFT,2025-09-05,509.07000732421875,511.9700012207031,492.3699951171875,495.0,31994800.0,495.0,0.0
MSFT,2025-09-08,498.1099853515625,501.20001220703125,495.0299987792969,498.20001220703125,16771000.0,498.20001220703125,0.0
MSFT,2025-09-09,501.42999267578125,502.25,497.70001220703125,498.4100036621094,14410500.0,498.4100036621094,0.0
MSFT,2025-09-10,502.9800109863281,503.2300109863281,496.7200012207031,500.3699951171875,21611800.0,500.3699951171875,0.0
MSFT,2025-09-11,502.25,503.1700134277344,497.8800048828125,501.010009765625,18881600.0,501.010009765625,0.0
MSFT,2025-09-12,506.6499938964844,512.5499877929688,503.8500061035156,509.8999938964844,23624900.0,509.8999938964844,0.0
MSFT,2025-09-16 16:00:01-04:00,516.8800048828125,517.22998046875,508.6000061035156,509.0400085449219,19508071.0,509.0400085449219,0.0
AAPL,2025-03-17,213.30999755859375,215.22000122070312,209.97000122070312,214.0,48073400.0,213.4774627685547,0.0
AAPL,2025-03-18,214.16000366210938,215.14999389648438,211.49000549316406,212.69000244140625,42432400.0,212.17066955566406,0.0
AAPL,2025-03-19,214.22000122070312,218.75999450683594,213.75,215.24000549316406,54385400.0,214.7144317626953,0.0
AAPL,2025-03-20,213.99000549316406,217.49000549316406,212.22000122070312,214.10000610351562,48862900.0,213.5772247314453,0.0
AAPL,2025-03-21,211.55999755859375,218.83999633789062,211.27999877929688,218.27000427246094,94127800.0,217.73704528808594,0.0
AAPL,2025-03-24,221.0,221.47999572753906,218.5800018310547,220.72999572753906,44299500.0,220.19102478027344,0.0
AAPL,2025-03-25,220.77000427246094,224.10000610351562,220.0800018310547,223.75,34493600.0,223.2036590576172,0.0
AAPL,2025-03-26,223.50999450683594,225.02000427246094,220.47000122070312,221.52999877929688,34466100.0,220.98907470703125,0.0
AAPL,2025-03-27,221.38999938964844,224.99000549316406,220.55999755859375,223.85000610351562,37094800.0,223.3034210205078,0.0
AAPL,2025-03-28,221.6699981689453,223.80999755859375,217.67999267578125,217.89999389648438,39818600.0,217.36793518066406,0.0
AAPL,2025-03-31,217.00999450683594,225.6199951171875,216.22999572753906,222.1300048828125,65299300.0,221.58761596679688,0.0
AAPL,2025-04-01,219.80999755859375,223.67999267578125,218.89999389648438,223.19000244140625,36412700.0,222.64503479003906,0.0
AAPL,2025-04-02,221.32000732421875,225.19000244140625,221.02000427246094,223.88999938964844,35905900.0,223.34332275390625,0.0
AAPL,2025-04-03,205.5399932861328,207.49000549316406,201.25,203.19000244140625,103419000.0,202.69384765625,0.0
AAPL,2025-04-04,193.88999938964844,199.8800048828125,187.33999633789062,188.3800048828125,125910900.0,187.92002868652344,0.0
AAPL,2025-04-07,177.1999969482422,194.14999389648438,174.6199951171875,181.4600067138672,160466300.0,181.0169219970703,0.0
AAPL,2025-04-08,186.6999969482422,190.33999633789062,169.2100067138672,172.4199981689453,120859500.0,171.9989776611328,0.0
AAPL,2025-04-09,171.9499969482422,200.61000061035156,171.88999938964844,198.85000610351562,184395900.0,198.3644561767578,0.0
AAPL,2025-04-10,189.07000732421875,194.77999877929688,183.0,190.4199981689453,121880000.0,189.9550323486328,0.0
AAPL,2025-04-11,186.10000610351562,199.5399932861328,186.05999755859375,198.14999389648438,87435900.0,197.66615295410156,0.0
AAPL,2025-04-14,211.44000244140625,212.94000244140625,201.16000366210938,202.52000427246094,101352900.0,202.02549743652344,0.0
AAPL,2025-04-15,201.86000061035156,203.50999450683594,199.8000030517578,202.13999938964844,51343900.0,201.6464080810547,0.0
AAPL,2025-04-16,198.36000061035156,200.6999969482422,192.3699951171875,194.27000427246094,59732400.0,193.79563903808594,0.0
AAPL,2025-04-17,197.1999969482422,198.8300018310547,194.4199981689453,196.97999572753906,52164700.0,196.4990234375,0.0
AAPL,2025-04-21,193.27000427246094,193.8000030517578,189.80999755859375,193.16000366210938,46742500.0,192.6883544921875,0.0
AAPL,2025-04-22,196.1199951171875,201.58999633789062,195.97000122070312,199.74000549316406,52976400.0,199.25228881835938,0.0
AAPL,2025-04-23,206.0,208.0,202.8000030517578,204.60000610351562,52929200.0,204.1004180908203,0.0
AAPL,2025-04-24,204.88999938964844,208.8300018310547,202.94000244140625,208.3699951171875,47311000.0,207.8612060546875,0.0
AAPL,2025-04-25,206.3699951171875,209.75,206.1999969482422,209.27999877929688,38222300.0,208.76898193359375,0.0
AAPL,2025-04-28,210.0,211.5,207.4600067138672,210.13999938964844,38743100.0,209.62689208984375,0.0
AAPL,2025-04-29,208.69000244140625,212.24000549316406,208.3699951171875,211.2100067138672,36827600.0,210.6942901611328,0.0
AAPL,2025-04-30,209.3000030517578,213.5800018310547,206.6699981689453,212.5,52286500.0,211.9811248779297,0.0
AAPL,2025-05-01,209.0800018310547,214.55999755859375,208.89999389648438,213.32000732421875,57365700.0,212.79913330078125,0.0
AAPL,2025-05-02,206.08999633789062,206.99000549316406,202.16000366210938,205.35000610351562,101010600.0,204.8485870361328,0.0
AAPL,2025-05-05,203.10000610351562,204.10000610351562,198.2100067138672,198.88999938964844,69018500.0,198.40435791015625,0.0
AAPL,2025-05-06,198.2100067138672,200.64999389648438,197.02000427246094,198.50999450683594,51216500.0,198.02528381347656,0.0
AAPL,2025-05-07,199.1699981689453,199.44000244140625,193.25,196.25,68536700.0,195.7707977294922,0.0
AAPL,2025-05-08,197.72000122070312,200.0500030517578,194.67999267578125,197.49000549316406,50478900.0,197.00778198242188,0.0
AAPL,2025-05-09,199.0,200.5399932861328,197.5399932861328,198.52999877929688,36453900.0,198.0452423095703,0.0
AAPL,2025-05-12,210.97000122070312,211.27000427246094,206.75,210.7899932861328,63775800.0,210.55104064941406,0.26
AAPL,2025-05-13,210.42999267578125,213.39999389648438,209.0,212.92999267578125,51909300.0,212.68861389160156,0.0
AAPL,2025-05-14,212.42999267578125,213.94000244140625,210.5800018310547,212.3300018310547,49325800.0,212.08929443359375,0.0
AAPL,2025-05-15,210.9499969482422,212.9600067138672,209.5399932861328,211.4499969482422,45029500.0,211.21029663085938,0.0
AAPL,2025-05-16,212.36000061035156,212.57000732421875,209.77000427246094,211.25999450683594,54737900.0,211.0205078125,0.0
AAPL,2025-05-19,207.91000366210938,209.47999572753906,204.25999450683594,208.77999877929688,46140500.0,208.54331970214844,0.0
AAPL,2025-05-20,207.6699981689453,208.47000122070312,205.02999877929688,206.86000061035156,42496600.0,206.62550354003906,0.0
AAPL,2025-05-21,205.1699981689453,207.0399932861328,200.7100067138672,202.08999633789062,59211800.0,201.86090087890625,0.0
AAPL,2025-05-22,200.7100067138672,202.75,199.6999969482422,201.36000061035156,46742400.0,201.13172912597656,0.0
AAPL,2025-05-23,193.6699981689453,197.6999969482422,193.4600067138672,195.27000427246094,78432900.0,195.04864501953125,0.0
AAPL,2025-05-27,198.3000030517578,200.74000549316406,197.42999267578125,200.2100067138672,56288500.0,199.98304748535156,0.0
AAPL,2025-05-28,200.58999633789062,202.72999572753906,199.89999389648438,200.4199981689453,45339700.0,200.1927947998047,0.0
AAPL,2025-05-29,203.5800018310547,203.80999755859375,198.50999450683594,199.9499969482422,51396800.0,199.72332763671875,0.0
AAPL,2025-05-30,199.3699951171875,201.9600067138672,196.77999877929688,200.85000610351562,70819900.0,200.622314453125,0.0
AAPL,2025-06-02,200.27999877929688,202.1300048828125,200.1199951171875,201.6999969482422,35423300.0,201.47134399414062,0.0
AAPL,2025-06-03,201.35000610351562,203.77000427246094,200.9600067138672,203.27000427246094,46381600.0,203.03956604003906,0.0
AAPL,2025-06-04,202.91000366210938,206.24000549316406,202.10000610351562,202.82000732421875,43604000.0,202.590087890625,0.0
AAPL,2025-06-05,203.5,204.75,200.14999389648438,200.6300048828125,55126100.0,200.40257263183594,0.0
AAPL,2025-06-06,203.0,205.6999969482422,202.0500030517578,203.9199981689453,46607700.0,203.68882751464844,0.0
AAPL,2025-06-09,204.38999938964844,206.0,200.02000427246094,201.4499969482422,72862600.0,201.2216339111328,0.0
AAPL,2025-06-10,200.60000610351562,204.35000610351562,200.57000732421875,202.6699981689453,54672600.0,202.44024658203125,0.0
AAPL,2025-06-11,203.5,204.5,198.41000366210938,198.77999877929688,60989900.0,198.55465698242188,0.0
AAPL,2025-06-12,199.0800018310547,199.67999267578125,197.36000061035156,199.1999969482422,43904600.0,198.97418212890625,0.0
AAPL,2025-06-13,199.72999572753906,200.3699951171875,195.6999969482422,196.4499969482422,51447300.0,196.227294921875,0.0
AAPL,2025-06-16,197.3000030517578,198.69000244140625,196.55999755859375,198.4199981689453,43020700.0,198.195068359375,0.0
AAPL,2025-06-17,197.1999969482422,198.38999938964844,195.2100067138672,195.63999938964844,38856200.0,195.418212890625,0.0
AAPL,2025-06-18,195.94000244140625,197.57000732421875,195.07000732421875,196.5800018310547,45394700.0,196.35714721679688,0.0
AAPL,2025-06-20,198.24000549316406,201.6999969482422,196.86000061035156,201.0,96813500.0,200.7721405029297,0.0
AAPL,2025-06-23,201.6300048828125,202.3000030517578,198.9600067138672,201.5,55814300.0,201.27157592773438,0.0
AAPL,2025-06-24,202.58999633789062,203.44000244140625,200.1999969482422,200.3000030517578,54064000.0,200.07293701171875,0.0
AAPL,2025-06-25,201.4499969482422,203.6699981689453,200.6199951171875,201.55999755859375,39525700.0,201.33151245117188,0.0
AAPL,2025-06-26,201.42999267578125,202.63999938964844,199.4600067138672,201.0,50799100.0,200.7721405029297,0.0
AAPL,2025-06-27,201.88999938964844,203.22000122070312,200.0,201.0800018310547,73188600.0,200.85205078125,0.0
AAPL,2025-06-30,202.00999450683594,207.38999938964844,199.25999450683594,205.1699981689453,91912800.0,204.93740844726562,0.0
AAPL,2025-07-01,206.6699981689453,210.19000244140625,206.13999938964844,207.82000732421875,78788900.0,207.58441162109375,0.0
AAPL,2025-07-02,208.91000366210938,213.33999633789062,208.13999938964844,212.44000244140625,67941800.0,212.1991729736328,0.0
AAPL,2025-07-03,212.14999389648438,214.64999389648438,211.80999755859375,213.5500030517578,34955800.0,213.30792236328125,0.0
AAPL,2025-07-07,212.67999267578125,216.22999572753906,208.8000030517578,209.9499969482422,50229000.0,209.7119903564453,0.0
AAPL,2025-07-08,210.10000610351562,211.42999267578125,208.4499969482422,210.00999450683594,42848900.0,209.7719268798828,0.0
AAPL,2025-07-09,209.52999877929688,211.3300018310547,207.22000122070312,211.13999938964844,48749400.0,210.90065002441406,0.0
AAPL,2025-07-10,210.50999450683594,213.47999572753906,210.02999877929688,212.41000366210938,44443600.0,212.16920471191406,0.0
AAPL,2025-07-11,210.57000732421875,212.1300048828125,209.86000061035156,211.16000366210938,39765800.0,210.92062377929688,0.0
AAPL,2025-07-14,209.92999267578125,210.91000366210938,207.5399932861328,208.6199951171875,38840100.0,208.3834991455078,0.0
AAPL,2025-07-15,209.22000122070312,211.88999938964844,208.9199981689453,209.11000061035156,42296300.0,208.87295532226562,0.0
AAPL,2025-07-16,210.3000030517578,212.39999389648438,208.63999938964844,210.16000366210938,47490500.0,209.92176818847656,0.0
AAPL,2025-07-17,210.57000732421875,211.8000030517578,209.58999633789062,210.02000427246094,48068100.0,209.78192138671875,0.0
AAPL,2025-07-18,210.8699951171875,211.7899932861328,209.6999969482422,211.17999267578125,48974600.0,210.9405975341797,0.0
AAPL,2025-07-21,212.10000610351562,215.77999877929688,211.6300048828125,212.47999572753906,51377400.0,212.23912048339844,0.0
AAPL,2025-07-22,213.13999938964844,214.9499969482422,212.22999572753906,214.39999389648438,46404100.0,214.15695190429688,0.0
AAPL,2025-07-23,215.0,215.14999389648438,212.41000366210938,214.14999389648438,46989300.0,213.9072265625,0.0
AAPL,2025-07-24,213.89999389648438,215.69000244140625,213.52999877929688,213.75999450683594,46022600.0,213.51766967773438,0.0
AAPL,2025-07-25,214.6999969482422,215.24000549316406,213.39999389648438,213.8800048828125,40268800.0,213.63754272460938,0.0
AAPL,2025-07-28,214.02999877929688,214.85000610351562,213.05999755859375,214.0500030517578,37858000.0,213.80735778808594,0.0
AAPL,2025-07-29,214.17999267578125,214.80999755859375,210.82000732421875,211.27000427246094,51411700.0,211.03050231933594,0.0
AAPL,2025-07-30,211.89999389648438,212.38999938964844,207.72000122070312,209.0500030517578,45512500.0,208.81301879882812,0.0
AAPL,2025-07-31,208.49000549316406,209.83999633789062,207.16000366210938,207.57000732421875,80698400.0,207.33470153808594,0.0
AAPL,2025-08-01,210.8699951171875,213.5800018310547,201.5,202.3800048828125,104434500.0,202.1505889892578,0.0
AAPL,2025-08-04,204.50999450683594,207.8800048828125,201.67999267578125,203.35000610351562,75109300.0,203.11949157714844,0.0
AAPL,2025-08-05,203.39999389648438,205.33999633789062,202.16000366210938,202.9199981689453,44155100.0,202.68995666503906,0.0
AAPL,2025-08-06,205.6300048828125,215.3800048828125,205.58999633789062,213.25,108483100.0,213.0082550048828,0.0
AAPL,2025-08-07,218.8800048828125,220.85000610351562,216.5800018310547,220.02999877929688,90224800.0,219.7805633544922,0.0
AAPL,2025-08-08,220.8300018310547,231.0,219.25,229.35000610351562,113854000.0,229.0900115966797,0.0
AAPL,2025-08-11,227.9199981689453,229.55999755859375,224.75999450683594,227.17999267578125,61806100.0,227.17999267578125,0.26
AAPL,2025-08-12,228.00999450683594,230.8000030517578,227.07000732421875,229.64999389648438,55626200.0,229.64999389648438,0.0
AAPL,2025-08-13,231.07000732421875,235.0,230.42999267578125,233.3300018310547,69878500.0,233.3300018310547,0.0
AAPL,2025-08-14,234.05999755859375,235.1199951171875,230.85000610351562,232.77999877929688,51916300.0,232.77999877929688,0.0
AAPL,2025-08-15,234.0,234.27999877929688,229.33999633789062,231.58999633789062,56038700.0,231.58999633789062,0.0
AAPL,2025-08-18,231.6999969482422,233.1199951171875,230.11000061035156,230.88999938964844,37476200.0,230.88999938964844,0.0
AAPL,2025-08-19,231.27999877929688,232.8699951171875,229.35000610351562,230.55999755859375,39402600.0,230.55999755859375,0.0
AAPL,2025-08-20,229.97999572753906,230.47000122070312,225.77000427246094,226.00999450683594,42263900.0,226.00999450683594,0.0
AAPL,2025-08-21,226.27000427246094,226.52000427246094,223.77999877929688,224.89999389648438,30621200.0,224.89999389648438,0.0
AAPL,2025-08-22,226.1699981689453,229.08999633789062,225.41000366210938,227.75999450683594,42477800.0,227.75999450683594,0.0
AAPL,2025-08-25,226.47999572753906,229.3000030517578,226.22999572753906,227.16000366210938,30983100.0,227.16000366210938,0.0
AAPL,2025-08-26,226.8699951171875,229.49000549316406,224.69000244140625,229.30999755859375,54575100.0,229.30999755859375,0.0
AAPL,2025-08-27,228.61000061035156,230.89999389648438,228.25999450683594,230.49000549316406,31259500.0,230.49000549316406,0.0
AAPL,2025-08-28,230.82000732421875,233.41000366210938,229.33999633789062,232.55999755859375,38074700.0,232.55999755859375,0.0
AAPL,2025-08-29,232.50999450683594,233.3800048828125,231.3699951171875,232.13999938964844,39418400.0,232.13999938964844,0.0
AAPL,2025-09-02,229.25,230.85000610351562,226.97000122070312,229.72000122070312,44075600.0,229.72000122070312,0.0
AAPL,2025-09-03,237.2100067138672,238.85000610351562,234.36000061035156,238.47000122070312,66427800.0,238.47000122070312,0.0
AAPL,2025-09-04,238.4499969482422,239.89999389648438,236.74000549316406,239.77999877929688,47549400.0,239.77999877929688,0.0
AAPL,2025-09-05,240.0,241.32000732421875,238.49000549316406,239.69000244140625,54870400.0,239.69000244140625,0.0
AAPL,2025-09-08,239.3000030517578,240.14999389648438,236.33999633789062,237.8800048828125,48999500.0,237.8800048828125,0.0
AAPL,2025-09-09,237.0,238.77999877929688,233.36000061035156,234.35000610351562,66313900.0,234.35000610351562,0.0
AAPL,2025-09-10,232.19000244140625,232.4199981689453,225.9499969482422,226.7899932861328,83440800.0,226.7899932861328,0.0
AAPL,2025-09-11,226.8800048828125,230.4499969482422,226.64999389648438,230.02999877929688,50208600.0,230.02999877929688,0.0
AAPL,2025-09-12,229.22000122070312,234.50999450683594,229.02000427246094,234.07000732421875,55824200.0,234.07000732421875,0.0
AAPL,2025-09-16 16:00:01-04:00,237.17999267578125,241.22000122070312,236.32350158691406,238.14999389648438,61246555.0,238.14999389648438,0.0
AVGO,2025-03-17,188.0500030517578,196.72000122070312,187.5,194.5,26830600.0,193.4578857421875,0.0
AVGO,2025-03-18,190.44000244140625,192.88999938964844,186.89999389648438,188.6699981689453,24951000.0,187.65911865234375,0.0
AVGO,2025-03-19,189.33999633789062,198.27000427246094,186.89999389648438,195.57000732421875,37962700.0,194.52215576171875,0.0
AVGO,2025-03-20,191.52000427246094,193.83999633789062,188.94000244140625,190.5399932861328,31430000.0,190.0925750732422,0.59
AVGO,2025-03-21,188.2100067138672,192.07000732421875,187.3699951171875,191.66000366210938,43086500.0,191.20994567871094,0.0
AVGO,2025-03-24,194.3000030517578,196.69000244140625,190.6699981689453,191.25,33180300.0,190.8009033203125,0.0
AVGO,2025-03-25,190.88999938964844,191.60000610351562,187.67999267578125,188.25999450683594,23417300.0,187.81793212890625,0.0
AVGO,2025-03-26,186.66000366210938,188.05999755859375,177.5800018310547,179.27000427246094,30578500.0,178.8490447998047,0.0
AVGO,2025-03-27,177.66000366210938,178.3800048828125,170.4600067138672,171.99000549316406,32151700.0,171.5861358642578,0.0
AVGO,2025-03-28,171.92999267578125,173.3000030517578,166.47000122070312,169.1199951171875,30391500.0,168.72286987304688,0.0
AVGO,2025-03-31,164.49000549316406,167.94000244140625,160.6199951171875,167.42999267578125,35656400.0,167.03683471679688,0.0
AVGO,2025-04-01,166.3699951171875,168.7100067138672,163.4199981689453,168.52000427246094,20472400.0,168.12428283691406,0.0
AVGO,2025-04-02,166.0800018310547,173.42999267578125,165.5,172.08999633789062,19523700.0,171.68589782714844,0.0
AVGO,2025-04-03,160.5399932861328,163.42999267578125,153.6999969482422,154.00999450683594,44354900.0,153.64834594726562,0.0
AVGO,2025-04-04,148.1699981689453,152.8000030517578,139.1699981689453,146.2899932861328,72302200.0,145.94647216796875,0.0
AVGO,2025-04-07,144.49000549316406,160.42999267578125,138.10000610351562,154.13999938964844,68503500.0,153.77804565429688,0.0
AVGO,2025-04-08,167.6199951171875,169.77999877929688,153.08999633789062,156.02999877929688,58888200.0,155.66360473632812,0.0
AVGO,2025-04-09,160.5,187.3300018310547,157.50999450683594,185.14999389648438,72708300.0,184.71522521972656,0.0
AVGO,2025-04-10,175.3000030517578,176.9499969482422,166.39999389648438,172.3000030517578,51212200.0,171.89541625976562,0.0
AVGO,2025-04-11,173.6199951171875,182.66000366210938,173.30999755859375,181.94000244140625,33964100.0,181.5127716064453,0.0
AVGO,2025-04-14,185.0800018310547,186.0,175.82000732421875,178.36000061035156,25748300.0,177.94117736816406,0.0
AVGO,2025-04-15,179.72999572753906,182.25999450683594,178.0800018310547,178.9499969482422,17242400.0,178.52978515625,0.0
AVGO,2025-04-16,170.42999267578125,176.0800018310547,166.9199981689453,174.61000061035156,34638600.0,174.19998168945312,0.0
AVGO,2025-04-17,176.25,176.25,169.9199981689453,170.99000549316406,22501800.0,170.58848571777344,0.0
AVGO,2025-04-21,166.99000549316406,168.0,161.61000061035156,166.2100067138672,23469800.0,165.81971740722656,0.0
AVGO,2025-04-22,167.42999267578125,170.52000427246094,165.22000122070312,169.5800018310547,18504900.0,169.18179321289062,0.0
AVGO,2025-04-23,177.77999877929688,180.4499969482422,175.82000732421875,176.91000366210938,24380500.0,176.4945831298828,0.0
AVGO,2025-04-24,179.69000244140625,188.57000732421875,178.3000030517578,188.14999389648438,27576900.0,187.7081756591797,0.0
AVGO,2025-04-25,186.9199981689453,193.3699951171875,186.88999938964844,192.30999755859375,21242300.0,191.85841369628906,0.0
AVGO,2025-04-28,190.52999877929688,193.10000610351562,187.67999267578125,192.47000122070312,16385800.0,192.01805114746094,0.0
AVGO,2025-04-29,191.72000122070312,193.25,190.10000610351562,191.1699981689453,14630000.0,190.72109985351562,0.0
AVGO,2025-04-30,185.89999389648438,193.1999969482422,184.02000427246094,192.47000122070312,22768900.0,192.01805114746094,0.0
AVGO,2025-05-01,198.13999938964844,201.39999389648438,196.24000549316406,197.3300018310547,24939700.0,196.86663818359375,0.0
AVGO,2025-05-02,203.89999389648438,205.67999267578125,201.0800018310547,203.63999938964844,17766800.0,203.1618194580078,0.0
AVGO,2025-05-05,200.25,203.22999572753906,200.0,200.72000122070312,14025400.0,200.24867248535156,0.0
AVGO,2025-05-06,196.44000244140625,201.91000366210938,195.94000244140625,200.08999633789062,16348800.0,199.62014770507812,0.0
AVGO,2025-05-07,199.2899932861328,206.22999572753906,198.42999267578125,204.80999755859375,20253700.0,204.32907104492188,0.0
AVGO,2025-05-08,208.0,211.16000366210938,203.69000244140625,207.77000427246094,18460900.0,207.28211975097656,0.0
AVGO,2025-05-09,209.3300018310547,209.9600067138672,206.52000427246094,208.1999969482422,13289200.0,207.7111053466797,0.0
AVGO,2025-05-12,219.49000549316406,221.8000030517578,215.8800048828125,221.5800018310547,25437700.0,221.0596923828125,0.0
AVGO,2025-05-13,222.0,235.27999877929688,222.0,232.4199981689453,28790500.0,231.87423706054688,0.0
AVGO,2025-05-14,230.22999572753906,233.5,228.35000610351562,232.1199951171875,19751400.0,231.57493591308594,0.0
AVGO,2025-05-15,230.16000366210938,234.4600067138672,228.07000732421875,232.63999938964844,18803700.0,232.09371948242188,0.0
AVGO,2025-05-16,232.32000732421875,232.63999938964844,226.38999938964844,228.61000061035156,23094600.0,228.07318115234375,0.0
AVGO,2025-05-19,221.85000610351562,231.25,221.60000610351562,230.6300048828125,15355500.0,230.08843994140625,0.0
AVGO,2025-05-20,226.49000549316406,231.77000427246094,226.33999633789062,231.67999267578125,11787200.0,231.13597106933594,0.0
AVGO,2025-05-21,228.38999938964844,236.5,227.8300018310547,229.72999572753906,17642900.0,229.1905517578125,0.0
AVGO,2025-05-22,228.33999633789062,233.69000244140625,227.42999267578125,230.52999877929688,14340200.0,229.98867797851562,0.0
AVGO,2025-05-23,226.94000244140625,230.64999389648438,226.17999267578125,228.72000122070312,15385600.0,228.18292236328125,0.0
AVGO,2025-05-27,232.8699951171875,236.47999572753906,231.1300048828125,235.64999389648438,17941700.0,235.09664916992188,0.0
AVGO,2025-05-28,237.14999389648438,240.99000549316406,234.42999267578125,239.42999267578125,20443000.0,238.86776733398438,0.0
AVGO,2025-05-29,245.91000366210938,246.07000732421875,237.39999389648438,241.97000122070312,20743700.0,241.4018096923828,0.0
AVGO,2025-05-30,241.22000122070312,243.1699981689453,234.89999389648438,242.07000732421875,27088600.0,241.5015869140625,0.0
AVGO,2025-06-02,243.25,250.0,243.19000244140625,248.7100067138672,19197000.0,248.12599182128906,0.0
AVGO,2025-06-03,250.0800018310547,257.8800048828125,249.39999389648438,256.8500061035156,30380200.0,256.24688720703125,0.0
AVGO,2025-06-04,258.05999755859375,265.42999267578125,257.5899963378906,261.0799865722656,31536000.0,260.4669189453125,0.0
AVGO,2025-06-05,262.95001220703125,264.8900146484375,259.05999755859375,259.92999267578125,41970900.0,259.31964111328125,0.0
AVGO,2025-06-06,251.13999938964844,255.32000732421875,246.1300048828125,246.92999267578125,41146700.0,246.35015869140625,0.0
AVGO,2025-06-09,245.0500030517578,248.1699981689453,241.11000061035156,244.27999877929688,25334100.0,243.70639038085938,0.0
AVGO,2025-06-10,244.22000122070312,246.27999877929688,241.39999389648438,244.6300048828125,25491300.0,244.05557250976562,0.0
AVGO,2025-06-11,246.36000061035156,254.77000427246094,243.8000030517578,252.91000366210938,24599000.0,252.31613159179688,0.0
AVGO,2025-06-12,250.19000244140625,257.8900146484375,249.5,256.07000732421875,20410900.0,255.4687042236328,0.0
AVGO,2025-06-13,250.66000366210938,254.0,248.35000610351562,248.6999969482422,19028400.0,248.11599731445312,0.0
AVGO,2025-06-16,250.35000610351562,255.19000244140625,249.57000732421875,252.10000610351562,20363000.0,251.50802612304688,0.0
AVGO,2025-06-17,250.9499969482422,253.9600067138672,247.9199981689453,249.3699951171875,22014300.0,248.784423828125,0.0
AVGO,2025-06-18,250.88999938964844,255.63999938964844,249.41000366210938,251.25999450683594,30435500.0,250.66998291015625,0.0
AVGO,2025-06-20,253.2100067138672,253.52000427246094,244.1699981689453,249.99000549316406,42134900.0,249.99000549316406,0.59
AVGO,2025-06-23,249.11000061035156,254.2100067138672,246.4600067138672,253.77000427246094,19747000.0,253.77000427246094,0.0
AVGO,2025-06-24,258.7699890136719,265.8699951171875,258.7699890136719,263.7699890136719,32764900.0,263.7699890136719,0.0
AVGO,2025-06-25,266.0,269.8699951171875,263.42999267578125,264.6499938964844,18894200.0,264.6499938964844,0.0
AVGO,2025-06-26,265.0799865722656,271.6700134277344,264.1300048828125,270.1700134277344,23569600.0,270.1700134277344,0.0
AVGO,2025-06-27,270.29998779296875,271.8500061035156,266.8800048828125,269.3500061035156,27477600.0,269.3500061035156,0.0
AVGO,2025-06-30,274.7300109863281,277.7099914550781,272.1300048828125,275.6499938964844,24708400.0,275.6499938964844,0.0
AVGO,2025-07-01,274.3999938964844,274.5,262.6600036621094,264.739990234375,28847600.0,264.739990234375,0.0
AVGO,2025-07-02,263.989990234375,272.0,262.7300109863281,269.8999938964844,17582100.0,269.8999938964844,0.0
AVGO,2025-07-03,270.7300109863281,275.79998779296875,270.1199951171875,275.17999267578125,10592700.0,275.17999267578125,0.0
AVGO,2025-07-07,275.1300048828125,277.55999755859375,272.6600036621094,274.17999267578125,16760600.0,274.17999267578125,0.0
AVGO,2025-07-08,276.3500061035156,276.3500061035156,271.1499938964844,271.79998779296875,14869400.0,271.79998779296875,0.0
AVGO,2025-07-09,272.9599914550781,279.45001220703125,272.7200012207031,277.8999938964844,20133000.0,277.8999938964844,0.0
AVGO,2025-07-10,279.7900085449219,281.17999267578125,272.70001220703125,275.3999938964844,17891600.0,275.3999938964844,0.0
AVGO,2025-07-11,274.1400146484375,276.4700012207031,271.8900146484375,274.3800048828125,14274700.0,274.3800048828125,0.0
AVGO,2025-07-14,274.1300048828125,278.3599853515625,269.5799865722656,275.6000061035156,11934200.0,275.6000061035156,0.0
AVGO,2025-07-15,279.80999755859375,283.3599853515625,277.8500061035156,280.94000244140625,17918400.0,280.94000244140625,0.0
AVGO,2025-07-16,280.1099853515625,281.510009765625,275.6700134277344,280.80999755859375,15031000.0,280.80999755859375,0.0
AVGO,2025-07-17,281.1400146484375,288.2799987792969,279.9100036621094,286.45001220703125,17231100.0,286.45001220703125,0.0
AVGO,2025-07-18,287.1099853515625,287.5299987792969,281.0,283.3399963378906,15012400.0,283.3399963378906,0.0
AVGO,2025-07-21,283.9599914550781,290.5400085449219,283.6300048828125,288.2099914550781,17726800.0,288.2099914550781,0.0
AVGO,2025-07-22,287.6499938964844,288.0,276.42999267578125,278.5899963378906,16564800.0,278.5899963378906,0.0
AVGO,2025-07-23,276.7799987792969,284.0,273.0,283.69000244140625,20556200.0,283.69000244140625,0.0
AVGO,2025-07-24,289.7900085449219,291.20001220703125,283.5,288.7099914550781,16413800.0,288.7099914550781,0.0
AVGO,2025-07-25,288.07000732421875,292.5899963378906,287.2699890136719,290.17999267578125,12476200.0,290.17999267578125,0.0
AVGO,2025-07-28,292.4599914550781,295.45001220703125,290.5899963378906,294.29998779296875,13683400.0,294.29998779296875,0.0
AVGO,2025-07-29,297.5,302.19000244140625,294.8699951171875,297.4200134277344,19210800.0,297.4200134277344,0.0
AVGO,2025-07-30,297.1499938964844,303.260009765625,295.79998779296875,302.6199951171875,16738900.0,302.6199951171875,0.0
AVGO,2025-07-31,302.79998779296875,306.95001220703125,290.2300109863281,293.70001220703125,25488500.0,293.70001220703125,0.0
AVGO,2025-08-01,286.5400085449219,292.6400146484375,281.6099853515625,288.6400146484375,21428100.0,288.6400146484375,0.0
AVGO,2025-08-04,292.20001220703125,298.4800109863281,291.3999938964844,297.7200012207031,17164600.0,297.7200012207031,0.0
AVGO,2025-08-05,297.80999755859375,301.20001220703125,291.45001220703125,292.92999267578125,18477500.0,292.92999267578125,0.0
AVGO,2025-08-06,292.8999938964844,302.80999755859375,291.8999938964844,301.6700134277344,17392100.0,301.6700134277344,0.0
AVGO,2025-08-07,306.1700134277344,310.3399963378906,299.8800048828125,303.760009765625,16319400.0,303.760009765625,0.0
AVGO,2025-08-08,304.04998779296875,307.8699951171875,302.54998779296875,304.9700012207031,12458700.0,304.9700012207031,0.0
AVGO,2025-08-11,305.04998779296875,308.30999755859375,301.2900085449219,303.8999938964844,12396400.0,303.8999938964844,0.0
AVGO,2025-08-12,306.6300048828125,313.44000244140625,304.6700134277344,312.8299865722656,17609600.0,312.8299865722656,0.0
AVGO,2025-08-13,316.75,317.3500061035156,304.75,309.0899963378906,17371200.0,309.0899963378906,0.0
AVGO,2025-08-14,307.010009765625,314.1700134277344,307.0,311.2300109863281,15717600.0,311.2300109863281,0.0
AVGO,2025-08-15,311.0299987792969,311.5,299.760009765625,306.3399963378906,22806900.0,306.3399963378906,0.0
AVGO,2025-08-18,302.70001220703125,306.1700134277344,299.0,305.760009765625,14724700.0,305.760009765625,0.0
AVGO,2025-08-19,302.4200134277344,302.8999938964844,292.3900146484375,294.9100036621094,20149600.0,294.9100036621094,0.0
AVGO,2025-08-20,295.4599914550781,295.489990234375,281.8699951171875,291.1700134277344,23600500.0,291.1700134277344,0.0
AVGO,2025-08-21,290.05999755859375,292.3900146484375,286.1700134277344,289.6000061035156,14946300.0,289.6000061035156,0.0
AVGO,2025-08-22,291.75,300.0899963378906,289.010009765625,294.0,16301300.0,294.0,0.0
AVGO,2025-08-25,292.80999755859375,298.3999938964844,291.7099914550781,294.2300109863281,15124700.0,294.2300109863281,0.0
AVGO,2025-08-26,294.3500061035156,300.25,293.989990234375,298.010009765625,25689100.0,298.010009765625,0.0
AVGO,2025-08-27,297.5299987792969,301.17999267578125,293.7799987792969,300.25,13830300.0,300.25,0.0
AVGO,2025-08-28,302.92999267578125,311.0,302.3299865722656,308.6499938964844,18907100.0,308.6499938964844,0.0
AVGO,2025-08-29,307.010009765625,307.010009765625,293.6600036621094,297.3900146484375,21610700.0,297.3900146484375,0.0
AVGO,2025-09-02,289.3399963378906,298.7099914550781,287.1700134277344,298.239990234375,19693000.0,298.239990234375,0.0
AVGO,2025-09-03,302.2900085449219,304.45001220703125,296.3999938964844,302.3900146484375,18529400.0,302.3900146484375,0.0
AVGO,2025-09-04,305.05999755859375,308.7799987792969,302.25,306.1000061035156,31220800.0,306.1000061035156,0.0
AVGO,2025-09-05,355.7799987792969,356.3399963378906,331.4200134277344,334.8900146484375,78401600.0,334.8900146484375,0.0
AVGO,2025-09-08,342.75,354.1700134277344,341.25,345.6499938964844,43535600.0,345.6499938964844,0.0
AVGO,2025-09-09,349.54998779296875,350.9800109863281,335.8299865722656,336.6700134277344,26972300.0,336.6700134277344,0.0
AVGO,2025-09-10,351.5199890136719,372.9700012207031,350.54998779296875,369.57000732421875,51086800.0,369.57000732421875,0.0
AVGO,2025-09-11,371.17999267578125,374.2300109863281,358.760009765625,359.6300048828125,29430900.0,359.6300048828125,0.0
AVGO,2025-09-12,362.9100036621094,364.3900146484375,357.1600036621094,359.8699951171875,31931500.0,359.8699951171875,0.0
AVGO,2025-09-15,359.8699951171875,365.5,356.3399963378906,364.0899963378906,21772600.0,364.0899963378906,0.0
AVGO,2025-09-16 16:00:01-04:00,365.42498779296875,365.69000244140625,356.989990234375,360.0,20223958.0,360.0,0.0
TSM,2025-03-17,173.9499969482422,177.16000366210938,173.82000732421875,176.24000549316406,9678100.0,174.91641235351562,0.0
TSM,2025-03-18,174.3800048828125,174.5800018310547,170.42999267578125,173.1300048828125,9986000.0,172.499267578125,0.684
TSM,2025-03-19,173.0,175.72999572753906,171.74000549316406,173.75999450683594,10678500.0,173.126953125,0.0
TSM,2025-03-20,174.85000610351562,178.6699981689453,174.5500030517578,177.47000122070312,12209700.0,176.82345581054688,0.0
TSM,2025-03-21,174.91000366210938,177.1999969482422,173.7899932861328,176.72999572753906,9993200.0,176.0861358642578,0.0
TSM,2025-03-24,179.99000549316406,182.92999267578125,179.67999267578125,181.16000366210938,11440000.0,180.50001525878906,0.0
TSM,2025-03-25,182.47000122070312,182.50999450683594,179.8000030517578,180.89999389648438,8718800.0,180.24095153808594,0.0
TSM,2025-03-26,179.22999572753906,179.5500030517578,171.47000122070312,173.5,14612400.0,172.867919921875,0.0
TSM,2025-03-27,171.38999938964844,171.61000061035156,167.5500030517578,168.24000549316406,17559100.0,167.6270751953125,0.0
TSM,2025-03-28,168.0399932861328,168.6300048828125,164.05999755859375,165.25,16332000.0,164.64796447753906,0.0
TSM,2025-03-31,160.36000061035156,166.1300048828125,159.72999572753906,166.0,19408300.0,165.39523315429688,0.0
TSM,2025-04-01,166.38999938964844,168.8699951171875,165.05999755859375,168.63999938964844,9180000.0,168.02561950683594,0.0
TSM,2025-04-02,166.85000610351562,171.75,166.35000610351562,170.38999938964844,10072700.0,169.7692413330078,0.0
TSM,2025-04-03,160.05999755859375,161.8000030517578,157.2100067138672,157.3800048828125,28370500.0,156.806640625,0.0
TSM,2025-04-04,150.88999938964844,151.30999755859375,144.83999633789062,146.8000030517578,36085100.0,146.2651824951172,0.0
TSM,2025-04-07,134.50999450683594,153.75,134.25,146.1699981689453,46388300.0,145.63748168945312,0.0
TSM,2025-04-08,151.97999572753906,152.61000061035156,138.97999572753906,141.3699951171875,30479700.0,140.85496520996094,0.0
TSM,2025-04-09,140.1999969482422,160.6199951171875,137.89999389648438,158.75,45612500.0,158.17164611816406,0.0
TSM,2025-04-10,155.5,156.0,146.91000366210938,151.1300048828125,24503500.0,150.5794219970703,0.0
TSM,2025-04-11,156.0,158.00999450683594,153.25,157.0800018310547,19632200.0,156.5077362060547,0.0
TSM,2025-04-14,158.3000030517578,158.58999633789062,154.02999877929688,155.83999633789062,17509400.0,155.27224731445312,0.0
TSM,2025-04-15,156.49000549316406,158.25,156.0500030517578,157.3300018310547,14306600.0,156.75682067871094,0.0
TSM,2025-04-16,150.60000610351562,153.5399932861328,148.49000549316406,151.6699981689453,23806100.0,151.11744689941406,0.0
TSM,2025-04-17,156.0500030517578,157.5,151.4499969482422,151.74000549316406,27239900.0,151.18719482421875,0.0
TSM,2025-04-21,149.99000549316406,150.27999877929688,145.83999633789062,147.86000061035156,15170500.0,147.32131958007812,0.0
TSM,2025-04-22,148.0,152.60000610351562,147.44000244140625,151.39999389648438,12668600.0,150.84841918945312,0.0
TSM,2025-04-23,159.3699951171875,160.3800048828125,156.0,157.80999755859375,17667900.0,157.23507690429688,0.0
TSM,2025-04-24,157.77999877929688,164.5500030517578,157.38999938964844,164.17999267578125,18761100.0,163.5818634033203,0.0
TSM,2025-04-25,163.92999267578125,165.91000366210938,161.16000366210938,165.10000610351562,14654800.0,164.49851989746094,0.0
TSM,2025-04-28,165.0,165.32000732421875,160.5,163.39999389648438,11415600.0,162.80470275878906,0.0
TSM,2025-04-29,164.3800048828125,166.0,163.5,164.47999572753906,9830100.0,163.88076782226562,0.0
TSM,2025-04-30,163.5399932861328,166.9199981689453,161.75,166.69000244140625,10073000.0,166.0827178955078,0.0
TSM,2025-05-01,172.8000030517578,174.77999877929688,170.9499969482422,172.72000122070312,22670600.0,172.09075927734375,0.0
TSM,2025-05-02,179.8000030517578,180.64999389648438,177.13999938964844,179.27999877929688,21691200.0,178.62684631347656,0.0
TSM,2025-05-05,179.0,180.0800018310547,176.25,176.39999389648438,14618900.0,175.75733947753906,0.0
TSM,2025-05-06,172.60000610351562,174.74000549316406,170.58999633789062,172.27999877929688,14565600.0,171.65235900878906,0.0
TSM,2025-05-07,174.10000610351562,175.97999572753906,171.3699951171875,174.5399932861328,9682500.0,173.90411376953125,0.0
TSM,2025-05-08,175.33999633789062,177.4499969482422,173.66000366210938,175.22000122070312,10343000.0,174.58164978027344,0.0
TSM,2025-05-09,179.8000030517578,180.4600067138672,176.47000122070312,176.52000427246094,11582800.0,175.8769073486328,0.0
TSM,2025-05-12,187.27999877929688,189.1699981689453,184.61000061035156,186.97999572753906,22064900.0,186.29879760742188,0.0
TSM,2025-05-13,187.72000122070312,194.27999877929688,187.72000122070312,193.99000549316406,19996000.0,193.28326416015625,0.0
TSM,2025-05-14,195.27999877929688,196.22000122070312,193.22999572753906,194.75999450683594,12359000.0,194.0504608154297,0.0
TSM,2025-05-15,193.10000610351562,194.49000549316406,191.6300048828125,194.22000122070312,10241800.0,193.51242065429688,0.0
TSM,2025-05-16,194.52999877929688,195.0800018310547,192.57000732421875,194.22000122070312,9146700.0,193.51242065429688,0.0
TSM,2025-05-19,189.0,193.5,188.80999755859375,193.5,10144400.0,192.7950439453125,0.0
TSM,2025-05-20,191.8000030517578,193.72999572753906,190.80999755859375,193.4499969482422,7054100.0,192.74522399902344,0.0
TSM,2025-05-21,193.10000610351562,195.27000427246094,190.52999877929688,191.75999450683594,7375700.0,191.06138610839844,0.0
TSM,2025-05-22,191.33999633789062,196.8300018310547,191.33999633789062,196.19000244140625,11825000.0,195.47525024414062,0.0
TSM,2025-05-23,192.02000427246094,192.8000030517578,190.02999877929688,191.97999572753906,9403100.0,191.28057861328125,0.0
TSM,2025-05-27,194.10000610351562,198.30999755859375,193.6999969482422,197.67999267578125,12228200.0,196.95980834960938,0.0
TSM,2025-05-28,196.08999633789062,198.07000732421875,195.47999572753906,196.13999938964844,17787600.0,195.42543029785156,0.0
TSM,2025-05-29,199.4600067138672,199.8000030517578,196.0800018310547,197.14999389648438,14609900.0,196.43174743652344,0.0
TSM,2025-05-30,195.77000427246094,195.91000366210938,190.55999755859375,193.32000732421875,11998300.0,192.61570739746094,0.0
TSM,2025-06-02,193.0399932861328,195.16000366210938,192.1999969482422,194.83999633789062,7447400.0,194.13015747070312,0.0
TSM,2025-06-03,194.35000610351562,198.1699981689453,193.63999938964844,197.61000061035156,9548300.0,196.89007568359375,0.0
TSM,2025-06-04,201.3800048828125,204.02999877929688,200.3800048828125,202.39999389648438,13531100.0,201.66261291503906,0.0
TSM,2025-06-05,204.8800048828125,205.75999450683594,202.27999877929688,203.33999633789062,12214300.0,202.5991973876953,0.0
TSM,2025-06-06,203.5800018310547,206.2899932861328,203.22999572753906,205.17999267578125,8532000.0,204.4324951171875,0.0
TSM,2025-06-09,206.39999389648438,209.27000427246094,205.8699951171875,207.0,11472300.0,206.24586486816406,0.0
TSM,2025-06-10,211.61000061035156,213.22999572753906,209.9600067138672,212.4600067138672,14514000.0,211.6859893798828,0.0
TSM,2025-06-11,215.0,217.42999267578125,212.9499969482422,214.10000610351562,13326400.0,213.32000732421875,0.0
TSM,2025-06-12,212.9199981689453,215.8800048828125,211.91000366210938,215.42999267578125,9796100.0,215.42999267578125,0.78
TSM,2025-06-13,210.11000061035156,213.25999450683594,209.39999389648438,211.10000610351562,10152500.0,211.10000610351562,0.0
TSM,2025-06-16,213.0,217.60000610351562,212.72999572753906,215.67999267578125,10932900.0,215.67999267578125,0.0
TSM,2025-06-17,213.88999938964844,215.94000244140625,213.5,213.89999389648438,8389700.0,213.89999389648438,0.0
TSM,2025-06-18,214.6999969482422,215.1699981689453,212.88999938964844,213.5,6932000.0,213.5,0.0
TSM,2025-06-20,215.1999969482422,215.5,208.14999389648438,209.50999450683594,16992000.0,209.50999450683594,0.0
TSM,2025-06-23,206.6300048828125,210.58999633789062,206.1999969482422,210.32000732421875,7535500.0,210.32000732421875,0.0
TSM,2025-06-24,214.38999938964844,220.3699951171875,213.8800048828125,220.08999633789062,14814700.0,220.08999633789062,0.0
TSM,2025-06-25,220.8000030517578,223.5,220.8000030517578,222.74000549316406,9168400.0,222.74000549316406,0.0
TSM,2025-06-26,224.97999572753906,225.22000122070312,222.6999969482422,224.00999450683594,7982200.0,224.00999450683594,0.0
TSM,2025-06-27,224.3000030517578,228.8800048828125,224.02999877929688,228.57000732421875,13133000.0,228.57000732421875,0.0
TSM,2025-06-30,227.44000244140625,228.14999389648438,224.8000030517578,226.49000549316406,9279800.0,226.49000549316406,0.0
TSM,2025-07-01,227.42999267578125,228.60000610351562,221.17999267578125,224.67999267578125,9990200.0,224.67999267578125,0.0
TSM,2025-07-02,224.47999572753906,233.82000732421875,224.0,233.60000610351562,12012500.0,233.60000610351562,0.0
TSM,2025-07-03,233.8699951171875,237.5800018310547,233.27000427246094,234.8000030517578,7779600.0,234.8000030517578,0.0
TSM,2025-07-07,231.6300048828125,232.5500030517578,227.44000244140625,229.1699981689453,13817500.0,229.1699981689453,0.0
TSM,2025-07-08,229.77999877929688,230.3300018310547,227.5399932861328,227.86000061035156,8854400.0,227.86000061035156,0.0
TSM,2025-07-09,230.4499969482422,233.27000427246094,230.24000549316406,231.83999633789062,9475300.0,231.83999633789062,0.0
TSM,2025-07-10,232.77999877929688,233.0500030517578,227.77000427246094,229.75999450683594,13124700.0,229.75999450683594,0.0
TSM,2025-07-11,231.0,232.27000427246094,229.39999389648438,230.39999389648438,8817800.0,230.39999389648438,0.0
TSM,2025-07-14,229.3300018310547,229.85000610351562,226.30999755859375,228.6699981689453,10673500.0,228.6699981689453,0.0
TSM,2025-07-15,234.4600067138672,237.7100067138672,233.85000610351562,236.9499969482422,14270100.0,236.9499969482422,0.0
TSM,2025-07-16,236.39999389648438,238.30999755859375,234.14999389648438,237.55999755859375,15092800.0,237.55999755859375,0.0
TSM,2025-07-17,245.7899932861328,248.27999877929688,241.38999938964844,245.60000610351562,27395700.0,245.60000610351562,0.0
TSM,2025-07-18,245.30999755859375,245.97000122070312,238.69000244140625,240.39999389648438,16252000.0,240.39999389648438,0.0
TSM,2025-07-21,240.1199951171875,242.33999633789062,238.7100067138672,238.85000610351562,11971800.0,238.85000610351562,0.0
TSM,2025-07-22,237.8300018310547,238.0,231.75999450683594,234.60000610351562,11919500.0,234.60000610351562,0.0
TSM,2025-07-23,238.52000427246094,240.5,236.3800048828125,240.3300018310547,9885400.0,240.3300018310547,0.0
TSM,2025-07-24,240.2100067138672,241.9499969482422,238.02999877929688,241.60000610351562,9081900.0,241.60000610351562,0.0
TSM,2025-07-25,241.32000732421875,246.24000549316406,240.94000244140625,245.60000610351562,11593400.0,245.60000610351562,0.0
TSM,2025-07-28,243.0,243.9499969482422,241.0500030517578,242.75,11892200.0,242.75,0.0
TSM,2025-07-29,241.5,243.97000122070312,239.82000732421875,241.3300018310547,9411500.0,241.3300018310547,0.0
TSM,2025-07-30,242.1199951171875,244.57000732421875,241.22000122070312,242.91000366210938,6823800.0,242.91000366210938,0.0
TSM,2025-07-31,245.97999572753906,247.41000366210938,239.8000030517578,241.6199951171875,13490700.0,241.6199951171875,0.0
TSM,2025-08-01,235.6199951171875,237.19000244140625,231.83999633789062,235.2100067138672,13549800.0,235.2100067138672,0.0
TSM,2025-08-04,237.91000366210938,239.0,236.38999938964844,239.0,6450700.0,239.0,0.0
TSM,2025-08-05,238.3300018310547,238.6300048828125,230.1699981689453,232.47000122070312,11868900.0,232.47000122070312,0.0
TSM,2025-08-06,231.02999877929688,232.1999969482422,228.82000732421875,231.3699951171875,9457200.0,231.3699951171875,0.0
TSM,2025-08-07,244.47000122070312,247.83999633789062,240.8000030517578,242.6199951171875,17691000.0,242.6199951171875,0.0
TSM,2025-08-08,243.16000366210938,243.16000366210938,238.97000122070312,241.8300018310547,10552500.0,241.8300018310547,0.0
TSM,2025-08-11,242.0399932861328,245.35000610351562,241.5399932861328,242.08999633789062,8272900.0,242.08999633789062,0.0
TSM,2025-08-12,243.72000122070312,244.77000427246094,241.6999969482422,244.2899932861328,7295800.0,244.2899932861328,0.0
TSM,2025-08-13,246.42999267578125,246.42999267578125,239.94000244140625,241.44000244140625,7971900.0,241.44000244140625,0.0
TSM,2025-08-14,237.97000122070312,241.3800048828125,236.82000732421875,241.0,11040500.0,241.0,0.0
TSM,2025-08-15,240.3300018310547,240.8000030517578,237.25999450683594,238.8800048828125,8155500.0,238.8800048828125,0.0
TSM,2025-08-18,239.99000549316406,242.86000061035156,239.99000549316406,241.41000366210938,6919800.0,241.41000366210938,0.0
TSM,2025-08-19,240.02000427246094,240.1699981689453,232.5800018310547,232.6999969482422,14594700.0,232.6999969482422,0.0
TSM,2025-08-20,228.13999938964844,229.02999877929688,223.6999969482422,228.60000610351562,17165200.0,228.60000610351562,0.0
TSM,2025-08-21,228.14999389648438,230.3300018310547,226.25999450683594,227.3300018310547,7449100.0,227.3300018310547,0.0
TSM,2025-08-22,228.0,234.4499969482422,226.1699981689453,232.99000549316406,10299500.0,232.99000549316406,0.0
TSM,2025-08-25,234.3000030517578,237.27999877929688,232.25,235.58999633789062,7655000.0,235.58999633789062,0.0
TSM,2025-08-26,236.3699951171875,238.8300018310547,235.72999572753906,238.72000122070312,9793100.0,238.72000122070312,0.0
TSM,2025-08-27,236.8699951171875,239.39999389648438,235.44000244140625,239.2899932861328,9516400.0,239.2899932861328,0.0
TSM,2025-08-28,236.3000030517578,240.66000366210938,236.0,238.27000427246094,8466200.0,238.27000427246094,0.0
TSM,2025-08-29,235.83999633789062,235.9499969482422,230.5800018310547,230.8699951171875,15526000.0,230.8699951171875,0.0
TSM,2025-09-02,226.14999389648438,229.33999633789062,225.6300048828125,228.38999938964844,13974900.0,228.38999938964844,0.0
TSM,2025-09-03,231.52000427246094,232.4499969482422,228.60000610351562,231.38999938964844,7198500.0,231.38999938964844,0.0
TSM,2025-09-04,231.35000610351562,235.30999755859375,230.3000030517578,235.2100067138672,6241900.0,235.2100067138672,0.0
TSM,2025-09-05,240.24000549316406,244.5500030517578,237.89999389648438,243.41000366210938,14056600.0,243.41000366210938,0.0
TSM,2025-09-08,241.99000549316406,247.8800048828125,241.6199951171875,247.19000244140625,12986600.0,247.19000244140625,0.0
TSM,2025-09-09,246.92999267578125,254.72999572753906,246.92999267578125,250.9199981689453,13443400.0,250.9199981689453,0.0
TSM,2025-09-10,258.8699951171875,264.5799865722656,257.75,260.44000244140625,18822400.0,260.44000244140625,0.0
TSM,2025-09-11,260.3500061035156,261.6400146484375,258.2300109863281,258.9100036621094,10005000.0,258.9100036621094,0.0
TSM,2025-09-12,260.8500061035156,260.95001220703125,258.3800048828125,259.3299865722656,8496600.0,259.3299865722656,0.0
TSM,2025-09-15,260.0,262.79998779296875,258.75,261.3800048828125,8136400.0,261.3800048828125,0.0
TSM,2025-09-16 16:00:02-04:00,265.9200134277344,266.43829345703125,260.6099853515625,262.05999755859375,9861601.0,262.05999755859375,0.0
ORCL,2025-03-17,150.39999389648438,155.75,150.39999389648438,154.00999450683594,9885000.0,153.1333465576172,0.0
ORCL,2025-03-18,152.3699951171875,152.4199981689453,148.6300048828125,149.4499969482422,9402500.0,148.59930419921875,0.0
ORCL,2025-03-19,150.05999755859375,154.07000732421875,150.0,152.4499969482422,6909500.0,151.58221435546875,0.0
ORCL,2025-03-20,151.5800018310547,154.49000549316406,150.82000732421875,152.72000122070312,7051600.0,151.85069274902344,0.0
ORCL,2025-03-21,151.64999389648438,153.83999633789062,150.11000061035156,152.22999572753906,17620200.0,151.3634796142578,0.0
ORCL,2025-03-24,156.33999633789062,156.60000610351562,154.02999877929688,154.8699951171875,7848300.0,153.9884490966797,0.0
ORCL,2025-03-25,154.50999450683594,155.60000610351562,153.0500030517578,153.92999267578125,8521200.0,153.05380249023438,0.0
ORCL,2025-03-26,152.88999938964844,153.02999877929688,146.55999755859375,147.8000030517578,13210000.0,146.95870971679688,0.0
ORCL,2025-03-27,145.85000610351562,147.0399932861328,144.9199981689453,145.77999877929688,9148300.0,144.9501953125,0.0
ORCL,2025-03-28,143.77999877929688,145.64999389648438,139.11000061035156,140.8699951171875,13144500.0,140.06814575195312,0.0
ORCL,2025-03-31,138.63999938964844,140.58999633789062,136.75999450683594,139.80999755859375,15509900.0,139.01417541503906,0.0
ORCL,2025-04-01,139.75999450683594,143.25,138.75999450683594,141.94000244140625,9518500.0,141.13206481933594,0.0
ORCL,2025-04-02,139.86000061035156,147.88999938964844,139.86000061035156,145.86000061035156,11594400.0,145.0297393798828,0.0
ORCL,2025-04-03,139.25,141.39999389648438,136.63999938964844,137.22999572753906,14433800.0,136.4488525390625,0.0
ORCL,2025-04-04,132.91000366210938,133.82000732421875,126.94999694824219,128.27000427246094,14986900.0,127.53987121582031,0.0
ORCL,2025-04-07,118.86000061035156,134.11000061035156,118.86000061035156,127.16000366210938,19482700.0,126.43618774414062,0.0
ORCL,2025-04-08,132.5399932861328,132.99000549316406,121.69999694824219,124.5,11950300.0,123.79132843017578,0.0
ORCL,2025-04-09,123.4000015258789,140.58999633789062,123.4000015258789,139.69000244140625,17762000.0,138.89486694335938,0.0
ORCL,2025-04-10,136.64999389648438,136.64999389648438,129.25999450683594,133.35000610351562,12401600.0,133.0672607421875,0.5
ORCL,2025-04-11,132.11000061035156,133.0,128.83999633789062,132.35000610351562,10190200.0,132.0693817138672,0.0
ORCL,2025-04-14,136.8000030517578,136.8000030517578,132.8699951171875,134.63999938964844,8217700.0,134.35450744628906,0.0
ORCL,2025-04-15,134.75999450683594,136.47999572753906,133.72000122070312,133.94000244140625,8630000.0,133.656005859375,0.0
ORCL,2025-04-16,132.27999877929688,132.5399932861328,127.8499984741211,129.75999450683594,8295200.0,129.48484802246094,0.0
ORCL,2025-04-17,130.89999389648438,131.3000030517578,128.44000244140625,128.6199951171875,8925500.0,128.34727478027344,0.0
ORCL,2025-04-21,126.88999938964844,127.19999694824219,121.23999786376953,122.81999969482422,12201200.0,122.55957794189453,0.0
ORCL,2025-04-22,124.5,127.98999786376953,123.38999938964844,127.23999786376953,11233700.0,126.97019958496094,0.0
ORCL,2025-04-23,134.91000366210938,135.8699951171875,130.99000549316406,131.39999389648438,9528900.0,131.1213836669922,0.0
ORCL,2025-04-24,132.50999450683594,137.86000061035156,132.0,137.50999450683594,7305900.0,137.21841430664062,0.0
ORCL,2025-04-25,137.49000549316406,139.0,136.75999450683594,138.49000549316406,5476400.0,138.19635009765625,0.0
ORCL,2025-04-28,139.64999389648438,140.6699981689453,138.0800018310547,140.13999938964844,6985100.0,139.8428497314453,0.0
ORCL,2025-04-29,139.80999755859375,141.16000366210938,139.5500030517578,140.7899932861328,4851500.0,140.49147033691406,0.0
ORCL,2025-04-30,138.47999572753906,141.3000030517578,135.57000732421875,140.72000122070312,9443500.0,140.42161560058594,0.0
ORCL,2025-05-01,146.55999755859375,148.63999938964844,145.33999633789062,145.49000549316406,11525800.0,145.1815185546875,0.0
ORCL,2025-05-02,148.3300018310547,153.05999755859375,148.3300018310547,150.72999572753906,11346000.0,150.41038513183594,0.0
ORCL,2025-05-05,149.44000244140625,150.82000732421875,148.52000427246094,149.2899932861328,5187400.0,148.97344970703125,0.0
ORCL,2025-05-06,146.97999572753906,148.94000244140625,145.72000122070312,147.6999969482422,5108600.0,147.38681030273438,0.0
ORCL,2025-05-07,147.5,149.89999389648438,147.24000549316406,149.3699951171875,6049600.0,149.0532684326172,0.0
ORCL,2025-05-08,149.0500030517578,151.80999755859375,148.61000061035156,150.3000030517578,6113600.0,149.98130798339844,0.0
ORCL,2025-05-09,150.0399932861328,151.8000030517578,149.7899932861328,150.33999633789062,4707100.0,150.02122497558594,0.0
ORCL,2025-05-12,156.30999755859375,157.42999267578125,154.4199981689453,157.22000122070312,7875500.0,156.8866424560547,0.0
ORCL,2025-05-13,158.22000122070312,163.22000122070312,157.57000732421875,162.27000427246094,11955200.0,161.92593383789062,0.0
ORCL,2025-05-14,162.36000061035156,163.41000366210938,161.05999755859375,162.9499969482422,7499400.0,162.60447692871094,0.0
ORCL,2025-05-15,161.36000061035156,161.74000549316406,158.91000366210938,159.39999389648438,10169200.0,159.06201171875,0.0
ORCL,2025-05-16,160.0,160.83999633789062,158.52000427246094,160.49000549316406,8515500.0,160.1497039794922,0.0
ORCL,2025-05-19,158.3000030517578,161.97000122070312,157.8300018310547,159.63999938964844,10268900.0,159.30149841308594,0.0
ORCL,2025-05-20,158.6300048828125,160.36000061035156,157.52999877929688,160.30999755859375,7576400.0,159.97007751464844,0.0
ORCL,2025-05-21,158.35000610351562,160.89999389648438,156.4600067138672,157.17999267578125,6011000.0,156.84671020507812,0.0
ORCL,2025-05-22,156.97999572753906,159.19000244140625,156.82000732421875,157.30999755859375,7603300.0,156.9764404296875,0.0
ORCL,2025-05-23,154.99000549316406,157.3800048828125,154.25999450683594,155.97000122070312,6527500.0,155.6392822265625,0.0
ORCL,2025-05-27,159.32000732421875,162.39999389648438,158.9199981689453,161.91000366210938,6976800.0,161.5666961669922,0.0
ORCL,2025-05-28,161.8699951171875,164.32000732421875,161.27999877929688,163.85000610351562,8090700.0,163.50257873535156,0.0
ORCL,2025-05-29,165.0,165.32000732421875,161.49000549316406,162.89999389648438,6994700.0,162.55458068847656,0.0
ORCL,2025-05-30,163.42999267578125,165.75,161.5500030517578,165.52999877929688,17547900.0,165.17901611328125,0.0
ORCL,2025-06-02,164.1699981689453,167.0,162.60000610351562,166.57000732421875,7166000.0,166.21681213378906,0.0
ORCL,2025-06-03,166.8000030517578,169.3300018310547,166.58999633789062,169.13999938964844,7155300.0,168.78135681152344,0.0
ORCL,2025-06-04,169.7100067138672,170.47999572753906,167.57000732421875,168.10000610351562,6375800.0,167.7435760498047,0.0
ORCL,2025-06-05,169.0,172.25999450683594,168.75999450683594,171.13999938964844,7707800.0,170.77711486816406,0.0
ORCL,2025-06-06,174.0,174.7899932861328,172.66000366210938,174.02000427246094,6833700.0,173.65101623535156,0.0
ORCL,2025-06-09,174.86000061035156,178.72000122070312,173.7899932861328,177.14999389648438,9668900.0,176.7743682861328,0.0
ORCL,2025-06-10,177.7100067138672,177.85000610351562,174.27999877929688,177.47999572753906,11056700.0,177.10366821289062,0.0
ORCL,2025-06-11,177.5500030517578,179.5500030517578,176.1999969482422,176.3800048828125,18002900.0,176.00601196289062,0.0
ORCL,2025-06-12,189.9600067138672,202.49000549316406,188.8800048828125,199.86000061035156,54610000.0,199.43621826171875,0.0
ORCL,2025-06-13,201.5800018310547,216.60000610351562,201.1999969482422,215.22000122070312,53707400.0,214.76365661621094,0.0
ORCL,2025-06-16,213.1999969482422,215.1699981689453,209.97999572753906,211.10000610351562,22665300.0,210.6523895263672,0.0
ORCL,2025-06-17,210.66000366210938,215.8800048828125,207.47999572753906,208.17999267578125,17819200.0,207.7385711669922,0.0
ORCL,2025-06-18,211.08999633789062,214.72000122070312,209.57000732421875,210.8699951171875,15055400.0,210.42286682128906,0.0
ORCL,2025-06-20,213.35000610351562,213.8000030517578,204.63999938964844,205.1699981689453,20879100.0,204.73495483398438,0.0
ORCL,2025-06-23,205.50999450683594,207.27000427246094,202.5399932861328,207.0399932861328,13418400.0,206.6009979248047,0.0
ORCL,2025-06-24,209.99000549316406,216.3699951171875,208.5500030517578,215.27000427246094,19030600.0,214.8135528564453,0.0
ORCL,2025-06-25,214.94000244140625,216.92999267578125,210.22999572753906,210.72000122070312,11804600.0,210.273193359375,0.0
ORCL,2025-06-26,212.0,214.4199981689453,210.36000061035156,212.82000732421875,10531100.0,212.36874389648438,0.0
ORCL,2025-06-27,213.69000244140625,214.64999389648438,209.9600067138672,210.24000549316406,14127500.0,209.79421997070312,0.0
ORCL,2025-06-30,226.5,228.22000122070312,218.3800048828125,218.6300048828125,31844200.0,218.1664276123047,0.0
ORCL,2025-07-01,219.3000030517578,223.1699981689453,216.30999755859375,218.9600067138672,16962200.0,218.4957275390625,0.0
ORCL,2025-07-02,217.67999267578125,231.89999389648438,216.72000122070312,229.97999572753906,22326900.0,229.4923553466797,0.0
ORCL,2025-07-03,233.22000122070312,237.99000549316406,231.1999969482422,237.32000732421875,18441400.0,236.81680297851562,0.0
ORCL,2025-07-07,235.11000061035156,235.25,229.5,232.25999450683594,16584300.0,231.76751708984375,0.0
ORCL,2025-07-08,237.1300048828125,241.44000244140625,233.19000244140625,234.5,20401800.0,234.00277709960938,0.0
ORCL,2025-07-09,235.50999450683594,236.50999450683594,232.0,235.80999755859375,10871600.0,235.30999755859375,0.0
ORCL,2025-07-10,239.94000244140625,240.05999755859375,233.5,235.0,11486300.0,235.0,0.5
ORCL,2025-07-11,231.3699951171875,234.0,229.8699951171875,230.55999755859375,10208200.0,230.55999755859375,0.0
ORCL,2025-07-14,229.4499969482422,230.63999938964844,225.1199951171875,229.27999877929688,11337000.0,229.27999877929688,0.0
ORCL,2025-07-15,232.41000366210938,235.60000610351562,229.1999969482422,234.9600067138672,10728800.0,234.9600067138672,0.0
ORCL,2025-07-16,235.5,241.3300018310547,233.19000244140625,241.3000030517578,12597500.0,241.3000030517578,0.0
ORCL,2025-07-17,243.33999633789062,251.60000610351562,242.00999450683594,248.75,17631300.0,248.75,0.0
ORCL,2025-07-18,248.5,249.67999267578125,245.0,245.4499969482422,9678100.0,245.4499969482422,0.0
ORCL,2025-07-21,245.30999755859375,246.8000030517578,243.24000549316406,243.5399932861328,7348400.0,243.5399932861328,0.0
ORCL,2025-07-22,241.97999572753906,242.2899932861328,235.41000366210938,238.11000061035156,11380900.0,238.11000061035156,0.0
ORCL,2025-07-23,239.9499969482422,243.4199981689453,238.66000366210938,241.89999389648438,7255800.0,241.89999389648438,0.0
ORCL,2025-07-24,242.41000366210938,244.0800018310547,240.55999755859375,242.8300018310547,8237900.0,242.8300018310547,0.0
ORCL,2025-07-25,242.33999633789062,245.47000122070312,241.42999267578125,245.1199951171875,7149600.0,245.1199951171875,0.0
ORCL,2025-07-28,246.0,247.77999877929688,243.4199981689453,247.7100067138672,6756800.0,247.7100067138672,0.0
ORCL,2025-07-29,248.6999969482422,253.07000732421875,246.58999633789062,249.97999572753906,8415300.0,249.97999572753906,0.0
ORCL,2025-07-30,248.63999938964844,251.0500030517578,245.60000610351562,250.60000610351562,8441400.0,250.60000610351562,0.0
ORCL,2025-07-31,255.77000427246094,260.8699951171875,253.32000732421875,253.77000427246094,15548700.0,253.77000427246094,0.0
ORCL,2025-08-01,247.8300018310547,248.41000366210938,242.0,244.4199981689453,12718200.0,244.4199981689453,0.0
ORCL,2025-08-04,245.89999389648438,252.91000366210938,245.89999389648438,252.52999877929688,8614800.0,252.52999877929688,0.0
ORCL,2025-08-05,255.41000366210938,258.489990234375,251.3699951171875,255.6699981689453,11197300.0,255.6699981689453,0.0
ORCL,2025-08-06,256.8399963378906,256.8399963378906,251.72000122070312,256.42999267578125,9930200.0,256.42999267578125,0.0
ORCL,2025-08-07,257.7099914550781,257.760009765625,246.52000427246094,249.38999938964844,11954200.0,249.38999938964844,0.0
ORCL,2025-08-08,250.02999877929688,250.88999938964844,247.86000061035156,250.0500030517578,8313300.0,250.0500030517578,0.0
ORCL,2025-08-11,248.39999389648438,254.69000244140625,245.55999755859375,252.67999267578125,9012100.0,252.67999267578125,0.0
ORCL,2025-08-12,252.5800018310547,257.8699951171875,251.0800018310547,253.86000061035156,9998400.0,253.86000061035156,0.0
ORCL,2025-08-13,257.1700134277344,257.6700134277344,242.63999938964844,244.17999267578125,14182100.0,244.17999267578125,0.0
ORCL,2025-08-14,244.9499969482422,248.9199981689453,242.57000732421875,244.9600067138672,10285600.0,244.9600067138672,0.0
ORCL,2025-08-15,246.9199981689453,250.6300048828125,242.92999267578125,248.27999877929688,11554000.0,248.27999877929688,0.0
ORCL,2025-08-18,246.1999969482422,249.16000366210938,243.6199951171875,249.07000732421875,6759900.0,249.07000732421875,0.0
ORCL,2025-08-19,249.25,249.25,232.22999572753906,234.6199951171875,16819300.0,234.6199951171875,0.0
ORCL,2025-08-20,232.17999267578125,235.8800048828125,228.25,235.05999755859375,11256400.0,235.05999755859375,0.0
ORCL,2025-08-21,233.0500030517578,235.9199981689453,232.42999267578125,233.16000366210938,7403100.0,233.16000366210938,0.0
ORCL,2025-08-22,234.05999755859375,238.5,231.4600067138672,236.3699951171875,9343600.0,236.3699951171875,0.0
ORCL,2025-08-25,237.35000610351562,239.02999877929688,235.27000427246094,235.41000366210938,6308600.0,235.41000366210938,0.0
ORCL,2025-08-26,235.0,236.91000366210938,232.7100067138672,234.2100067138672,11805200.0,234.2100067138672,0.0
ORCL,2025-08-27,235.0,236.52999877929688,232.67999267578125,235.80999755859375,5637600.0,235.80999755859375,0.0
ORCL,2025-08-28,235.5399932861328,241.9499969482422,235.1199951171875,240.32000732421875,8691500.0,240.32000732421875,0.0
ORCL,2025-08-29,237.61000061035156,238.22000122070312,223.11000061035156,226.1300048828125,16618600.0,226.1300048828125,0.0
ORCL,2025-09-02,222.0,225.4499969482422,218.7899932861328,225.3000030517578,10461900.0,225.3000030517578,0.0
ORCL,2025-09-03,225.89999389648438,225.89999389648438,221.75,223.4499969482422,8900800.0,223.4499969482422,0.0
ORCL,2025-09-04,222.0,223.57000732421875,219.55999755859375,223.0,10303100.0,223.0,0.0
ORCL,2025-09-05,232.5500030517578,234.6199951171875,225.88999938964844,232.8000030517578,15386100.0,232.8000030517578,0.0
ORCL,2025-09-08,239.88999938964844,242.4199981689453,235.30999755859375,238.47999572753906,18803000.0,238.47999572753906,0.0
ORCL,2025-09-09,239.94000244140625,243.49000549316406,234.55999755859375,241.50999450683594,41178700.0,241.50999450683594,0.0
ORCL,2025-09-10,319.19000244140625,345.7200012207031,312.0899963378906,328.3299865722656,131618100.0,328.3299865722656,0.0
ORCL,2025-09-11,330.3399963378906,331.0,304.6000061035156,307.8599853515625,69986000.0,307.8599853515625,0.0
ORCL,2025-09-12,305.7900085449219,307.9700012207031,291.75,292.17999267578125,51637100.0,292.17999267578125,0.0
ORCL,2025-09-16 16:00:02-04:00,314.05999755859375,319.9700012207031,302.27239990234375,306.6499938964844,51012885.0,306.6499938964844,0.0
PLTR,2025-03-17,88.44000244140625,88.81999969482422,84.5,87.3499984741211,99348900.0,87.3499984741211,0.0
PLTR,2025-03-18,85.77999877929688,86.16999816894531,81.80000305175781,83.88999938964844,93236500.0,83.88999938964844,0.0
PLTR,2025-03-19,84.55000305175781,87.98999786376953,82.86000061035156,86.0999984741211,89797400.0,86.0999984741211,0.0
PLTR,2025-03-20,85.54000091552734,89.80000305175781,85.12000274658203,87.38999938964844,105547400.0,87.38999938964844,0.0
PLTR,2025-03-21,85.8499984741211,91.06999969482422,84.45999908447266,90.95999908447266,116748700.0,90.95999908447266,0.0
PLTR,2025-03-24,93.4000015258789,97.38999938964844,92.27999877929688,96.75,112164700.0,96.75,0.0
PLTR,2025-03-25,97.22000122070312,98.16999816894531,95.08000183105469,96.5,78015300.0,96.5,0.0
PLTR,2025-03-26,96.29000091552734,97.30000305175781,90.81999969482422,92.27999877929688,81428600.0,92.27999877929688,0.0
PLTR,2025-03-27,91.01499938964844,93.6500015258789,89.66999816894531,90.08999633789062,82823000.0,90.08999633789062,0.0
PLTR,2025-03-28,89.33999633789062,89.37999725341797,84.0999984741211,85.8499984741211,91091700.0,85.8499984741211,0.0
PLTR,2025-03-31,80.0,84.6500015258789,78.75,84.4000015258789,108092900.0,84.4000015258789,0.0
PLTR,2025-04-01,83.88999938964844,85.27999877929688,81.81999969482422,84.68000030517578,78980700.0,84.68000030517578,0.0
PLTR,2025-04-02,82.4000015258789,88.40499877929688,82.30000305175781,87.44999694824219,96563100.0,87.44999694824219,0.0
PLTR,2025-04-03,81.25,85.68000030517578,81.01000213623047,83.5999984741211,93878200.0,83.5999984741211,0.0
PLTR,2025-04-04,80.06999969482422,80.9800033569336,71.93000030517578,74.01000213623047,147323200.0,74.01000213623047,0.0
PLTR,2025-04-07,66.6500015258789,81.80000305175781,66.12000274658203,77.83999633789062,169083700.0,77.83999633789062,0.0
PLTR,2025-04-08,83.29000091552734,86.11399841308594,75.22000122070312,77.31999969482422,135345600.0,77.31999969482422,0.0
PLTR,2025-04-09,78.19000244140625,93.33000183105469,77.2699966430664,92.01000213623047,187244300.0,92.01000213623047,0.0
PLTR,2025-04-10,88.4000015258789,90.77999877929688,84.13999938964844,88.58999633789062,124448200.0,88.58999633789062,0.0
PLTR,2025-04-11,87.9800033569336,89.55000305175781,85.47000122070312,88.55000305175781,95130700.0,88.55000305175781,0.0
PLTR,2025-04-14,95.80000305175781,97.33000183105469,91.45999908447266,92.62000274658203,122836900.0,92.62000274658203,0.0
PLTR,2025-04-15,93.52999877929688,98.98999786376953,93.05000305175781,98.4000015258789,118457700.0,98.4000015258789,0.0
PLTR,2025-04-16,96.27999877929688,97.30000305175781,89.62000274658203,92.70999908447266,121997600.0,92.70999908447266,0.0
PLTR,2025-04-17,94.70999908447266,95.11000061035156,92.2699966430664,93.77999877929688,83991800.0,93.77999877929688,0.0
PLTR,2025-04-21,92.83999633789062,96.4749984741211,89.30999755859375,90.80000305175781,83831100.0,90.80000305175781,0.0
PLTR,2025-04-22,93.01499938964844,96.33999633789062,91.3499984741211,93.98999786376953,91185400.0,93.98999786376953,0.0
PLTR,2025-04-23,98.86000061035156,103.76000213623047,97.83000183105469,100.81999969482422,112909500.0,100.81999969482422,0.0
PLTR,2025-04-24,101.52999877929688,108.0,100.91000366210938,107.77999877929688,103190700.0,107.77999877929688,0.0
PLTR,2025-04-25,108.05000305175781,112.87999725341797,106.55000305175781,112.77999877929688,103933800.0,112.77999877929688,0.0
PLTR,2025-04-28,113.77999877929688,114.86000061035156,108.87000274658203,114.6500015258789,111082900.0,114.6500015258789,0.0
PLTR,2025-04-29,113.9800033569336,117.2300033569336,113.23999786376953,116.08000183105469,79709000.0,116.08000183105469,0.0
PLTR,2025-04-30,111.61000061035156,118.77999877929688,110.54000091552734,118.44000244140625,109461700.0,118.44000244140625,0.0
PLTR,2025-05-01,120.04000091552734,120.19000244140625,116.0,116.19999694824219,90677600.0,116.19999694824219,0.0
PLTR,2025-05-02,118.66000366210938,124.41999816894531,118.62999725341797,124.27999877929688,103094300.0,124.27999877929688,0.0
PLTR,2025-05-05,123.69999694824219,125.25499725341797,121.36000061035156,123.7699966430664,135961300.0,123.7699966430664,0.0
PLTR,2025-05-06,112.70999908447266,113.91000366210938,105.31999969482422,108.86000061035156,201193400.0,108.86000061035156,0.0
PLTR,2025-05-07,107.97000122070312,111.8499984741211,107.0,110.4800033569336,95428800.0,110.4800033569336,0.0
PLTR,2025-05-08,112.27999877929688,120.37999725341797,112.06999969482422,119.1500015258789,126966200.0,119.1500015258789,0.0
PLTR,2025-05-09,118.97000122070312,119.16000366210938,114.9000015258789,117.30000305175781,81005300.0,117.30000305175781,0.0
PLTR,2025-05-12,120.77999877929688,120.93499755859375,115.01000213623047,118.45999908447266,94257300.0,118.45999908447266,0.0
PLTR,2025-05-13,119.91999816894531,130.60000610351562,119.30999755859375,128.10000610351562,147155400.0,128.10000610351562,0.0
PLTR,2025-05-14,129.00999450683594,133.49000549316406,127.55899810791016,130.17999267578125,96611500.0,130.17999267578125,0.0
PLTR,2025-05-15,128.3699951171875,130.1999969482422,125.73999786376953,128.1199951171875,69503000.0,128.1199951171875,0.0
PLTR,2025-05-16,129.22999572753906,130.3300018310547,126.76000213623047,129.52000427246094,57003700.0,129.52000427246094,0.0
PLTR,2025-05-19,124.71499633789062,127.7699966430664,124.31999969482422,126.33000183105469,72503900.0,126.33000183105469,0.0
PLTR,2025-05-20,127.22000122070312,128.1999969482422,124.6500015258789,125.58999633789062,61265300.0,125.58999633789062,0.0
PLTR,2025-05-21,125.16000366210938,127.11000061035156,119.41000366210938,120.58000183105469,80657700.0,120.58000183105469,0.0
PLTR,2025-05-22,121.94999694824219,126.33000183105469,121.375,122.29000091552734,75498300.0,122.29000091552734,0.0
PLTR,2025-05-23,120.87999725341797,125.54000091552734,120.68000030517578,123.30999755859375,65905800.0,123.30999755859375,0.0
PLTR,2025-05-27,126.81999969482422,127.87999725341797,120.87999725341797,123.38999938964844,86455200.0,123.38999938964844,0.0
PLTR,2025-05-28,124.2300033569336,125.6500015258789,122.91000366210938,123.76000213623047,64866000.0,123.76000213623047,0.0
PLTR,2025-05-29,125.3499984741211,126.47000122070312,121.52999877929688,122.31999969482422,62929100.0,122.31999969482422,0.0
PLTR,2025-05-30,123.52999877929688,131.94000244140625,122.75,131.77999877929688,185897600.0,131.77999877929688,0.0
PLTR,2025-06-02,131.43499755859375,134.47999572753906,128.86000061035156,132.0399932861328,93218700.0,132.0399932861328,0.0
PLTR,2025-06-03,133.07000732421875,135.27999877929688,130.10000610351562,133.1699981689453,91297700.0,133.1699981689453,0.0
PLTR,2025-06-04,132.8000030517578,132.9499969482422,125.58000183105469,130.00999450683594,97306300.0,130.00999450683594,0.0
PLTR,2025-06-05,129.27000427246094,132.85000610351562,118.93000030517578,119.91000366210938,131055900.0,119.91000366210938,0.0
PLTR,2025-06-06,123.7300033569336,128.1300048828125,121.91999816894531,127.72000122070312,87175100.0,127.72000122070312,0.0
PLTR,2025-06-09,127.07499694824219,132.22999572753906,124.80000305175781,132.05999755859375,74785600.0,132.05999755859375,0.0
PLTR,2025-06-10,131.02000427246094,134.07000732421875,129.41000366210938,132.80999755859375,69308900.0,132.80999755859375,0.0
PLTR,2025-06-11,133.9199981689453,140.0,132.99000549316406,136.38999938964844,97366000.0,136.38999938964844,0.0
PLTR,2025-06-12,136.39999389648438,137.10000610351562,134.6300048828125,135.19000244140625,56248200.0,135.19000244140625,0.0
PLTR,2025-06-13,133.81500244140625,139.99000549316406,133.35000610351562,137.39999389648438,93519000.0,137.39999389648438,0.0
PLTR,2025-06-16,140.02999877929688,144.86000061035156,139.81199645996094,141.41000366210938,80779800.0,141.41000366210938,0.0
PLTR,2025-06-17,141.48500061035156,141.69000244140625,136.0800018310547,138.1999969482422,70479100.0,138.1999969482422,0.0
PLTR,2025-06-18,139.0399932861328,140.36000061035156,137.49000549316406,139.9600067138672,58260200.0,139.9600067138672,0.0
PLTR,2025-06-20,140.69000244140625,142.24000549316406,136.74200439453125,137.3000030517578,87067000.0,137.3000030517578,0.0
PLTR,2025-06-23,138.89999389648438,142.14999389648438,135.9600067138672,139.9199981689453,70501100.0,139.9199981689453,0.0
PLTR,2025-06-24,140.97999572753906,143.66000366210938,137.8000030517578,143.22999572753906,58574200.0,143.22999572753906,0.0
PLTR,2025-06-25,144.49000549316406,147.6699981689453,141.52999877929688,142.89999389648438,61435300.0,142.89999389648438,0.0
PLTR,2025-06-26,144.85000610351562,148.21499633789062,142.91000366210938,144.25,69440500.0,144.25,0.0
PLTR,2025-06-27,144.8699951171875,144.97000122070312,130.5399932861328,130.74000549316406,202598600.0,130.74000549316406,0.0
PLTR,2025-06-30,137.7899932861328,138.875,134.8000030517578,136.32000732421875,97305600.0,136.32000732421875,0.0
PLTR,2025-07-01,135.27000427246094,136.32000732421875,128.50999450683594,130.67999267578125,91479700.0,130.67999267578125,0.0
PLTR,2025-07-02,131.47000122070312,133.60000610351562,130.19000244140625,132.1199951171875,59732000.0,132.1199951171875,0.0
PLTR,2025-07-03,134.36000061035156,135.6199951171875,132.50999450683594,134.36000061035156,41812500.0,134.36000061035156,0.0
PLTR,2025-07-07,134.3800048828125,139.2899932861328,132.32000732421875,139.1199951171875,71959700.0,139.1199951171875,0.0
PLTR,2025-07-08,138.77499389648438,139.85499572753906,135.7899932861328,139.7100067138672,59834800.0,139.7100067138672,0.0
PLTR,2025-07-09,139.65499877929688,143.1699981689453,137.38999938964844,143.1300048828125,68494800.0,143.1300048828125,0.0
PLTR,2025-07-10,143.30999755859375,145.16000366210938,139.52999877929688,142.5,64383900.0,142.5,0.0
PLTR,2025-07-11,142.11000061035156,144.5800018310547,141.47000122070312,142.10000610351562,52134800.0,142.10000610351562,0.0
PLTR,2025-07-14,142.72000122070312,149.5749969482422,142.22000122070312,149.14999389648438,81774400.0,149.14999389648438,0.0
PLTR,2025-07-15,148.92999267578125,150.6199951171875,147.36000061035156,148.5800018310547,59126200.0,148.5800018310547,0.0
PLTR,2025-07-16,149.3000030517578,151.50999450683594,147.6739959716797,150.91000366210938,57550300.0,150.91000366210938,0.0
PLTR,2025-07-17,151.55999755859375,155.67999267578125,150.82000732421875,153.99000549316406,60165500.0,153.99000549316406,0.0
PLTR,2025-07-18,154.86000061035156,154.9199981689453,151.89999389648438,153.52000427246094,45771600.0,153.52000427246094,0.0
PLTR,2025-07-21,153.8800048828125,155.44000244140625,151.36000061035156,151.7899932861328,45072800.0,151.7899932861328,0.0
PLTR,2025-07-22,150.85000610351562,151.7899932861328,145.06199645996094,149.07000732421875,49880800.0,149.07000732421875,0.0
PLTR,2025-07-23,149.74000549316406,155.0,148.28700256347656,154.6300048828125,48062000.0,154.6300048828125,0.0
PLTR,2025-07-24,153.97999572753906,155.6300048828125,152.5749969482422,154.86000061035156,38925700.0,154.86000061035156,0.0
PLTR,2025-07-25,155.6300048828125,160.38999938964844,155.5800018310547,158.8000030517578,57972300.0,158.8000030517578,0.0
PLTR,2025-07-28,159.8800048828125,160.27999877929688,153.0399932861328,157.8800048828125,63886900.0,157.8800048828125,0.0
PLTR,2025-07-29,158.71499633789062,160.13999938964844,154.91000366210938,156.24000549316406,42427200.0,156.24000549316406,0.0
PLTR,2025-07-30,157.36500549316406,159.3800048828125,156.55999755859375,158.61000061035156,40261700.0,158.61000061035156,0.0
PLTR,2025-07-31,159.99000549316406,160.88999938964844,156.72999572753906,158.35000610351562,45342600.0,158.35000610351562,0.0
PLTR,2025-08-01,155.0500030517578,158.19000244140625,151.05799865722656,154.27000427246094,61287000.0,154.27000427246094,0.0
PLTR,2025-08-04,158.52999877929688,161.39999389648438,157.92999267578125,160.66000366210938,82993600.0,160.66000366210938,0.0
PLTR,2025-08-05,171.80999755859375,176.3300018310547,169.22000122070312,173.27000427246094,130917500.0,173.27000427246094,0.0
PLTR,2025-08-06,171.1750030517578,180.58099365234375,171.00999450683594,179.5399932861328,82924800.0,179.5399932861328,0.0
PLTR,2025-08-07,181.00999450683594,184.47999572753906,178.1699981689453,182.1999969482422,77829200.0,182.1999969482422,0.0
PLTR,2025-08-08,184.73500061035156,187.99000549316406,184.41000366210938,186.9600067138672,62657900.0,186.9600067138672,0.0
PLTR,2025-08-11,186.47000122070312,187.17999267578125,181.9199981689453,182.67999267578125,56125600.0,182.67999267578125,0.0
PLTR,2025-08-12,184.6999969482422,190.0,182.10000610351562,186.97000122070312,54819000.0,186.97000122070312,0.0
PLTR,2025-08-13,189.0,189.4600067138672,183.58999633789062,184.3699951171875,53610000.0,184.3699951171875,0.0
PLTR,2025-08-14,182.41000366210938,185.3300018310547,179.1999969482422,181.02000427246094,53472900.0,181.02000427246094,0.0
PLTR,2025-08-15,179.72500610351562,180.0,173.3800048828125,177.1699981689453,60288700.0,177.1699981689453,0.0
PLTR,2025-08-18,175.27000427246094,177.89999389648438,171.38999938964844,174.02999877929688,62656600.0,174.02999877929688,0.0
PLTR,2025-08-19,171.36000061035156,172.3000030517578,156.89999389648438,157.75,137922700.0,157.75,0.0
PLTR,2025-08-20,152.3000030517578,156.4600067138672,142.33999633789062,156.00999450683594,220336400.0,156.00999450683594,0.0
PLTR,2025-08-21,157.1699981689453,157.97000122070312,153.80999755859375,156.17999267578125,94678600.0,156.17999267578125,0.0
PLTR,2025-08-22,155.31500244140625,163.1999969482422,151.77000427246094,158.74000549316406,102099200.0,158.74000549316406,0.0
PLTR,2025-08-25,156.10000610351562,158.58999633789062,149.3699951171875,157.1699981689453,86879800.0,157.1699981689453,0.0
PLTR,2025-08-26,155.38999938964844,162.1300048828125,154.57000732421875,160.8699951171875,86573700.0,160.8699951171875,0.0
PLTR,2025-08-27,162.32000732421875,162.39999389648438,155.97999572753906,156.72000122070312,76380600.0,156.72000122070312,0.0
PLTR,2025-08-28,157.6300048828125,158.22999572753906,152.5500030517578,158.1199951171875,57885200.0,158.1199951171875,0.0
PLTR,2025-08-29,156.97999572753906,158.4199981689453,153.0,156.7100067138672,45270500.0,156.7100067138672,0.0
PLTR,2025-09-02,151.1999969482422,158.38999938964844,150.27999877929688,157.08999633789062,65435000.0,157.08999633789062,0.0
PLTR,2025-09-03,158.0,161.14999389648438,152.7100067138672,154.89999389648438,66052300.0,154.89999389648438,0.0
PLTR,2025-09-04,154.86500549316406,157.0399932861328,153.16000366210938,156.13999938964844,53292300.0,156.13999938964844,0.0
PLTR,2025-09-05,157.82000732421875,158.97000122070312,148.0399932861328,153.11000061035156,81855900.0,153.11000061035156,0.0
PLTR,2025-09-08,154.91000366210938,158.3000030517578,154.83999633789062,156.10000610351562,47643000.0,156.10000610351562,0.0
PLTR,2025-09-09,157.25,162.75,156.3699951171875,162.36000061035156,61359500.0,162.36000061035156,0.0
PLTR,2025-09-10,166.0,169.0,163.44000244140625,166.74000549316406,62211400.0,166.74000549316406,0.0
PLTR,2025-09-11,167.24000549316406,167.45799255371094,163.22000122070312,164.36000061035156,42025500.0,164.36000061035156,0.0
PLTR,2025-09-12,165.35000610351562,171.52999877929688,164.00999450683594,171.42999267578125,54336100.0,171.42999267578125,0.0
PLTR,2025-09-16 16:00:01-04:00,171.1699981689453,171.3000030517578,168.9600067138672,170.25999450683594,34359912.0,170.25999450683594,0.0
ASML,2025-03-17,718.0499877929688,734.5499877929688,717.2100219726562,730.3300170898438,1423300.0,726.2330322265625,0.0
ASML,2025-03-18,729.9000244140625,734.1900024414062,719.989990234375,731.1099853515625,1007300.0,727.0086059570312,0.0
ASML,2025-03-19,729.1099853515625,746.75,725.0599975585938,734.9099731445312,1080500.0,730.7872924804688,0.0
ASML,2025-03-20,725.010009765625,735.4000244140625,724.22998046875,734.0599975585938,1282400.0,729.9420776367188,0.0
ASML,2025-03-21,711.7899780273438,721.3599853515625,711.2100219726562,716.219970703125,1967200.0,712.2021484375,0.0
ASML,2025-03-24,728.030029296875,731.9500122070312,726.3400268554688,727.8400268554688,1104400.0,723.7570190429688,0.0
ASML,2025-03-25,732.0599975585938,735.0,725.4199829101562,726.739990234375,1244300.0,722.6632080078125,0.0
ASML,2025-03-26,715.9000244140625,719.989990234375,702.239990234375,705.760009765625,1266500.0,701.8008422851562,0.0
ASML,2025-03-27,698.489990234375,702.47998046875,689.0,690.6300048828125,1285500.0,686.7557983398438,0.0
ASML,2025-03-28,685.1300048828125,687.4400024414062,672.0499877929688,674.5800170898438,1393000.0,670.7957763671875,0.0
ASML,2025-03-31,660.260009765625,665.1599731445312,652.8800048828125,662.6300048828125,1685000.0,658.9127807617188,0.0
ASML,2025-04-01,664.5700073242188,670.6400146484375,656.3499755859375,667.3400268554688,1212600.0,663.596435546875,0.0
ASML,2025-04-02,664.3900146484375,676.3900146484375,660.8300170898438,669.010009765625,1119000.0,665.2570190429688,0.0
ASML,2025-04-03,649.530029296875,650.969970703125,622.8200073242188,623.219970703125,2877100.0,619.723876953125,0.0
ASML,2025-04-04,621.9500122070312,626.3800048828125,597.6900024414062,605.5499877929688,4017000.0,602.1529541015625,0.0
ASML,2025-04-07,586.5,652.8499755859375,578.510009765625,615.8400268554688,4179100.0,612.3853149414062,0.0
ASML,2025-04-08,632.02001953125,637.9000244140625,582.8900146484375,595.3699951171875,2585200.0,592.0300903320312,0.0
ASML,2025-04-09,618.02001953125,692.2899780273438,606.8699951171875,687.260009765625,3866700.0,683.4046630859375,0.0
ASML,2025-04-10,656.1699829101562,661.6599731445312,627.6300048828125,649.5499877929688,2989900.0,645.9061279296875,0.0
ASML,2025-04-11,656.0599975585938,672.0,651.3900146484375,668.8099975585938,2163600.0,665.0581665039062,0.0
ASML,2025-04-14,676.4400024414062,680.030029296875,662.72998046875,672.8699951171875,1574000.0,669.0953979492188,0.0
ASML,2025-04-15,679.3800048828125,687.530029296875,676.6900024414062,683.1599731445312,2105600.0,679.3275756835938,0.0
ASML,2025-04-16,647.0,653.1300048828125,624.1699829101562,634.9299926757812,4028300.0,631.3682250976562,0.0
ASML,2025-04-17,644.3599853515625,647.6599731445312,636.9299926757812,640.1599731445312,1439900.0,636.56884765625,0.0
ASML,2025-04-21,632.0,633.6599731445312,614.0599975585938,624.6900024414062,1555100.0,621.1856689453125,0.0
ASML,2025-04-22,638.8099975585938,645.6099853515625,631.0,638.6900024414062,1967000.0,635.1071166992188,0.0
ASML,2025-04-23,664.25,666.489990234375,654.7899780273438,657.97998046875,1849700.0,654.2888793945312,0.0
ASML,2025-04-24,666.530029296875,678.3200073242188,662.5599975585938,675.0,1770700.0,671.21337890625,0.0
ASML,2025-04-25,666.9000244140625,681.75,664.5900268554688,677.27001953125,1280900.0,673.470703125,0.0
ASML,2025-04-28,672.1699829101562,674.4400024414062,661.0800170898438,672.760009765625,1007600.0,671.0578002929688,2.091
ASML,2025-04-29,665.6099853515625,673.6300048828125,663.0,666.1099853515625,1104000.0,664.4246215820312,0.0
ASML,2025-04-30,657.5900268554688,669.5,651.4600219726562,668.0800170898438,1042100.0,666.3896484375,0.0
ASML,2025-05-01,675.1500244140625,675.1500244140625,662.4600219726562,666.719970703125,1066300.0,665.0330810546875,0.0
ASML,2025-05-02,686.3200073242188,695.0,685.5999755859375,690.3300170898438,1215500.0,688.5833740234375,0.0
ASML,2025-05-05,685.0,690.4199829101562,682.72998046875,683.3599853515625,903700.0,681.6309814453125,0.0
ASML,2025-05-06,676.3099975585938,686.3699951171875,675.5,679.989990234375,765100.0,678.26953125,0.0
ASML,2025-05-07,685.780029296875,701.9600219726562,683.4600219726562,700.3900146484375,1041400.0,698.617919921875,0.0
ASML,2025-05-08,711.1199951171875,716.8099975585938,705.7000122070312,708.030029296875,1040500.0,706.2385864257812,0.0
ASML,2025-05-09,709.2100219726562,710.510009765625,703.9000244140625,706.2100219726562,884000.0,704.4232177734375,0.0
ASML,2025-05-12,730.4199829101562,750.52001953125,729.3800048828125,750.2000122070312,2571500.0,748.3018798828125,0.0
ASML,2025-05-13,745.260009765625,764.8699951171875,744.5399780273438,763.9000244140625,1815600.0,761.9672241210938,0.0
ASML,2025-05-14,765.0,773.7000122070312,764.27001953125,768.9099731445312,1156100.0,766.9645385742188,0.0
ASML,2025-05-15,763.6699829101562,767.0,755.2100219726562,758.3599853515625,1511000.0,756.4412231445312,0.0
ASML,2025-05-16,752.8800048828125,753.4500122070312,742.2100219726562,748.0999755859375,1095100.0,746.2071533203125,0.0
ASML,2025-05-19,739.72998046875,750.0,737.27001953125,749.1300048828125,977900.0,747.2345581054688,0.0
ASML,2025-05-20,745.6300048828125,748.97998046875,741.2999877929688,748.760009765625,777200.0,746.8655395507812,0.0
ASML,2025-05-21,749.010009765625,755.7899780273438,735.489990234375,737.1699829101562,1058700.0,735.3048095703125,0.0
ASML,2025-05-22,736.3200073242188,747.2100219726562,734.1500244140625,740.7000122070312,863500.0,738.825927734375,0.0
ASML,2025-05-23,724.5999755859375,735.989990234375,722.52001953125,732.489990234375,1525200.0,730.6366577148438,0.0
ASML,2025-05-27,751.3699951171875,761.2100219726562,749.9500122070312,756.7899780273438,1385100.0,754.8751831054688,0.0
ASML,2025-05-28,752.1400146484375,756.3900146484375,744.8099975585938,746.510009765625,1244000.0,744.6212158203125,0.0
ASML,2025-05-29,757.8300170898438,759.5499877929688,744.8400268554688,747.0700073242188,1166000.0,745.1798095703125,0.0
ASML,2025-05-30,745.010009765625,745.9600219726562,723.0,736.77001953125,1785400.0,734.9058837890625,0.0
ASML,2025-06-02,733.2899780273438,746.9500122070312,732.6599731445312,746.530029296875,812600.0,744.6411743164062,0.0
ASML,2025-06-03,732.6599731445312,748.5499877929688,732.2000122070312,747.25,1085100.0,745.3593139648438,0.0
ASML,2025-06-04,751.1799926757812,752.77001953125,740.4099731445312,742.780029296875,1160000.0,740.9006958007812,0.0
ASML,2025-06-05,754.1300048828125,756.4600219726562,744.0,747.760009765625,1506500.0,745.8680419921875,0.0
ASML,2025-06-06,756.0599975585938,762.0999755859375,752.7999877929688,753.02001953125,1345100.0,751.11474609375,0.0
ASML,2025-06-09,757.0599975585938,782.2000122070312,757.0599975585938,770.2000122070312,1769400.0,768.2512817382812,0.0
ASML,2025-06-10,779.1099853515625,788.2899780273438,776.489990234375,784.969970703125,1715500.0,782.98388671875,0.0
ASML,2025-06-11,790.0499877929688,797.25,780.6900024414062,784.0900268554688,1365900.0,782.1061401367188,0.0
ASML,2025-06-12,785.4400024414062,789.5700073242188,782.3400268554688,786.2100219726562,999600.0,784.2207641601562,0.0
ASML,2025-06-13,766.8900146484375,772.9299926757812,759.8699951171875,761.0,1742900.0,759.0745239257812,0.0
ASML,2025-06-16,766.3699951171875,779.1900024414062,765.97998046875,775.22998046875,1454500.0,773.2685546875,0.0
ASML,2025-06-17,766.780029296875,773.2100219726562,758.2100219726562,759.8599853515625,1422800.0,757.9374389648438,0.0
ASML,2025-06-18,764.72998046875,768.0,754.239990234375,761.6400146484375,1372500.0,759.7129516601562,0.0
ASML,2025-06-20,768.3699951171875,769.010009765625,736.25,756.530029296875,2303900.0,754.6159057617188,0.0
ASML,2025-06-23,761.260009765625,780.75,759.8099975585938,779.719970703125,1302800.0,777.7471313476562,0.0
ASML,2025-06-24,786.1099853515625,813.4600219726562,786.1099853515625,813.3599853515625,2039600.0,811.3020629882812,0.0
ASML,2025-06-25,816.75,819.5399780273438,806.219970703125,815.239990234375,1400100.0,813.1773071289062,0.0
ASML,2025-06-26,799.760009765625,800.8800048828125,786.5,798.0900268554688,1705800.0,796.0707397460938,0.0
ASML,2025-06-27,802.9400024414062,805.489990234375,788.4500122070312,795.9500122070312,1201000.0,793.9361572265625,0.0
ASML,2025-06-30,796.47998046875,802.4400024414062,794.0399780273438,801.3900146484375,1080400.0,799.3623657226562,0.0
ASML,2025-07-01,788.0499877929688,795.5,782.5399780273438,790.469970703125,1065800.0,788.469970703125,0.0
ASML,2025-07-02,776.239990234375,800.5,772.8599853515625,799.5900268554688,1383000.0,797.5669555664062,0.0
ASML,2025-07-03,786.969970703125,798.530029296875,786.6099853515625,794.5,910700.0,792.4898071289062,0.0
ASML,2025-07-07,785.4600219726562,793.489990234375,783.7999877929688,785.0900268554688,1363700.0,783.1036376953125,0.0
ASML,2025-07-08,782.6599731445312,798.3900146484375,778.72998046875,794.0999755859375,1327800.0,792.0907592773438,0.0
ASML,2025-07-09,792.9099731445312,800.9000244140625,792.469970703125,799.8300170898438,1334300.0,797.8063354492188,0.0
ASML,2025-07-10,808.9299926757812,811.0999755859375,798.0,802.0900268554688,1498900.0,800.0606079101562,0.0
ASML,2025-07-11,797.0700073242188,803.1900024414062,796.52001953125,801.9299926757812,932400.0,799.9010009765625,0.0
ASML,2025-07-14,797.6199951171875,812.77001953125,789.8699951171875,806.72998046875,1456900.0,804.6888427734375,0.0
ASML,2025-07-15,822.97998046875,826.5599975585938,814.2100219726562,823.02001953125,2099600.0,820.9376220703125,0.0
ASML,2025-07-16,754.3599853515625,760.9000244140625,730.5999755859375,754.4500122070312,10789600.0,752.5411376953125,0.0
ASML,2025-07-17,746.8200073242188,756.8499755859375,742.0,744.9099731445312,4078500.0,743.0252075195312,0.0
ASML,2025-07-18,752.0800170898438,752.0900268554688,734.3300170898438,734.5800170898438,2567200.0,732.721435546875,0.0
ASML,2025-07-21,731.0,732.9000244140625,719.3200073242188,719.6799926757812,2650300.0,717.8590698242188,0.0
ASML,2025-07-22,718.3099975585938,719.0599975585938,701.1900024414062,705.47998046875,3425100.0,703.6950073242188,0.0
ASML,2025-07-23,715.2100219726562,719.969970703125,708.1300048828125,716.9299926757812,3379400.0,715.1160278320312,0.0
ASML,2025-07-24,723.010009765625,726.6300048828125,718.3599853515625,725.0800170898438,2037100.0,723.2454223632812,0.0
ASML,2025-07-25,709.1400146484375,713.1500244140625,706.5999755859375,711.25,2312100.0,709.450439453125,0.0
ASML,2025-07-28,735.1500244140625,735.4099731445312,728.489990234375,729.989990234375,2253900.0,728.1430053710938,0.0
ASML,2025-07-29,722.72998046875,726.9199829101562,715.7000122070312,718.489990234375,2292900.0,718.489990234375,1.847
ASML,2025-07-30,716.8900146484375,724.02001953125,715.5,721.4500122070312,1407000.0,721.4500122070312,0.0
ASML,2025-07-31,706.4000244140625,707.5399780273438,691.2100219726562,694.7100219726562,2892200.0,694.7100219726562,0.0
ASML,2025-08-01,690.0,693.4299926757812,683.47998046875,689.8200073242188,1627100.0,689.8200073242188,0.0
ASML,2025-08-04,695.5800170898438,699.4500122070312,692.9000244140625,699.3599853515625,1025600.0,699.3599853515625,0.0
ASML,2025-08-05,694.719970703125,695.6300048828125,684.239990234375,689.6300048828125,1261200.0,689.6300048828125,0.0
ASML,2025-08-06,687.6500244140625,692.4299926757812,685.4400024414062,690.9600219726562,1218700.0,690.9600219726562,0.0
ASML,2025-08-07,714.02001953125,716.9000244140625,706.6199951171875,713.1199951171875,1723800.0,713.1199951171875,0.0
ASML,2025-08-08,712.4099731445312,723.5,710.4500122070312,722.3200073242188,1042900.0,722.3200073242188,0.0
ASML,2025-08-11,724.0,731.8599853515625,719.52001953125,721.3099975585938,1179700.0,721.3099975585938,0.0
ASML,2025-08-12,725.530029296875,743.3499755859375,723.47998046875,741.7899780273438,1461800.0,741.7899780273438,0.0
ASML,2025-08-13,750.6300048828125,756.2000122070312,747.5399780273438,755.5700073242188,2011900.0,755.5700073242188,0.0
ASML,2025-08-14,747.280029296875,757.0,744.5599975585938,755.2100219726562,1577400.0,755.2100219726562,0.0
ASML,2025-08-15,738.5,747.1500244140625,736.6599731445312,742.1599731445312,1635100.0,742.1599731445312,0.0
ASML,2025-08-18,739.6699829101562,748.0,739.4400024414062,747.5499877929688,1086400.0,747.5499877929688,0.0
ASML,2025-08-19,751.5399780273438,755.6900024414062,741.7100219726562,743.6099853515625,1121300.0,743.6099853515625,0.0
ASML,2025-08-20,750.7999877929688,753.4400024414062,738.1799926757812,749.489990234375,1368400.0,749.489990234375,0.0
ASML,2025-08-21,739.3599853515625,741.5,732.1099853515625,735.4000244140625,952700.0,735.4000244140625,0.0
ASML,2025-08-22,741.6799926757812,761.5700073242188,740.3699951171875,754.8900146484375,1456000.0,754.8900146484375,0.0
ASML,2025-08-25,754.75,758.260009765625,752.0900268554688,754.4600219726562,731100.0,754.4600219726562,0.0
ASML,2025-08-26,758.77001953125,763.5,755.9099731445312,763.2000122070312,860100.0,763.2000122070312,0.0
ASML,2025-08-27,760.0,770.5800170898438,757.7899780273438,770.0,1140700.0,770.0,0.0
ASML,2025-08-28,770.0,773.1699829101562,760.8699951171875,763.4600219726562,985400.0,763.4600219726562,0.0
ASML,2025-08-29,753.0,753.5999755859375,739.7899780273438,742.6199951171875,1317800.0,742.6199951171875,0.0
ASML,2025-09-02,717.2100219726562,727.2000122070312,716.2000122070312,725.8499755859375,1867400.0,725.8499755859375,0.0
ASML,2025-09-03,732.219970703125,738.2999877929688,729.5599975585938,736.8200073242188,1330300.0,736.8200073242188,0.0
ASML,2025-09-04,737.0499877929688,756.9000244140625,735.4299926757812,753.4299926757812,1532700.0,753.4299926757812,0.0
ASML,2025-09-05,774.8800048828125,783.0999755859375,766.239990234375,781.7000122070312,1887300.0,781.7000122070312,0.0
ASML,2025-09-08,789.6500244140625,798.7000122070312,786.75,796.25,1284500.0,796.25,0.0
ASML,2025-09-09,795.2000122070312,805.8400268554688,793.1199951171875,805.1300048828125,1324100.0,805.1300048828125,0.0
ASML,2025-09-10,806.8200073242188,809.5999755859375,791.02001953125,793.1400146484375,1634300.0,793.1400146484375,0.0
ASML,2025-09-11,799.6900024414062,809.1500244140625,798.510009765625,804.1599731445312,1297800.0,804.1599731445312,0.0
ASML,2025-09-12,808.52001953125,815.780029296875,806.2999877929688,813.8699951171875,1019000.0,813.8699951171875,0.0
ASML,2025-09-15,834.9299926757812,868.719970703125,833.9199829101562,867.2999877929688,2700300.0,867.2999877929688,0.0
ASML,2025-09-16 16:00:01-04:00,879.9400024414062,881.4598999023438,867.5700073242188,878.4199829101562,1790177.0,878.4199829101562,0.0
SAP,2025-03-17,265.9100036621094,270.5400085449219,265.57000732421875,269.54998779296875,1464200.0,267.1346740722656,0.0
SAP,2025-03-18,270.94000244140625,271.32000732421875,265.6499938964844,270.6400146484375,2154800.0,268.2149353027344,0.0
SAP,2025-03-19,267.5899963378906,272.8500061035156,267.1700134277344,271.44000244140625,1604800.0,269.0077819824219,0.0
SAP,2025-03-20,268.8599853515625,272.2699890136719,268.70001220703125,271.69000244140625,1989700.0,269.2555236816406,0.0
SAP,2025-03-21,268.7799987792969,272.82000732421875,268.6300048828125,272.5299987792969,1275100.0,270.0880126953125,0.0
SAP,2025-03-24,275.82000732421875,276.9800109863281,274.4200134277344,275.739990234375,779500.0,273.26922607421875,0.0
SAP,2025-03-25,278.7099914550781,280.44000244140625,278.1300048828125,280.2300109863281,706700.0,277.7190246582031,0.0
SAP,2025-03-26,272.6499938964844,273.2300109863281,267.010009765625,268.0,1270200.0,265.5986022949219,0.0
SAP,2025-03-27,265.25,269.17999267578125,264.79998779296875,268.1499938964844,598500.0,265.74725341796875,0.0
SAP,2025-03-28,268.239990234375,269.2200012207031,266.29998779296875,268.0,1214700.0,265.5986022949219,0.0
SAP,2025-03-31,263.94000244140625,269.3699951171875,261.8900146484375,268.44000244140625,1374900.0,266.0346374511719,0.0
SAP,2025-04-01,268.4599914550781,271.3699951171875,266.70001220703125,270.3399963378906,957600.0,267.9176330566406,0.0
SAP,2025-04-02,265.4100036621094,272.6000061035156,265.3699951171875,271.4200134277344,847900.0,268.9879455566406,0.0
SAP,2025-04-03,267.6600036621094,268.92999267578125,263.79998779296875,264.3399963378906,1937300.0,261.97137451171875,0.0
SAP,2025-04-04,256.3500061035156,258.1099853515625,248.3699951171875,248.5,1877800.0,246.2733154296875,0.0
SAP,2025-04-07,240.39999389648438,256.2099914550781,239.6300048828125,241.5399932861328,4495400.0,239.37567138671875,0.0
SAP,2025-04-08,244.36000061035156,245.8000030517578,234.52000427246094,237.52999877929688,2450600.0,235.401611328125,0.0
SAP,2025-04-09,238.07000732421875,261.9800109863281,236.1300048828125,259.6099853515625,2836500.0,257.28375244140625,0.0
SAP,2025-04-10,258.04998779296875,259.79998779296875,251.0,258.489990234375,2432700.0,256.1737976074219,0.0
SAP,2025-04-11,254.61000061035156,260.7699890136719,252.94000244140625,259.1499938964844,1627700.0,256.827880859375,0.0
SAP,2025-04-14,260.1499938964844,263.04998779296875,257.3500061035156,259.5299987792969,1522300.0,257.2044982910156,0.0
SAP,2025-04-15,261.4100036621094,263.6400146484375,261.1400146484375,261.9599914550781,893900.0,259.6127014160156,0.0
SAP,2025-04-16,261.80999755859375,264.80999755859375,258.75,260.4800109863281,1313200.0,258.14599609375,0.0
SAP,2025-04-17,259.42999267578125,259.7300109863281,256.2900085449219,257.3999938964844,1503700.0,255.09356689453125,0.0
SAP,2025-04-21,255.19000244140625,255.61000061035156,247.61000061035156,250.5399932861328,1653300.0,248.29502868652344,0.0
SAP,2025-04-22,247.94000244140625,254.7100067138672,247.85000610351562,252.39999389648438,2503400.0,250.13836669921875,0.0
SAP,2025-04-23,273.6300048828125,277.9800109863281,270.260009765625,271.4800109863281,2814400.0,269.04742431640625,0.0
SAP,2025-04-24,270.1499938964844,274.6300048828125,269.8999938964844,273.54998779296875,1609100.0,271.0988464355469,0.0
SAP,2025-04-25,276.3999938964844,279.45001220703125,274.3500061035156,277.95001220703125,1850700.0,275.4594421386719,0.0
SAP,2025-04-28,284.7200012207031,286.57000732421875,282.75,285.3500061035156,1475200.0,282.7931213378906,0.0
SAP,2025-04-29,289.6300048828125,293.19000244140625,289.19000244140625,292.54998779296875,1977100.0,289.9285888671875,0.0
SAP,2025-04-30,286.510009765625,292.2799987792969,285.7900085449219,292.19000244140625,1856300.0,289.57183837890625,0.0
SAP,2025-05-01,295.5899963378906,295.5899963378906,288.44000244140625,288.92999267578125,1340100.0,286.3410339355469,0.0
SAP,2025-05-02,300.4599914550781,302.67999267578125,299.1400146484375,301.7200012207031,2751700.0,299.0164489746094,0.0
SAP,2025-05-05,300.8299865722656,303.3999938964844,300.4100036621094,302.6300048828125,1441100.0,299.9183044433594,0.0
SAP,2025-05-06,298.57000732421875,300.1099853515625,296.760009765625,297.67999267578125,1239500.0,295.01263427734375,0.0
SAP,2025-05-07,297.760009765625,299.19000244140625,295.54998779296875,297.3299865722656,1121400.0,294.665771484375,0.0
SAP,2025-05-08,297.05999755859375,297.45001220703125,293.95001220703125,294.3299865722656,1143100.0,291.6926574707031,0.0
SAP,2025-05-09,296.5799865722656,296.9200134277344,293.5899963378906,293.9700012207031,705600.0,291.33587646484375,0.0
SAP,2025-05-12,288.4599914550781,293.510009765625,286.0400085449219,293.510009765625,1303000.0,290.8800048828125,0.0
SAP,2025-05-13,289.1499938964844,291.6700134277344,288.45001220703125,289.7300109863281,1488600.0,289.7300109863281,2.63
SAP,2025-05-14,291.2900085449219,291.7200012207031,287.510009765625,288.4599914550781,1221800.0,288.4599914550781,0.0
SAP,2025-05-15,292.19000244140625,294.7799987792969,290.6499938964844,294.3500061035156,1051900.0,294.3500061035156,0.0
SAP,2025-05-16,297.1099853515625,297.45001220703125,295.3599853515625,296.4100036621094,1223600.0,296.4100036621094,0.0
SAP,2025-05-19,295.8599853515625,299.2900085449219,295.04998779296875,298.739990234375,1011500.0,298.739990234375,0.0
SAP,2025-05-20,299.79998779296875,300.0299987792969,297.6000061035156,299.2699890136719,830200.0,299.2699890136719,0.0
SAP,2025-05-21,298.989990234375,302.20001220703125,297.95001220703125,298.4100036621094,761600.0,298.4100036621094,0.0
SAP,2025-05-22,298.0400085449219,301.82000732421875,297.7699890136719,299.8399963378906,1577000.0,299.8399963378906,0.0
SAP,2025-05-23,292.70001220703125,296.1600036621094,292.04998779296875,294.8699951171875,1419900.0,294.8699951171875,0.0
SAP,2025-05-27,301.9599914550781,304.42999267578125,300.1000061035156,301.8399963378906,1219600.0,301.8399963378906,0.0
SAP,2025-05-28,297.5299987792969,299.3900146484375,296.80999755859375,298.07000732421875,1069100.0,298.07000732421875,0.0
SAP,2025-05-29,297.9800109863281,298.9100036621094,296.010009765625,296.92999267578125,1103200.0,296.92999267578125,0.0
SAP,2025-05-30,301.7900085449219,303.4599914550781,299.3500061035156,302.8599853515625,1188300.0,302.8599853515625,0.0
SAP,2025-06-02,301.010009765625,304.6600036621094,299.9599914550781,304.6600036621094,830400.0,304.6600036621094,0.0
SAP,2025-06-03,304.1000061035156,307.25,303.29998779296875,306.3900146484375,1256300.0,306.3900146484375,0.0
SAP,2025-06-04,307.1700134277344,310.489990234375,306.67999267578125,309.32000732421875,659500.0,309.32000732421875,0.0
SAP,2025-06-05,311.239990234375,311.3999938964844,307.7099914550781,309.1000061035156,666300.0,309.1000061035156,0.0
SAP,2025-06-06,309.8399963378906,310.8900146484375,309.42999267578125,309.79998779296875,571400.0,309.79998779296875,0.0
SAP,2025-06-09,302.07000732421875,306.2200012207031,300.94000244140625,305.4200134277344,1128700.0,305.4200134277344,0.0
SAP,2025-06-10,304.7699890136719,305.2200012207031,302.70001220703125,304.4100036621094,1022000.0,304.4100036621094,0.0
SAP,2025-06-11,301.4599914550781,303.5799865722656,298.25,299.2099914550781,1869400.0,299.2099914550781,0.0
SAP,2025-06-12,302.75,304.5,301.6400146484375,301.739990234375,884300.0,301.739990234375,0.0
SAP,2025-06-13,293.7699890136719,296.1600036621094,292.3900146484375,293.3599853515625,1445000.0,293.3599853515625,0.0
SAP,2025-06-16,295.989990234375,298.510009765625,295.4599914550781,295.8399963378906,1137900.0,295.8399963378906,0.0
SAP,2025-06-17,296.30999755859375,296.7099914550781,292.3999938964844,292.6400146484375,727700.0,292.6400146484375,0.0
SAP,2025-06-18,291.4200134277344,292.3800048828125,289.2200012207031,289.80999755859375,1611000.0,289.80999755859375,0.0
SAP,2025-06-20,290.9100036621094,291.0400085449219,287.44000244140625,287.5899963378906,1298400.0,287.5899963378906,0.0
SAP,2025-06-23,286.6000061035156,291.1000061035156,285.489990234375,290.79998779296875,922100.0,290.79998779296875,0.0
SAP,2025-06-24,295.05999755859375,297.79998779296875,293.6700134277344,297.0799865722656,1223000.0,297.0799865722656,0.0
SAP,2025-06-25,295.25,295.9599914550781,293.0,293.2900085449219,970600.0,293.2900085449219,0.0
SAP,2025-06-26,293.8399963378906,296.1700134277344,291.0299987792969,295.54998779296875,1913300.0,295.54998779296875,0.0
SAP,2025-06-27,298.92999267578125,303.25,297.8500061035156,301.0899963378906,1039500.0,301.0899963378906,0.0
SAP,2025-06-30,302.92999267578125,304.6300048828125,301.8599853515625,304.1000061035156,884600.0,304.1000061035156,0.0
SAP,2025-07-01,305.42999267578125,306.9100036621094,299.57000732421875,300.67999267578125,961900.0,300.67999267578125,0.0
SAP,2025-07-02,296.4800109863281,299.54998779296875,295.82000732421875,298.1600036621094,1452100.0,298.1600036621094,0.0
SAP,2025-07-03,298.8500061035156,304.1000061035156,298.760009765625,303.7200012207031,858000.0,303.7200012207031,0.0
SAP,2025-07-07,304.54998779296875,306.9700012207031,303.7799987792969,305.5299987792969,1131600.0,305.5299987792969,0.0
SAP,2025-07-08,309.0899963378906,310.4599914550781,307.760009765625,308.760009765625,1552100.0,308.760009765625,0.0
SAP,2025-07-09,310.6700134277344,312.260009765625,309.94000244140625,311.92999267578125,795100.0,311.92999267578125,0.0
SAP,2025-07-10,313.2799987792969,313.2799987792969,306.1000061035156,306.2099914550781,1368900.0,306.2099914550781,0.0
SAP,2025-07-11,304.1099853515625,304.19000244140625,300.82000732421875,300.8500061035156,1105100.0,300.8500061035156,0.0
SAP,2025-07-14,297.7200012207031,302.1099853515625,296.8999938964844,300.6400146484375,902400.0,300.6400146484375,0.0
SAP,2025-07-15,303.42999267578125,303.94000244140625,300.7300109863281,301.5799865722656,688600.0,301.5799865722656,0.0
SAP,2025-07-16,305.5,306.2900085449219,302.010009765625,306.0199890136719,1021500.0,306.0199890136719,0.0
SAP,2025-07-17,304.3699951171875,308.6099853515625,304.3699951171875,308.6099853515625,1389000.0,308.6099853515625,0.0
SAP,2025-07-18,309.3399963378906,309.7300109863281,305.29998779296875,305.9700012207031,1021200.0,305.9700012207031,0.0
SAP,2025-07-21,306.3900146484375,308.54998779296875,305.1199951171875,307.2699890136719,936700.0,307.2699890136719,0.0
SAP,2025-07-22,306.69000244140625,307.6600036621094,303.5,306.2900085449219,2078200.0,306.2900085449219,0.0
SAP,2025-07-23,292.9200134277344,294.44000244140625,286.739990234375,290.6300048828125,4638500.0,290.6300048828125,0.0
SAP,2025-07-24,288.2900085449219,290.55999755859375,286.1600036621094,286.1600036621094,2258100.0,286.1600036621094,0.0
SAP,2025-07-25,285.80999755859375,288.4599914550781,285.42999267578125,288.0299987792969,1608900.0,288.0299987792969,0.0
SAP,2025-07-28,285.2699890136719,285.70001220703125,282.0,282.3800048828125,1482300.0,282.3800048828125,0.0
SAP,2025-07-29,285.8599853515625,288.6199951171875,285.8399963378906,287.5400085449219,1521100.0,287.5400085449219,0.0
SAP,2025-07-30,287.75,291.6099853515625,287.1199951171875,290.5,1375500.0,290.5,0.0
SAP,2025-07-31,290.3900146484375,290.7200012207031,285.6000061035156,286.70001220703125,1323700.0,286.70001220703125,0.0
SAP,2025-08-01,282.0799865722656,284.8399963378906,281.0299987792969,283.0,1578500.0,283.0,0.0
SAP,2025-08-04,284.2099914550781,284.3800048828125,281.9200134277344,283.7900085449219,1077000.0,283.7900085449219,0.0
SAP,2025-08-05,286.04998779296875,287.1000061035156,283.92999267578125,285.19000244140625,1090100.0,285.19000244140625,0.0
SAP,2025-08-06,288.3699951171875,292.0799865722656,287.9200134277344,291.7799987792969,1135700.0,291.7799987792969,0.0
SAP,2025-08-07,299.2099914550781,299.4800109863281,292.2099914550781,295.4599914550781,1854600.0,295.4599914550781,0.0
SAP,2025-08-08,291.44000244140625,293.0199890136719,289.6199951171875,292.1199951171875,1159700.0,292.1199951171875,0.0
SAP,2025-08-11,288.8800048828125,290.5,286.7099914550781,287.239990234375,1314300.0,287.239990234375,0.0
SAP,2025-08-12,273.75,276.20001220703125,268.6600036621094,275.8900146484375,5249300.0,275.8900146484375,0.0
SAP,2025-08-13,278.0199890136719,281.0,277.0199890136719,278.82000732421875,1663000.0,278.82000732421875,0.0
SAP,2025-08-14,278.4800109863281,279.8500061035156,278.1000061035156,278.9100036621094,954600.0,278.9100036621094,0.0
SAP,2025-08-15,278.489990234375,279.5299987792969,276.55999755859375,277.8500061035156,1292600.0,277.8500061035156,0.0
SAP,2025-08-18,275.8800048828125,276.7799987792969,275.489990234375,276.7200012207031,1724200.0,276.7200012207031,0.0
SAP,2025-08-19,277.739990234375,278.5199890136719,273.6300048828125,274.2300109863281,1676400.0,274.2300109863281,0.0
SAP,2025-08-20,273.1300048828125,273.4599914550781,270.30999755859375,272.5299987792969,1249100.0,272.5299987792969,0.0
SAP,2025-08-21,270.3699951171875,271.4200134277344,268.1199951171875,269.2099914550781,1593800.0,269.2099914550781,0.0
SAP,2025-08-22,269.4800109863281,272.510009765625,268.32000732421875,271.1099853515625,1450700.0,271.1099853515625,0.0
SAP,2025-08-25,273.1700134277344,273.7099914550781,270.260009765625,270.260009765625,1397300.0,270.260009765625,0.0
SAP,2025-08-26,271.510009765625,272.30999755859375,269.45001220703125,269.8599853515625,1823800.0,269.8599853515625,0.0
SAP,2025-08-27,270.4700012207031,275.44000244140625,270.1300048828125,275.1099853515625,1111500.0,275.1099853515625,0.0
SAP,2025-08-28,275.739990234375,276.8299865722656,275.1499938964844,275.3999938964844,731000.0,275.3999938964844,0.0
SAP,2025-08-29,272.260009765625,272.6700134277344,270.2099914550781,272.1600036621094,1208000.0,272.1600036621094,0.0
SAP,2025-09-02,266.8299865722656,268.6000061035156,264.17999267578125,266.20001220703125,1594400.0,266.20001220703125,0.0
SAP,2025-09-03,268.80999755859375,270.989990234375,267.8900146484375,270.94000244140625,1063200.0,270.94000244140625,0.0
SAP,2025-09-04,272.8800048828125,273.1199951171875,270.80999755859375,271.989990234375,1012800.0,271.989990234375,0.0
SAP,2025-09-05,271.6700134277344,272.260009765625,267.2900085449219,269.0,1700400.0,269.0,0.0
SAP,2025-09-08,268.7200012207031,272.0199890136719,268.7200012207031,270.3299865722656,1939300.0,270.3299865722656,0.0
SAP,2025-09-09,270.04998779296875,271.7300109863281,269.6199951171875,271.4800109863281,3125000.0,271.4800109863281,0.0
SAP,2025-09-10,270.29998779296875,270.29998779296875,259.8299865722656,260.510009765625,3242100.0,260.510009765625,0.0
SAP,2025-09-11,259.1600036621094,259.44000244140625,256.67999267578125,258.19000244140625,3282000.0,258.19000244140625,0.0
SAP,2025-09-12,258.1700134277344,259.0299987792969,256.9100036621094,257.1600036621094,1499900.0,257.1600036621094,0.0
SAP,2025-09-16 16:00:02-04:00,251.50999450683594,254.5,248.32000732421875,253.60000610351562,2629899.0,253.60000610351562,0.0
CSCO,2025-03-17,60.400001525878906,61.209999084472656,60.34000015258789,60.88999938964844,15335800.0,60.12460708618164,0.0
CSCO,2025-03-18,60.66999816894531,60.79999923706055,59.66999816894531,60.29999923706055,16669000.0,59.542022705078125,0.0
CSCO,2025-03-19,60.630001068115234,61.58000183105469,60.5,61.119998931884766,15488800.0,60.351715087890625,0.0
CSCO,2025-03-20,60.47999954223633,61.02000045776367,60.34000015258789,60.619998931884766,16528600.0,59.85799789428711,0.0
CSCO,2025-03-21,60.16999816894531,60.400001525878906,59.43000030517578,60.29999923706055,65935200.0,59.542022705078125,0.0
CSCO,2025-03-24,61.040000915527344,61.380001068115234,60.880001068115234,60.970001220703125,28335600.0,60.20360565185547,0.0
CSCO,2025-03-25,60.84000015258789,61.209999084472656,60.70000076293945,60.9900016784668,20877600.0,60.22335433959961,0.0
CSCO,2025-03-26,61.029998779296875,61.84000015258789,61.0099983215332,61.79999923706055,30621200.0,61.02316665649414,0.0
CSCO,2025-03-27,61.88999938964844,61.97999954223633,61.33000183105469,61.400001525878906,25720200.0,60.628196716308594,0.0
CSCO,2025-03-28,61.65999984741211,61.779998779296875,60.5099983215332,60.86000061035156,24931700.0,60.09498596191406,0.0
CSCO,2025-03-31,60.630001068115234,61.900001525878906,60.2400016784668,61.709999084472656,29335700.0,60.93429946899414,0.0
CSCO,2025-04-01,61.380001068115234,62.040000915527344,61.060001373291016,61.79999923706055,17381400.0,61.02316665649414,0.0
CSCO,2025-04-02,61.20000076293945,61.869998931884766,61.099998474121094,61.81999969482422,18610700.0,61.04291915893555,0.0
CSCO,2025-04-03,59.380001068115234,59.91999816894531,57.2599983215332,57.310001373291016,40006300.0,56.96742630004883,0.41
CSCO,2025-04-04,56.65999984741211,57.470001220703125,54.439998626708984,54.540000915527344,42924400.0,54.213985443115234,0.0
CSCO,2025-04-07,53.380001068115234,56.119998931884766,52.11000061035156,54.40999984741211,46816200.0,54.08475875854492,0.0
CSCO,2025-04-08,54.7400016784668,55.869998931884766,52.720001220703125,53.189998626708984,37377000.0,52.87205123901367,0.0
CSCO,2025-04-09,53.08000183105469,58.43000030517578,52.66999816894531,58.130001068115234,53380800.0,57.78252410888672,0.0
CSCO,2025-04-10,57.81999969482422,57.939998626708984,55.0,56.59000015258789,31964600.0,56.25172805786133,0.0
CSCO,2025-04-11,56.66999816894531,57.79999923706055,56.279998779296875,57.33000183105469,23036900.0,56.987308502197266,0.0
CSCO,2025-04-14,57.88999938964844,58.209999084472656,57.099998474121094,57.40999984741211,15657700.0,57.06682586669922,0.0
CSCO,2025-04-15,57.869998931884766,57.90999984741211,57.060001373291016,57.20000076293945,18543600.0,56.85808181762695,0.0
CSCO,2025-04-16,56.56999969482422,57.08000183105469,55.41999816894531,55.7599983215332,20551300.0,55.42668914794922,0.0
CSCO,2025-04-17,56.20000076293945,56.40999984741211,55.689998626708984,55.7599983215332,15910400.0,55.42668914794922,0.0
CSCO,2025-04-21,55.15999984741211,55.33000183105469,53.83000183105469,54.369998931884766,15578800.0,54.04499816894531,0.0
CSCO,2025-04-22,55.220001220703125,55.279998779296875,54.59000015258789,55.040000915527344,19961800.0,54.710994720458984,0.0
CSCO,2025-04-23,56.150001525878906,56.97999954223633,55.5,55.630001068115234,30231500.0,55.29747009277344,0.0
CSCO,2025-04-24,55.29999923706055,56.56999969482422,55.15999984741211,56.290000915527344,22782300.0,55.953521728515625,0.0
CSCO,2025-04-25,56.209999084472656,56.779998779296875,56.06999969482422,56.709999084472656,16493500.0,56.371009826660156,0.0
CSCO,2025-04-28,56.529998779296875,57.33000183105469,56.41999816894531,56.84000015258789,23140600.0,56.50023651123047,0.0
CSCO,2025-04-29,56.689998626708984,57.4900016784668,56.630001068115234,57.34000015258789,13466000.0,56.99724578857422,0.0
CSCO,2025-04-30,57.099998474121094,57.90999984741211,56.459999084472656,57.72999954223633,19921200.0,57.38491439819336,0.0
CSCO,2025-05-01,57.779998779296875,58.470001220703125,57.68000030517578,58.119998931884766,16420800.0,57.7725830078125,0.0
CSCO,2025-05-02,59.060001373291016,59.41999816894531,58.7400016784668,59.33000183105469,18753200.0,58.9753532409668,0.0
CSCO,2025-05-05,59.0,59.650001525878906,58.880001068115234,59.31999969482422,14758500.0,58.96540832519531,0.0
CSCO,2025-05-06,58.630001068115234,59.5099983215332,58.58000183105469,59.220001220703125,13766500.0,58.86600875854492,0.0
CSCO,2025-05-07,59.20000076293945,59.900001525878906,59.06999969482422,59.56999969482422,14078300.0,59.21391677856445,0.0
CSCO,2025-05-08,59.959999084472656,60.279998779296875,59.43000030517578,59.709999084472656,16196700.0,59.35307693481445,0.0
CSCO,2025-05-09,60.65999984741211,60.83000183105469,59.439998626708984,59.77000045776367,17480700.0,59.4127197265625,0.0
CSCO,2025-05-12,61.61000061035156,61.849998474121094,61.119998931884766,61.66999816894531,23700000.0,61.301361083984375,0.0
CSCO,2025-05-13,61.68000030517578,62.2400016784668,61.61000061035156,61.779998779296875,18591200.0,61.41070556640625,0.0
CSCO,2025-05-14,61.630001068115234,61.869998931884766,60.849998474121094,61.290000915527344,34509200.0,60.92363739013672,0.0
CSCO,2025-05-15,63.06999969482422,65.75,62.91999816894531,64.26000213623047,60718000.0,63.875885009765625,0.0
CSCO,2025-05-16,63.90999984741211,64.02999877929688,62.97999954223633,63.619998931884766,30289900.0,63.23970413208008,0.0
CSCO,2025-05-19,63.43000030517578,64.12999725341797,63.18000030517578,63.91999816894531,16249000.0,63.53791046142578,0.0
CSCO,2025-05-20,63.7400016784668,63.849998474121094,63.06999969482422,63.41999816894531,14995200.0,63.04090118408203,0.0
CSCO,2025-05-21,62.9900016784668,63.90999984741211,62.970001220703125,63.20000076293945,15595900.0,62.82221984863281,0.0
CSCO,2025-05-22,63.40999984741211,63.720001220703125,62.95000076293945,63.36000061035156,15641100.0,62.98126220703125,0.0
CSCO,2025-05-23,62.709999084472656,63.220001220703125,62.529998779296875,63.11000061035156,15645400.0,62.732757568359375,0.0
CSCO,2025-05-27,63.7599983215332,63.9900016784668,63.34000015258789,63.75,17429400.0,63.36893081665039,0.0
CSCO,2025-05-28,63.88999938964844,63.9900016784668,63.25,63.34000015258789,13814500.0,62.96138000488281,0.0
CSCO,2025-05-29,63.72999954223633,63.7400016784668,62.4900016784668,63.04999923706055,13982800.0,62.67311477661133,0.0
CSCO,2025-05-30,62.91999816894531,63.18000030517578,62.29999923706055,63.040000915527344,25829000.0,62.66317367553711,0.0
CSCO,2025-06-02,62.72999954223633,63.880001068115234,62.709999084472656,63.849998474121094,15816000.0,63.46833038330078,0.0
CSCO,2025-06-03,63.79999923706055,64.45999908447266,63.720001220703125,64.36000061035156,15156900.0,63.975284576416016,0.0
CSCO,2025-06-04,64.66000366210938,64.88999938964844,64.3499984741211,64.38999938964844,14770900.0,64.0051040649414,0.0
CSCO,2025-06-05,64.4800033569336,64.91000366210938,64.27999877929688,64.62000274658203,17025200.0,64.23373413085938,0.0
CSCO,2025-06-06,65.31999969482422,66.16000366210938,65.2300033569336,66.05999755859375,20943800.0,65.66512298583984,0.0
CSCO,2025-06-09,66.11000061035156,66.36000061035156,65.58999633789062,65.9000015258789,13689800.0,65.5060806274414,0.0
CSCO,2025-06-10,66.01000213623047,66.08000183105469,64.80999755859375,65.1500015258789,17214900.0,64.76055908203125,0.0
CSCO,2025-06-11,65.11000061035156,65.1500015258789,63.869998931884766,64.19000244140625,20442600.0,63.80630111694336,0.0
CSCO,2025-06-12,64.31999969482422,65.20999908447266,64.11000061035156,65.0999984741211,15160800.0,64.71086120605469,0.0
CSCO,2025-06-13,64.58999633789062,64.72000122070312,63.93000030517578,64.08999633789062,14635000.0,63.70689392089844,0.0
CSCO,2025-06-16,65.19000244140625,65.61000061035156,64.8499984741211,65.51000213623047,16957700.0,65.118408203125,0.0
CSCO,2025-06-17,65.63999938964844,66.1500015258789,65.0199966430664,65.33000183105469,18845200.0,64.93948364257812,0.0
CSCO,2025-06-18,65.69000244140625,66.33999633789062,65.37999725341797,65.83999633789062,22664200.0,65.4464340209961,0.0
CSCO,2025-06-20,66.48999786376953,66.6500015258789,65.72000122070312,66.31999969482422,50421700.0,65.92356872558594,0.0
CSCO,2025-06-23,66.3499984741211,67.48999786376953,66.20999908447266,67.37999725341797,34030000.0,66.97722625732422,0.0
CSCO,2025-06-24,67.77999877929688,68.04000091552734,67.36000061035156,67.88999938964844,23162700.0,67.48418426513672,0.0
CSCO,2025-06-25,67.8499984741211,68.52999877929688,67.77999877929688,68.19000244140625,19395700.0,67.78239440917969,0.0
CSCO,2025-06-26,68.72000122070312,69.16000366210938,68.41999816894531,68.94999694824219,23154000.0,68.537841796875,0.0
CSCO,2025-06-27,68.87000274658203,69.22000122070312,68.33999633789062,68.6500015258789,26224600.0,68.23963928222656,0.0
CSCO,2025-06-30,68.83000183105469,69.77999877929688,68.75,69.37999725341797,32561200.0,68.96527099609375,0.0
CSCO,2025-07-01,69.37999725341797,69.55000305175781,68.63999938964844,69.0999984741211,21939500.0,68.68695068359375,0.0
CSCO,2025-07-02,68.68000030517578,68.94000244140625,68.18000030517578,68.58999633789062,16655200.0,68.17999267578125,0.0
CSCO,2025-07-03,68.18000030517578,69.47000122070312,68.18000030517578,69.37000274658203,17973500.0,69.37000274658203,0.41
CSCO,2025-07-07,69.08000183105469,69.30000305175781,68.61000061035156,68.93000030517578,23985200.0,68.93000030517578,0.0
CSCO,2025-07-08,68.80000305175781,68.91999816894531,68.3499984741211,68.58999633789062,21182600.0,68.58999633789062,0.0
CSCO,2025-07-09,68.54000091552734,69.31999969482422,68.30999755859375,69.2699966430664,23765900.0,69.2699966430664,0.0
CSCO,2025-07-10,69.26000213623047,69.38999938964844,68.55999755859375,68.76000213623047,15005300.0,68.76000213623047,0.0
CSCO,2025-07-11,68.29000091552734,68.5,67.69000244140625,67.94999694824219,14699400.0,67.94999694824219,0.0
CSCO,2025-07-14,67.83000183105469,68.02999877929688,67.19999694824219,67.81999969482422,16451400.0,67.81999969482422,0.0
CSCO,2025-07-15,67.68000030517578,67.87999725341797,67.1500015258789,67.18000030517578,13944600.0,67.18000030517578,0.0
CSCO,2025-07-16,67.1500015258789,67.55999755859375,66.9800033569336,67.37000274658203,15156100.0,67.37000274658203,0.0
CSCO,2025-07-17,67.55000305175781,68.47000122070312,67.51000213623047,68.30000305175781,20400000.0,68.30000305175781,0.0
CSCO,2025-07-18,68.77999877929688,68.83999633789062,67.95999908447266,68.05000305175781,16145100.0,68.05000305175781,0.0
CSCO,2025-07-21,67.9000015258789,68.62000274658203,67.79000091552734,68.33999633789062,14674200.0,68.33999633789062,0.0
CSCO,2025-07-22,68.33999633789062,68.5999984741211,68.08000183105469,68.16000366210938,14527200.0,68.16000366210938,0.0
CSCO,2025-07-23,68.3499984741211,68.83000183105469,68.05999755859375,68.62000274658203,13042300.0,68.62000274658203,0.0
CSCO,2025-07-24,68.36000061035156,68.58999633789062,67.91999816894531,68.29000091552734,13534000.0,68.29000091552734,0.0
CSCO,2025-07-25,68.37999725341797,68.81999969482422,68.06999969482422,68.69000244140625,11590000.0,68.69000244140625,0.0
CSCO,2025-07-28,67.75,67.95999908447266,67.37000274658203,67.91999816894531,20558400.0,67.91999816894531,0.0
CSCO,2025-07-29,68.2300033569336,68.72000122070312,67.83000183105469,67.95999908447266,15261800.0,67.95999908447266,0.0
CSCO,2025-07-30,67.83999633789062,68.58000183105469,67.3499984741211,68.27999877929688,15518200.0,68.27999877929688,0.0
CSCO,2025-07-31,68.30999755859375,69.1500015258789,67.87999725341797,68.08000183105469,18529200.0,68.08000183105469,0.0
CSCO,2025-08-01,67.51000213623047,67.61000061035156,66.5199966430664,67.11000061035156,21650000.0,67.11000061035156,0.0
CSCO,2025-08-04,67.7699966430664,68.51000213623047,67.61000061035156,68.48999786376953,17052200.0,68.48999786376953,0.0
CSCO,2025-08-05,68.69000244140625,68.87000274658203,67.44000244140625,67.5199966430664,15434500.0,67.5199966430664,0.0
CSCO,2025-08-06,67.95999908447266,69.3499984741211,67.7699966430664,69.20999908447266,23107800.0,69.20999908447266,0.0
CSCO,2025-08-07,69.80000305175781,70.13999938964844,69.20999908447266,69.9000015258789,22579600.0,69.9000015258789,0.0
CSCO,2025-08-08,70.23999786376953,72.0199966430664,70.22000122070312,71.79000091552734,31662400.0,71.79000091552734,0.0
CSCO,2025-08-11,72.30000305175781,72.55000305175781,70.33999633789062,70.66999816894531,28911400.0,70.66999816894531,0.0
CSCO,2025-08-12,70.79000091552734,71.5,70.55999755859375,71.37999725341797,21912100.0,71.37999725341797,0.0
CSCO,2025-08-13,71.86000061035156,72.02999877929688,70.25,70.4000015258789,38096400.0,70.4000015258789,0.0
CSCO,2025-08-14,68.0,70.61000061035156,67.4800033569336,69.30000305175781,39317300.0,69.30000305175781,0.0
CSCO,2025-08-15,68.44999694824219,68.6500015258789,65.86000061035156,66.19999694824219,40877300.0,66.19999694824219,0.0
CSCO,2025-08-18,66.08000183105469,67.11000061035156,65.75,66.94999694824219,20903400.0,66.94999694824219,0.0
CSCO,2025-08-19,66.76000213623047,67.5199966430664,66.4800033569336,66.76000213623047,18746600.0,66.76000213623047,0.0
CSCO,2025-08-20,66.81999969482422,67.19000244140625,66.54000091552734,67.11000061035156,14946400.0,67.11000061035156,0.0
CSCO,2025-08-21,67.0999984741211,67.22000122070312,66.47000122070312,67.0199966430664,12456600.0,67.0199966430664,0.0
CSCO,2025-08-22,67.33000183105469,68.04000091552734,67.01000213623047,67.31999969482422,16830600.0,67.31999969482422,0.0
CSCO,2025-08-25,67.27999877929688,67.5,67.11000061035156,67.13999938964844,11724500.0,67.13999938964844,0.0
CSCO,2025-08-26,67.16999816894531,68.75,67.11000061035156,68.38999938964844,28307900.0,68.38999938964844,0.0
CSCO,2025-08-27,68.31999969482422,68.75,68.1500015258789,68.44000244140625,13876700.0,68.44000244140625,0.0
CSCO,2025-08-28,68.36000061035156,69.58000183105469,68.3499984741211,69.43000030517578,15256000.0,69.43000030517578,0.0
CSCO,2025-08-29,69.11000061035156,69.45999908447266,68.83000183105469,69.08999633789062,14953000.0,69.08999633789062,0.0
CSCO,2025-09-02,68.11000061035156,68.31999969482422,67.37999725341797,67.80000305175781,18928800.0,67.80000305175781,0.0
CSCO,2025-09-03,68.05000305175781,68.12999725341797,67.33000183105469,67.66999816894531,14320100.0,67.66999816894531,0.0
CSCO,2025-09-04,68.0999984741211,68.41000366210938,67.41000366210938,67.98999786376953,14388500.0,67.98999786376953,0.0
CSCO,2025-09-05,67.72000122070312,68.0999984741211,66.4800033569336,66.9000015258789,21050800.0,66.9000015258789,0.0
CSCO,2025-09-08,66.72000122070312,67.01000213623047,66.3499984741211,66.87999725341797,14038000.0,66.87999725341797,0.0
CSCO,2025-09-09,66.73999786376953,67.44000244140625,66.63999938964844,67.33999633789062,11649400.0,67.33999633789062,0.0
CSCO,2025-09-10,67.58999633789062,68.31999969482422,67.12000274658203,68.12999725341797,14689500.0,68.12999725341797,0.0
CSCO,2025-09-11,68.30999755859375,68.56999969482422,67.51000213623047,67.69000244140625,17560800.0,67.69000244140625,0.0
CSCO,2025-09-12,66.87999725341797,67.33999633789062,66.12999725341797,66.52999877929688,18529200.0,66.52999877929688,0.0
CSCO,2025-09-16 16:00:01-04:00,67.0,67.37999725341797,66.55000305175781,66.93000030517578,17946639.0,66.93000030517578,0.0
AMD,2025-03-17,102.5999984741211,106.1500015258789,102.5999984741211,104.58999633789062,43689500.0,104.58999633789062,0.0
AMD,2025-03-18,103.8499984741211,104.55000305175781,102.97000122070312,103.51000213623047,27152800.0,103.51000213623047,0.0
AMD,2025-03-19,104.41999816894531,107.9000015258789,101.95999908447266,106.2300033569336,32287500.0,106.2300033569336,0.0
AMD,2025-03-20,105.12000274658203,108.26000213623047,105.12000274658203,107.13999938964844,26871800.0,107.13999938964844,0.0
AMD,2025-03-21,105.33000183105469,107.25,104.33000183105469,106.44000244140625,30767900.0,106.44000244140625,0.0
AMD,2025-03-24,109.7300033569336,114.8499984741211,109.4000015258789,113.8499984741211,53342000.0,113.8499984741211,0.0
AMD,2025-03-25,113.2699966430664,114.94999694824219,112.70999908447266,114.80999755859375,29077500.0,114.80999755859375,0.0
AMD,2025-03-26,114.11000061035156,115.9000015258789,108.68000030517578,110.19000244140625,39824000.0,110.19000244140625,0.0
AMD,2025-03-27,106.11000061035156,107.62000274658203,105.55000305175781,106.6500015258789,32773700.0,106.6500015258789,0.0
AMD,2025-03-28,105.52999877929688,106.51000213623047,102.4800033569336,103.22000122070312,31069100.0,103.22000122070312,0.0
AMD,2025-03-31,100.23999786376953,102.81999969482422,98.80000305175781,102.73999786376953,30865300.0,102.73999786376953,0.0
AMD,2025-04-01,102.16000366210938,102.83000183105469,100.93000030517578,102.77999877929688,23523200.0,102.77999877929688,0.0
AMD,2025-04-02,101.5199966430664,104.19000244140625,100.76000213623047,102.95999908447266,20794000.0,102.95999908447266,0.0
AMD,2025-04-03,97.79000091552734,99.44999694824219,93.63999938964844,93.80000305175781,50472500.0,93.80000305175781,0.0
AMD,2025-04-04,90.0999984741211,91.08000183105469,83.66999816894531,85.76000213623047,65847000.0,85.76000213623047,0.0
AMD,2025-04-07,80.68000030517578,89.0,77.75,83.63999938964844,70515400.0,83.63999938964844,0.0
AMD,2025-04-08,86.1500015258789,88.93000030517578,76.4800033569336,78.20999908447266,69910200.0,78.20999908447266,0.0
AMD,2025-04-09,79.22000122070312,97.91000366210938,78.87000274658203,96.83999633789062,97827400.0,96.83999633789062,0.0
AMD,2025-04-10,91.0,92.94999694824219,85.05999755859375,88.69999694824219,65210600.0,88.69999694824219,0.0
AMD,2025-04-11,90.51000213623047,94.76000213623047,90.5,93.4000015258789,57892600.0,93.4000015258789,0.0
AMD,2025-04-14,97.11000061035156,97.37000274658203,93.44999694824219,94.5,36003000.0,94.5,0.0
AMD,2025-04-15,94.66000366210938,96.8499984741211,94.62000274658203,95.29000091552734,28116500.0,95.29000091552734,0.0
AMD,2025-04-16,87.61000061035156,90.47000122070312,85.30000305175781,88.29000091552734,62109000.0,88.29000091552734,0.0
AMD,2025-04-17,88.83999633789062,89.02999877929688,86.5199966430664,87.5,34801400.0,87.5,0.0
AMD,2025-04-21,86.0199966430664,86.13999938964844,83.75,85.55999755859375,33855400.0,85.55999755859375,0.0
AMD,2025-04-22,86.12000274658203,87.16999816894531,85.16999816894531,86.26000213623047,35236700.0,86.26000213623047,0.0
AMD,2025-04-23,91.87999725341797,93.73999786376953,90.12000274658203,90.38999938964844,41102600.0,90.38999938964844,0.0
AMD,2025-04-24,91.58999633789062,94.75,90.37000274658203,94.47000122070312,33681900.0,94.47000122070312,0.0
AMD,2025-04-25,93.27999877929688,97.0999984741211,92.8499984741211,96.6500015258789,28575300.0,96.6500015258789,0.0
AMD,2025-04-28,95.58000183105469,97.48999786376953,94.2699966430664,96.38999938964844,30456700.0,96.38999938964844,0.0
AMD,2025-04-29,95.76000213623047,97.18000030517578,95.33000183105469,96.05999755859375,20700600.0,96.05999755859375,0.0
AMD,2025-04-30,92.80999755859375,97.55000305175781,91.87000274658203,97.3499984741211,29730700.0,97.3499984741211,0.0
AMD,2025-05-01,99.2699966430664,100.0999984741211,96.44999694824219,96.6500015258789,29591500.0,96.6500015258789,0.0
AMD,2025-05-02,98.4000015258789,99.87999725341797,98.30000305175781,98.80000305175781,29957900.0,98.80000305175781,0.0
AMD,2025-05-05,99.0,102.05000305175781,98.76000213623047,100.58999633789062,41268900.0,100.58999633789062,0.0
AMD,2025-05-06,98.41000366210938,100.06999969482422,97.44000244140625,98.62000274658203,54264300.0,98.62000274658203,0.0
AMD,2025-05-07,100.75,103.41999816894531,96.87999725341797,100.36000061035156,86474400.0,100.36000061035156,0.0
AMD,2025-05-08,101.91999816894531,105.44000244140625,101.55999755859375,101.69999694824219,54231400.0,101.69999694824219,0.0
AMD,2025-05-09,102.58999633789062,103.54000091552734,101.5999984741211,102.83999633789062,31704300.0,102.83999633789062,0.0
AMD,2025-05-12,110.41999816894531,110.66999816894531,106.9800033569336,108.12000274658203,50543400.0,108.12000274658203,0.0
AMD,2025-05-13,109.5999984741211,113.12999725341797,109.0,112.45999908447266,55659500.0,112.45999908447266,0.0
AMD,2025-05-14,119.83000183105469,122.5199966430664,116.58999633789062,117.72000122070312,86743700.0,117.72000122070312,0.0
AMD,2025-05-15,117.0199966430664,117.5,114.01000213623047,114.98999786376953,43843200.0,114.98999786376953,0.0
AMD,2025-05-16,118.06999969482422,118.23999786376953,116.01000213623047,117.16999816894531,43419700.0,117.16999816894531,0.0
AMD,2025-05-19,115.0199966430664,115.52999877929688,114.05999755859375,114.73999786376953,37737400.0,114.73999786376953,0.0
AMD,2025-05-20,114.3499984741211,114.51000213623047,112.08000183105469,113.51000213623047,29030800.0,113.51000213623047,0.0
AMD,2025-05-21,113.8499984741211,116.0999984741211,111.08999633789062,112.05999755859375,43594600.0,112.05999755859375,0.0
AMD,2025-05-22,111.9000015258789,112.63999938964844,110.61000061035156,110.70999908447266,29252000.0,110.70999908447266,0.0
AMD,2025-05-23,108.08999633789062,111.0199966430664,107.66999816894531,110.30999755859375,30867300.0,110.30999755859375,0.0
AMD,2025-05-27,113.18000030517578,115.4000015258789,112.2699966430664,114.55999755859375,37885000.0,114.55999755859375,0.0
AMD,2025-05-28,114.91999816894531,114.94999694824219,112.66000366210938,112.86000061035156,27483700.0,112.86000061035156,0.0
AMD,2025-05-29,115.48999786376953,115.54000091552734,112.12999725341797,113.02999877929688,30501400.0,113.02999877929688,0.0
AMD,2025-05-30,111.58000183105469,112.11000061035156,108.62000274658203,110.7300033569336,36088500.0,110.7300033569336,0.0
AMD,2025-06-02,111.05999755859375,114.86000061035156,111.01000213623047,114.62999725341797,34078400.0,114.62999725341797,0.0
AMD,2025-06-03,114.5,117.68000030517578,113.27999877929688,117.30999755859375,37161500.0,117.30999755859375,0.0
AMD,2025-06-04,117.41000366210938,119.30000305175781,115.7300033569336,118.58000183105469,31025000.0,118.58000183105469,0.0
AMD,2025-06-05,118.94999694824219,119.23999786376953,114.70999908447266,115.69000244140625,34091000.0,115.69000244140625,0.0
AMD,2025-06-06,117.69000244140625,118.37999725341797,115.87999725341797,116.19000244140625,27042100.0,116.19000244140625,0.0
AMD,2025-06-09,119.18000030517578,122.37000274658203,119.04000091552734,121.7300033569336,55437700.0,121.7300033569336,0.0
AMD,2025-06-10,121.11000061035156,124.08999633789062,120.80000305175781,123.23999786376953,41691900.0,123.23999786376953,0.0
AMD,2025-06-11,124.44000244140625,124.47000122070312,119.87999725341797,121.13999938964844,32261900.0,121.13999938964844,0.0
AMD,2025-06-12,120.62000274658203,122.25,118.02999877929688,118.5,44718400.0,118.5,0.0
AMD,2025-06-13,116.05000305175781,117.87999725341797,115.05999755859375,116.16000366210938,39702700.0,116.16000366210938,0.0
AMD,2025-06-16,118.63999938964844,128.13999938964844,117.77999877929688,126.38999938964844,100968500.0,126.38999938964844,0.0
AMD,2025-06-17,127.93000030517578,130.6999969482422,126.58000183105469,127.0999984741211,86623900.0,127.0999984741211,0.0
AMD,2025-06-18,128.00999450683594,129.2100067138672,125.7699966430664,126.79000091552734,49627100.0,126.79000091552734,0.0
AMD,2025-06-20,129.0,132.80999755859375,127.55000305175781,128.24000549316406,79931000.0,128.24000549316406,0.0
AMD,2025-06-23,130.47000122070312,133.25,126.81999969482422,129.5800018310547,65152900.0,129.5800018310547,0.0
AMD,2025-06-24,133.42999267578125,138.7899932861328,132.92999267578125,138.42999267578125,78572000.0,138.42999267578125,0.0
AMD,2025-06-25,140.94000244140625,144.17999267578125,139.4600067138672,143.39999389648438,74607200.0,143.39999389648438,0.0
AMD,2025-06-26,145.97000122070312,146.0,141.91000366210938,143.67999267578125,58180100.0,143.67999267578125,0.0
AMD,2025-06-27,144.17999267578125,147.75,141.6300048828125,143.80999755859375,61937900.0,143.80999755859375,0.0
AMD,2025-06-30,144.0,146.0,141.00999450683594,141.89999389648438,42972500.0,141.89999389648438,0.0
AMD,2025-07-01,138.77000427246094,140.22999572753906,135.1199951171875,136.11000061035156,55257200.0,136.11000061035156,0.0
AMD,2025-07-02,135.52999877929688,139.77999877929688,135.22000122070312,138.52000427246094,39228000.0,138.52000427246094,0.0
AMD,2025-07-03,139.11000061035156,139.5,137.32000732421875,137.91000366210938,28646000.0,137.91000366210938,0.0
AMD,2025-07-07,136.55999755859375,137.44000244140625,133.5,134.8000030517578,37395000.0,134.8000030517578,0.0
AMD,2025-07-08,137.32000732421875,139.14999389648438,135.91000366210938,137.82000732421875,36124600.0,137.82000732421875,0.0
AMD,2025-07-09,138.69000244140625,140.64999389648438,137.58999633789062,138.41000366210938,37013100.0,138.41000366210938,0.0
AMD,2025-07-10,143.0,145.82000732421875,141.85000610351562,144.16000366210938,61101500.0,144.16000366210938,0.0
AMD,2025-07-11,142.60000610351562,147.39999389648438,141.60000610351562,146.4199981689453,50049200.0,146.4199981689453,0.0
AMD,2025-07-14,145.08999633789062,147.5800018310547,141.89999389648438,146.24000549316406,44718600.0,146.24000549316406,0.0
AMD,2025-07-15,153.75,158.67999267578125,153.55999755859375,155.61000061035156,93370100.0,155.61000061035156,0.0
AMD,2025-07-16,155.30999755859375,160.36000061035156,152.85000610351562,160.0800018310547,59492800.0,160.0800018310547,0.0
AMD,2025-07-17,161.80999755859375,161.9600067138672,158.67999267578125,160.41000366210938,50605100.0,160.41000366210938,0.0
AMD,2025-07-18,159.58999633789062,160.8300018310547,155.80999755859375,156.99000549316406,48859800.0,156.99000549316406,0.0
AMD,2025-07-21,157.6199951171875,160.33999633789062,156.9199981689453,157.0,39021100.0,157.0,0.0
AMD,2025-07-22,156.1999969482422,156.22999572753906,149.33999633789062,154.72000122070312,49028000.0,154.72000122070312,0.0
AMD,2025-07-23,156.32000732421875,159.4499969482422,156.0,158.64999389648438,41510900.0,158.64999389648438,0.0
AMD,2025-07-24,159.1199951171875,163.92999267578125,158.36000061035156,162.1199951171875,48440100.0,162.1199951171875,0.0
AMD,2025-07-25,163.50999450683594,167.17999267578125,162.36000061035156,166.47000122070312,53432300.0,166.47000122070312,0.0
AMD,2025-07-28,169.0800018310547,174.6999969482422,168.6699981689453,173.66000366210938,68267800.0,173.66000366210938,0.0
AMD,2025-07-29,175.2100067138672,182.30999755859375,174.67999267578125,177.44000244140625,108154800.0,177.44000244140625,0.0
AMD,2025-07-30,175.61000061035156,180.3699951171875,173.8000030517578,179.50999450683594,64820300.0,179.50999450683594,0.0
AMD,2025-07-31,182.02000427246094,182.5,173.0,176.30999755859375,71765300.0,176.30999755859375,0.0
AMD,2025-08-01,170.16000366210938,174.39999389648438,166.82000732421875,171.6999969482422,75396100.0,171.6999969482422,0.0
AMD,2025-08-04,174.61000061035156,177.86000061035156,173.55999755859375,176.77999877929688,52951000.0,176.77999877929688,0.0
AMD,2025-08-05,177.57000732421875,177.99000549316406,171.8000030517578,174.30999755859375,88808500.0,174.30999755859375,0.0
AMD,2025-08-06,165.0500030517578,166.17999267578125,157.8000030517578,163.1199951171875,133641800.0,163.1199951171875,0.0
AMD,2025-08-07,166.83999633789062,175.75,166.6999969482422,172.39999389648438,95448300.0,172.39999389648438,0.0
AMD,2025-08-08,174.0399932861328,176.47999572753906,170.52000427246094,172.75999450683594,68866700.0,172.75999450683594,0.0
AMD,2025-08-11,170.0399932861328,178.82000732421875,169.3800048828125,172.27999877929688,70651000.0,172.27999877929688,0.0
AMD,2025-08-12,173.32000732421875,175.16000366210938,168.5,174.9499969482422,52243500.0,174.9499969482422,0.0
AMD,2025-08-13,179.91000366210938,186.64999389648438,179.3800048828125,184.4199981689453,108305100.0,184.4199981689453,0.0
AMD,2025-08-14,179.8300018310547,185.44000244140625,179.55999755859375,180.9499969482422,66308800.0,180.9499969482422,0.0
AMD,2025-08-15,180.05999755859375,180.13999938964844,176.25,177.50999450683594,51543100.0,177.50999450683594,0.0
AMD,2025-08-18,176.75999450683594,178.8000030517578,174.36000061035156,176.13999938964844,35937500.0,176.13999938964844,0.0
AMD,2025-08-19,173.10000610351562,173.1699981689453,166.10000610351562,166.5500030517578,64455000.0,166.5500030517578,0.0
AMD,2025-08-20,164.10000610351562,166.64999389648438,158.25,165.1999969482422,60233200.0,165.1999969482422,0.0
AMD,2025-08-21,165.86000061035156,165.8800048828125,162.25999450683594,163.7100067138672,37880500.0,163.7100067138672,0.0
AMD,2025-08-22,162.1699981689453,168.52999877929688,161.8000030517578,167.75999450683594,43998600.0,167.75999450683594,0.0
AMD,2025-08-25,165.5500030517578,165.58999633789062,161.72000122070312,163.36000061035156,36134700.0,163.36000061035156,0.0
AMD,2025-08-26,168.64999389648438,169.77000427246094,164.91000366210938,166.6199951171875,52138600.0,166.6199951171875,0.0
AMD,2025-08-27,166.0399932861328,167.67999267578125,164.64999389648438,167.1300048828125,37031000.0,167.1300048828125,0.0
AMD,2025-08-28,168.5,170.99000549316406,166.64999389648438,168.5800018310547,36285200.0,168.5800018310547,0.0
AMD,2025-08-29,166.80999755859375,168.57000732421875,161.89999389648438,162.6300048828125,37516800.0,162.6300048828125,0.0
AMD,2025-09-02,158.4199981689453,162.38999938964844,156.6199951171875,162.32000732421875,38656100.0,162.32000732421875,0.0
AMD,2025-09-03,161.80999755859375,164.75,160.5800018310547,162.1300048828125,30752800.0,162.1300048828125,0.0
AMD,2025-09-04,159.94000244140625,162.0500030517578,157.7899932861328,161.7899932861328,32103500.0,161.7899932861328,0.0
AMD,2025-09-05,157.1199951171875,157.13999938964844,150.17999267578125,151.13999938964844,78256000.0,151.13999938964844,0.0
AMD,2025-09-08,151.8000030517578,152.63999938964844,149.22000122070312,151.41000366210938,41849000.0,151.41000366210938,0.0
AMD,2025-09-09,151.99000549316406,156.66000366210938,151.92999267578125,155.82000732421875,42802500.0,155.82000732421875,0.0
AMD,2025-09-10,163.5399932861328,164.52999877929688,158.0,159.5399932861328,52465300.0,159.5399932861328,0.0
AMD,2025-09-11,158.6199951171875,160.2100067138672,154.99000549316406,155.6699981689453,48817700.0,155.6699981689453,0.0
AMD,2025-09-12,157.0,160.41000366210938,154.9199981689453,158.57000732421875,42169500.0,158.57000732421875,0.0
AMD,2025-09-16 16:00:01-04:00,161.3699951171875,161.94000244140625,159.22000122070312,160.4600067138672,27069157.0,160.4600067138672,0.0
IBM,2025-03-17,249.25,254.6300048828125,249.0,252.97000122070312,3233900.0,249.610107421875,0.0
IBM,2025-03-18,252.50999450683594,252.57000732421875,245.1199951171875,246.9499969482422,4171900.0,243.67005920410156,0.0
IBM,2025-03-19,248.3300018310547,253.66000366210938,246.63999938964844,252.2899932861328,3853600.0,248.93911743164062,0.0
IBM,2025-03-20,244.24000549316406,246.8000030517578,237.22000122070312,243.32000732421875,7026800.0,240.08827209472656,0.0
IBM,2025-03-21,241.69000244140625,245.2100067138672,238.5,243.8699951171875,9580100.0,240.63095092773438,0.0
IBM,2025-03-24,247.30999755859375,248.82000732421875,245.97000122070312,248.4499969482422,4753300.0,245.15013122558594,0.0
IBM,2025-03-25,248.36000061035156,250.89999389648438,248.1999969482422,249.89999389648438,3133800.0,246.58087158203125,0.0
IBM,2025-03-26,251.25,254.32000732421875,249.52999877929688,250.33999633789062,4450100.0,247.0150146484375,0.0
IBM,2025-03-27,249.7100067138672,250.3000030517578,245.72999572753906,246.2100067138672,2889300.0,242.93988037109375,0.0
IBM,2025-03-28,246.27000427246094,247.57000732421875,242.07000732421875,244.0,3125300.0,240.7592315673828,0.0
IBM,2025-03-31,242.74000549316406,250.88999938964844,242.49000549316406,248.66000366210938,6795000.0,245.3573455810547,0.0
IBM,2025-04-01,248.02999877929688,250.6199951171875,243.49000549316406,250.33999633789062,4412900.0,247.0150146484375,0.0
IBM,2025-04-02,248.22000122070312,252.7899932861328,247.22999572753906,249.97999572753906,4080800.0,246.65980529785156,0.0
IBM,2025-04-03,242.7100067138672,250.61000061035156,242.52999877929688,243.49000549316406,5309600.0,240.25601196289062,0.0
IBM,2025-04-04,238.0,240.16000366210938,226.8800048828125,227.47999572753906,7407100.0,224.45864868164062,0.0
IBM,2025-04-07,219.24000549316406,232.2899932861328,214.5,225.77999877929688,7797900.0,222.78121948242188,0.0
IBM,2025-04-08,232.55999755859375,233.0500030517578,217.27999877929688,221.02999877929688,6850000.0,218.0943145751953,0.0
IBM,2025-04-09,217.1199951171875,236.3000030517578,215.16000366210938,235.30999755859375,7302800.0,232.1846466064453,0.0
IBM,2025-04-10,231.0,232.57000732421875,222.02000427246094,229.5500030517578,5656100.0,226.50115966796875,0.0
IBM,2025-04-11,229.72000122070312,237.5800018310547,227.50999450683594,235.47999572753906,4325900.0,232.35238647460938,0.0
IBM,2025-04-14,239.77000427246094,241.77000427246094,236.72999572753906,239.05999755859375,3321500.0,235.8848419189453,0.0
IBM,2025-04-15,239.5500030517578,241.52999877929688,238.27000427246094,240.6999969482422,3363700.0,237.5030517578125,0.0
IBM,2025-04-16,240.27999877929688,243.3000030517578,235.88999938964844,238.57000732421875,4869900.0,235.40135192871094,0.0
IBM,2025-04-17,239.67999267578125,241.77999877929688,237.39999389648438,238.80999755859375,4635200.0,235.63815307617188,0.0
IBM,2025-04-21,238.07000732421875,240.80999755859375,232.92999267578125,236.22000122070312,4908900.0,233.0825653076172,0.0
IBM,2025-04-22,238.5,242.63999938964844,238.02000427246094,240.89999389648438,4232700.0,237.70040893554688,0.0
IBM,2025-04-23,246.0,249.33999633789062,243.66000366210938,245.47999572753906,7948300.0,242.21957397460938,0.0
IBM,2025-04-24,231.17999267578125,232.77999877929688,224.44000244140625,229.3300018310547,15428100.0,226.28407287597656,0.0
IBM,2025-04-25,228.9499969482422,233.36000061035156,226.32000732421875,232.41000366210938,6700100.0,229.32318115234375,0.0
IBM,2025-04-28,232.86000061035156,236.6300048828125,232.07000732421875,236.16000366210938,3653500.0,233.0233612060547,0.0
IBM,2025-04-29,237.0,239.97999572753906,236.13999938964844,239.38999938964844,3426500.0,236.21046447753906,0.0
IBM,2025-04-30,236.72999572753906,242.47000122070312,234.33999633789062,241.82000732421875,5143000.0,238.60818481445312,0.0
IBM,2025-05-01,241.44000244140625,242.3699951171875,237.9499969482422,239.66000366210938,4243300.0,236.4768829345703,0.0
IBM,2025-05-02,243.1300048828125,245.69000244140625,241.3300018310547,245.5500030517578,3731900.0,242.2886505126953,0.0
IBM,2025-05-05,243.74000549316406,249.8000030517578,243.63999938964844,249.17999267578125,4137800.0,245.8704376220703,0.0
IBM,2025-05-06,247.75999450683594,250.19000244140625,246.11000061035156,249.1199951171875,2900600.0,245.8112335205078,0.0
IBM,2025-05-07,249.4499969482422,254.47000122070312,248.8300018310547,253.3699951171875,3399700.0,250.00477600097656,0.0
IBM,2025-05-08,255.0,256.5199890136719,253.25,254.13999938964844,3637000.0,250.76455688476562,0.0
IBM,2025-05-09,252.50999450683594,253.0,247.63999938964844,249.1999969482422,2901300.0,247.5264434814453,1.68
IBM,2025-05-12,252.5,253.80999755859375,244.64999389648438,253.69000244140625,4609500.0,251.98629760742188,0.0
IBM,2025-05-13,254.42999267578125,259.5799865722656,252.8800048828125,258.5899963378906,3521400.0,256.8533935546875,0.0
IBM,2025-05-14,257.6000061035156,260.54998779296875,256.2200012207031,257.82000732421875,3634700.0,256.08856201171875,0.0
IBM,2025-05-15,259.010009765625,267.42999267578125,258.6099853515625,266.67999267578125,4856300.0,264.8890380859375,0.0
IBM,2025-05-16,266.3500061035156,267.9800109863281,264.5899963378906,266.760009765625,3817900.0,264.9685363769531,0.0
IBM,2025-05-19,265.45001220703125,269.1400146484375,265.0799865722656,268.4100036621094,3198600.0,266.6074523925781,0.0
IBM,2025-05-20,267.3999938964844,269.2799987792969,265.6199951171875,266.95001220703125,2437900.0,265.1572570800781,0.0
IBM,2025-05-21,264.9700012207031,265.6499938964844,260.4100036621094,260.8699951171875,3753900.0,259.1180725097656,0.0
IBM,2025-05-22,260.7699890136719,261.2699890136719,257.9100036621094,258.3699951171875,3091300.0,256.6348571777344,0.0
IBM,2025-05-23,258.5799865722656,259.8699951171875,255.7899932861328,258.6300048828125,2722600.0,256.89312744140625,0.0
IBM,2025-05-27,261.0,263.7900085449219,259.6300048828125,263.2300109863281,3284200.0,261.46221923828125,0.0
IBM,2025-05-28,263.1600036621094,265.0,259.94000244140625,260.239990234375,2318400.0,258.4922790527344,0.0
IBM,2025-05-29,260.75,261.1300048828125,256.7699890136719,258.69000244140625,2295000.0,256.9527282714844,0.0
IBM,2025-05-30,258.75,260.1199951171875,257.1000061035156,259.05999755859375,9668900.0,257.3202209472656,0.0
IBM,2025-06-02,257.8500061035156,263.9800109863281,257.2200012207031,263.8999938964844,2831900.0,262.1277160644531,0.0
IBM,2025-06-03,263.3500061035156,265.55999755859375,262.5799865722656,265.20001220703125,2494700.0,263.41900634765625,0.0
IBM,2025-06-04,264.8999938964844,267.0,264.7900085449219,265.5199890136719,2588600.0,263.7368469238281,0.0
IBM,2025-06-05,265.20001220703125,267.510009765625,265.1000061035156,266.8599853515625,2658400.0,265.0678405761719,0.0
IBM,2025-06-06,267.989990234375,270.1700134277344,267.5299987792969,268.8699951171875,2495200.0,267.0643310546875,0.0
IBM,2025-06-09,268.1000061035156,273.4700012207031,266.7099914550781,272.0799865722656,4331500.0,270.2527770996094,0.0
IBM,2025-06-10,273.19000244140625,277.4700012207031,272.55999755859375,276.239990234375,5163500.0,274.38482666015625,0.0
IBM,2025-06-11,276.70001220703125,281.75,275.1099853515625,281.5199890136719,4656000.0,279.62939453125,0.0
IBM,2025-06-12,281.5299987792969,283.05999755859375,279.8299865722656,281.0299987792969,3418000.0,279.1426696777344,0.0
IBM,2025-06-13,278.2099914550781,279.8399963378906,275.8299865722656,277.2200012207031,3243800.0,275.3582763671875,0.0
IBM,2025-06-16,279.30999755859375,284.5,278.6700134277344,281.8299865722656,3685300.0,279.9372863769531,0.0
IBM,2025-06-17,281.1499938964844,284.7900085449219,281.0,283.04998779296875,3069600.0,281.14910888671875,0.0
IBM,2025-06-18,285.0,286.9100036621094,282.94000244140625,283.2099914550781,3534100.0,281.30804443359375,0.0
IBM,2025-06-20,279.2799987792969,284.1199951171875,277.20001220703125,280.9700012207031,7677000.0,279.0830993652344,0.0
IBM,2025-06-23,281.6499938964844,289.5799865722656,280.2099914550781,289.17999267578125,3786200.0,287.2379455566406,0.0
IBM,2025-06-24,290.4599914550781,294.3399963378906,288.4100036621094,293.7900085449219,4219100.0,291.8169860839844,0.0
IBM,2025-06-25,294.489990234375,296.1600036621094,289.5,291.05999755859375,3862300.0,289.1053161621094,0.0
IBM,2025-06-26,291.79998779296875,292.9100036621094,290.1700134277344,291.92999267578125,3621100.0,289.969482421875,0.0
IBM,2025-06-27,292.9700012207031,293.1199951171875,288.5199890136719,289.70001220703125,3562500.0,287.75445556640625,0.0
IBM,2025-06-30,290.92999267578125,294.80999755859375,290.0,294.7799987792969,3495400.0,292.80035400390625,0.0
IBM,2025-07-01,294.54998779296875,295.1099853515625,290.0799865722656,291.20001220703125,3272800.0,289.244384765625,0.0
IBM,2025-07-02,290.0,290.19000244140625,286.8999938964844,287.6499938964844,3257500.0,285.7182312011719,0.0
IBM,2025-07-03,287.94000244140625,292.32000732421875,287.8999938964844,291.9700012207031,1853300.0,290.00921630859375,0.0
IBM,2025-07-07,292.5,295.2200012207031,290.3599853515625,292.4700012207031,4488100.0,290.505859375,0.0
IBM,2025-07-08,293.1000061035156,295.6099853515625,289.489990234375,290.4200134277344,2925300.0,288.4696350097656,0.0
IBM,2025-07-09,291.3900146484375,291.6000061035156,288.6300048828125,290.1400146484375,2971300.0,288.1915283203125,0.0
IBM,2025-07-10,288.8999938964844,288.8999938964844,282.2099914550781,287.42999267578125,3487800.0,285.49969482421875,0.0
IBM,2025-07-11,285.010009765625,287.42999267578125,282.9200134277344,283.5899963378906,3790700.0,281.68548583984375,0.0
IBM,2025-07-14,282.8299865722656,284.92999267578125,281.7099914550781,283.7900085449219,2857100.0,281.8841552734375,0.0
IBM,2025-07-15,283.7699890136719,284.1499938964844,280.7300109863281,282.70001220703125,2864100.0,280.8014831542969,0.0
IBM,2025-07-16,282.75,283.8699951171875,279.8699951171875,281.9200134277344,2804800.0,280.0267333984375,0.0
IBM,2025-07-17,281.5,283.4599914550781,280.8999938964844,282.0,3337200.0,280.1061706542969,0.0
IBM,2025-07-18,283.3800048828125,287.1600036621094,282.2200012207031,285.8699951171875,4478200.0,283.9501647949219,0.0
IBM,2025-07-21,286.2900085449219,287.7300109863281,284.3800048828125,284.7099914550781,3051800.0,282.7979736328125,0.0
IBM,2025-07-22,284.739990234375,284.8800048828125,281.25,281.9599914550781,4824200.0,280.0664367675781,0.0
IBM,2025-07-23,284.29998779296875,288.0799865722656,281.44000244140625,282.010009765625,8105900.0,280.1161193847656,0.0
IBM,2025-07-24,261.25,262.04998779296875,252.75,260.510009765625,22647700.0,258.760498046875,0.0
IBM,2025-07-25,260.0199890136719,260.79998779296875,256.3500061035156,259.7200012207031,7758700.0,257.9757995605469,0.0
IBM,2025-07-28,260.29998779296875,264.0,259.6099853515625,263.2099914550781,5192500.0,261.4423522949219,0.0
IBM,2025-07-29,264.29998779296875,265.79998779296875,261.0199890136719,262.4100036621094,4627300.0,260.6477355957031,0.0
IBM,2025-07-30,261.6000061035156,262.0,258.8999938964844,260.260009765625,3718300.0,258.5121765136719,0.0
IBM,2025-07-31,259.57000732421875,259.989990234375,252.22000122070312,253.14999389648438,6739100.0,251.4499053955078,0.0
IBM,2025-08-01,251.41000366210938,251.47999572753906,245.61000061035156,250.0500030517578,9683400.0,248.37074279785156,0.0
IBM,2025-08-04,251.0500030517578,252.0800018310547,248.11000061035156,251.97999572753906,5280600.0,250.2877655029297,0.0
IBM,2025-08-05,252.0,252.8000030517578,249.0,250.6699981689453,5823000.0,248.986572265625,0.0
IBM,2025-08-06,251.52999877929688,254.32000732421875,249.27999877929688,252.27999877929688,3692100.0,250.58575439453125,0.0
IBM,2025-08-07,252.80999755859375,255.0,248.8800048828125,250.16000366210938,6251300.0,248.47999572753906,0.0
IBM,2025-08-08,248.8800048828125,249.47999572753906,241.64999389648438,242.27000427246094,6828400.0,242.27000427246094,1.68
IBM,2025-08-11,242.24000549316406,243.14999389648438,234.6999969482422,236.3000030517578,9382000.0,236.3000030517578,0.0
IBM,2025-08-12,236.52999877929688,237.9600067138672,233.36000061035156,234.77000427246094,8792800.0,234.77000427246094,0.0
IBM,2025-08-13,236.1999969482422,240.83999633789062,236.1999969482422,240.07000732421875,5663600.0,240.07000732421875,0.0
IBM,2025-08-14,238.25,239.0,235.6199951171875,237.11000061035156,4556700.0,237.11000061035156,0.0
IBM,2025-08-15,237.61000061035156,240.6199951171875,236.77000427246094,239.72000122070312,4344300.0,239.72000122070312,0.0
IBM,2025-08-18,239.57000732421875,241.4199981689453,239.1199951171875,239.4499969482422,3569600.0,239.4499969482422,0.0
IBM,2025-08-19,240.0,242.8300018310547,239.49000549316406,241.27999877929688,3328300.0,241.27999877929688,0.0
IBM,2025-08-20,242.11000061035156,242.8800048828125,240.33999633789062,242.5500030517578,3240100.0,242.5500030517578,0.0
IBM,2025-08-21,242.2100067138672,242.5,238.64999389648438,239.39999389648438,2991900.0,239.39999389648438,0.0
IBM,2025-08-22,240.74000549316406,243.67999267578125,240.22000122070312,242.08999633789062,3134900.0,242.08999633789062,0.0
IBM,2025-08-25,242.57000732421875,242.57000732421875,239.42999267578125,239.42999267578125,3513300.0,239.42999267578125,0.0
IBM,2025-08-26,241.02000427246094,244.97999572753906,240.3800048828125,242.6300048828125,5386600.0,242.6300048828125,0.0
IBM,2025-08-27,242.8699951171875,245.9600067138672,242.0,244.83999633789062,3698400.0,244.83999633789062,0.0
IBM,2025-08-28,245.42999267578125,245.8800048828125,243.36000061035156,245.72999572753906,2820800.0,245.72999572753906,0.0
IBM,2025-08-29,245.22999572753906,245.4600067138672,241.72000122070312,243.49000549316406,2967600.0,243.49000549316406,0.0
IBM,2025-09-02,240.89999389648438,241.5500030517578,238.25,241.5,3469500.0,241.5,0.0
IBM,2025-09-03,240.02000427246094,244.25,239.41000366210938,244.10000610351562,3163200.0,244.10000610351562,0.0
IBM,2025-09-04,245.4199981689453,249.27999877929688,242.85000610351562,247.17999267578125,4765100.0,247.17999267578125,0.0
IBM,2025-09-05,248.22999572753906,249.02999877929688,245.4499969482422,248.52999877929688,3147500.0,248.52999877929688,0.0
IBM,2025-09-08,248.6300048828125,257.1499938964844,247.02000427246094,256.0899963378906,6940300.0,256.0899963378906,0.0
IBM,2025-09-09,256.1199951171875,260.6600036621094,254.8800048828125,259.1099853515625,4931100.0,259.1099853515625,0.0
IBM,2025-09-10,259.6499938964844,260.0799865722656,254.55999755859375,256.8800048828125,5185400.0,256.8800048828125,0.0
IBM,2025-09-11,257.55999755859375,258.54998779296875,255.66000366210938,257.010009765625,3576000.0,257.010009765625,0.0
IBM,2025-09-12,256.95001220703125,257.25,252.42999267578125,253.44000244140625,3431100.0,253.44000244140625,0.0
IBM,2025-09-15,254.02000427246094,259.04998779296875,254.0,256.239990234375,4027700.0,256.239990234375,0.0
IBM,2025-09-16 16:00:02-04:00,256.260009765625,257.92999267578125,254.41000366210938,257.5199890136719,2046708.0,257.5199890136719,0.0
CRM,2025-03-17,277.3699951171875,282.7300109863281,276.0799865722656,280.75,4484300.0,279.86578369140625,0.0
CRM,2025-03-18,280.0199890136719,280.5,275.94000244140625,278.7300109863281,5881700.0,277.8521423339844,0.0
CRM,2025-03-19,277.5,282.2200012207031,277.2900085449219,279.3900146484375,5245400.0,278.51007080078125,0.0
CRM,2025-03-20,277.05999755859375,282.8800048828125,277.05999755859375,279.0299987792969,5504700.0,278.15118408203125,0.0
CRM,2025-03-21,276.2099914550781,281.8500061035156,274.04998779296875,280.6199951171875,9804100.0,279.7361755371094,0.0
CRM,2025-03-24,283.739990234375,286.760009765625,283.2200012207031,285.9599914550781,6763800.0,285.0593566894531,0.0
CRM,2025-03-25,285.6099853515625,290.45001220703125,285.6099853515625,288.6099853515625,4301700.0,287.7010192871094,0.0
CRM,2025-03-26,288.3399963378906,289.0400085449219,279.5799865722656,280.989990234375,5070300.0,280.10498046875,0.0
CRM,2025-03-27,280.5400085449219,280.8999938964844,276.010009765625,277.80999755859375,3757200.0,276.9350280761719,0.0
CRM,2025-03-28,276.7099914550781,277.2099914550781,269.19000244140625,269.9700012207031,4973400.0,269.1197204589844,0.0
CRM,2025-03-31,264.54998779296875,268.45001220703125,259.19000244140625,268.3599853515625,7585800.0,267.5148010253906,0.0
CRM,2025-04-01,268.8599853515625,270.82000732421875,265.82000732421875,270.20001220703125,4598200.0,269.3489990234375,0.0
CRM,2025-04-02,265.9599914550781,273.6300048828125,265.75,271.5400085449219,5396900.0,270.6847839355469,0.0
CRM,2025-04-03,260.1400146484375,262.57000732421875,254.4499969482422,255.22999572753906,8872600.0,254.42613220214844,0.0
CRM,2025-04-04,247.6999969482422,250.2899932861328,239.52999877929688,240.75999450683594,9705000.0,240.001708984375,0.0
CRM,2025-04-07,230.0,252.9499969482422,230.0,244.2100067138672,11965200.0,243.44085693359375,0.0
CRM,2025-04-08,253.9499969482422,257.3900146484375,240.27000427246094,243.99000549316406,9340300.0,243.2215576171875,0.0
CRM,2025-04-09,240.89999389648438,268.1700134277344,240.89999389648438,265.1700134277344,12491100.0,264.3348693847656,0.0
CRM,2025-04-10,260.0,261.239990234375,248.1300048828125,255.1199951171875,9692300.0,254.71607971191406,0.416
CRM,2025-04-11,254.27000427246094,256.4100036621094,247.67999267578125,255.0,6089000.0,254.59628295898438,0.0
CRM,2025-04-14,260.0,260.0,253.13999938964844,254.5500030517578,6038100.0,254.14698791503906,0.0
CRM,2025-04-15,254.3699951171875,256.7200012207031,253.8000030517578,254.92999267578125,5227700.0,254.52638244628906,0.0
CRM,2025-04-16,251.92999267578125,256.6099853515625,246.69000244140625,249.83999633789062,7190900.0,249.44444274902344,0.0
CRM,2025-04-17,249.77000427246094,251.55999755859375,246.8000030517578,247.25999450683594,5566900.0,246.8685302734375,0.0
CRM,2025-04-21,240.42999267578125,242.47999572753906,232.77000427246094,236.25999450683594,9240000.0,235.8859405517578,0.0
CRM,2025-04-22,238.22999572753906,244.22000122070312,235.60000610351562,243.38999938964844,7145300.0,243.00465393066406,0.0
CRM,2025-04-23,252.61000061035156,257.7900085449219,249.5,250.47999572753906,5818900.0,250.08343505859375,0.0
CRM,2025-04-24,258.20001220703125,264.9800109863281,257.0,264.70001220703125,7857600.0,264.28094482421875,0.0
CRM,2025-04-25,264.7200012207031,269.0299987792969,264.20001220703125,267.8500061035156,5651700.0,267.4259338378906,0.0
CRM,2025-04-28,268.1499938964844,269.5,263.3299865722656,265.6400146484375,4977700.0,265.2194519042969,0.0
CRM,2025-04-29,265.3999938964844,268.5799865722656,265.1700134277344,267.760009765625,3139800.0,267.3360900878906,0.0
CRM,2025-04-30,264.79998779296875,268.8699951171875,263.0,268.7099914550781,4624100.0,268.2845764160156,0.0
CRM,2025-05-01,273.3999938964844,274.6000061035156,269.0,269.3299865722656,5208900.0,268.903564453125,0.0
CRM,2025-05-02,274.4599914550781,276.32000732421875,272.25,275.0799865722656,4323400.0,274.64447021484375,0.0
CRM,2025-05-05,273.3699951171875,276.1700134277344,272.30999755859375,272.6300048828125,4219600.0,272.1983642578125,0.0
CRM,2025-05-06,269.82000732421875,274.79998779296875,268.5400085449219,273.3599853515625,4681600.0,272.92718505859375,0.0
CRM,2025-05-07,273.7099914550781,278.7900085449219,273.7099914550781,278.2300109863281,4267600.0,277.7895202636719,0.0
CRM,2025-05-08,279.2099914550781,283.04998779296875,278.3800048828125,279.739990234375,4789900.0,279.2970886230469,0.0
CRM,2025-05-09,281.6199951171875,282.4800109863281,273.8800048828125,275.4200134277344,4324200.0,274.9839782714844,0.0
CRM,2025-05-12,285.0,288.9700012207031,283.2300109863281,288.82000732421875,5937400.0,288.36273193359375,0.0
CRM,2025-05-13,291.0,292.739990234375,288.92999267578125,289.1700134277344,6711600.0,288.7121887207031,0.0
CRM,2025-05-14,293.5,296.04998779296875,289.260009765625,290.739990234375,7926200.0,290.2796936035156,0.0
CRM,2025-05-15,289.57000732421875,291.9700012207031,287.95001220703125,290.760009765625,4635600.0,290.2996826171875,0.0
CRM,2025-05-16,291.0899963378906,292.1700134277344,289.7200012207031,291.1499938964844,3846000.0,290.68902587890625,0.0
CRM,2025-05-19,288.1000061035156,289.8999938964844,286.9100036621094,287.6300048828125,5781200.0,287.17462158203125,0.0
CRM,2025-05-20,288.0899963378906,288.44000244140625,285.2099914550781,288.05999755859375,4032300.0,287.60394287109375,0.0
CRM,2025-05-21,284.4100036621094,287.6300048828125,281.1099853515625,282.2799987792969,5689800.0,281.8330993652344,0.0
CRM,2025-05-22,282.5,286.3500061035156,281.0299987792969,283.4200134277344,6642700.0,282.9712829589844,0.0
CRM,2025-05-23,279.0,280.739990234375,271.6499938964844,273.1300048828125,8887800.0,272.69757080078125,0.0
CRM,2025-05-27,273.1700134277344,278.5799865722656,270.2900085449219,277.19000244140625,10958000.0,276.75115966796875,0.0
CRM,2025-05-28,277.7099914550781,278.80999755859375,273.5799865722656,276.0299987792969,12758600.0,275.5929870605469,0.0
CRM,2025-05-29,263.5899963378906,267.7900085449219,254.5,266.9200134277344,28053100.0,266.4974060058594,0.0
CRM,2025-05-30,268.0799865722656,269.739990234375,260.70001220703125,265.3699951171875,12388500.0,264.9498596191406,0.0
CRM,2025-06-02,263.1099853515625,263.7900085449219,259.1400146484375,261.6199951171875,9213500.0,261.2057800292969,0.0
CRM,2025-06-03,262.0,264.75,261.3599853515625,264.4700012207031,7838500.0,264.0513000488281,0.0
CRM,2025-06-04,264.19000244140625,265.5,261.6199951171875,263.1700134277344,7372500.0,262.75335693359375,0.0
CRM,2025-06-05,263.7099914550781,268.75,263.6400146484375,267.1400146484375,8642900.0,266.7170715332031,0.0
CRM,2025-06-06,269.9700012207031,274.8999938964844,268.2099914550781,274.510009765625,7507000.0,274.0754089355469,0.0
CRM,2025-06-09,272.8500061035156,274.20001220703125,269.6600036621094,272.25,5728300.0,271.8189697265625,0.0
CRM,2025-06-10,272.07000732421875,273.75,266.8399963378906,268.2200012207031,6309700.0,267.79534912109375,0.0
CRM,2025-06-11,268.5,269.510009765625,265.4100036621094,265.9100036621094,6568100.0,265.489013671875,0.0
CRM,2025-06-12,264.70001220703125,269.0199890136719,263.3999938964844,266.9100036621094,8054000.0,266.4874267578125,0.0
CRM,2025-06-13,263.4800109863281,265.70001220703125,258.0,258.3999938964844,7659300.0,257.9908752441406,0.0
CRM,2025-06-16,260.3900146484375,263.9800109863281,259.9599914550781,263.8800048828125,7177000.0,263.46221923828125,0.0
CRM,2025-06-17,263.8500061035156,270.5,262.1000061035156,262.760009765625,9110100.0,262.343994140625,0.0
CRM,2025-06-18,264.79998779296875,265.0799865722656,257.4700012207031,259.5,7628000.0,259.5,0.416
CRM,2025-06-20,260.69000244140625,262.8699951171875,259.260009765625,260.6300048828125,12859200.0,260.6300048828125,0.0
CRM,2025-06-23,260.6400146484375,264.739990234375,258.75,263.4100036621094,9283800.0,263.4100036621094,0.0
CRM,2025-06-24,265.7099914550781,273.3800048828125,265.44000244140625,271.1700134277344,9713900.0,271.1700134277344,0.0
CRM,2025-06-25,272.0,274.0,266.9800109863281,267.760009765625,6074300.0,267.760009765625,0.0
CRM,2025-06-26,268.7799987792969,271.010009765625,265.1600036621094,270.739990234375,6708000.0,270.739990234375,0.0
CRM,2025-06-27,271.8599853515625,274.1700134277344,269.42999267578125,273.4200134277344,21741400.0,273.4200134277344,0.0
CRM,2025-06-30,274.4599914550781,276.3800048828125,270.3999938964844,272.69000244140625,8541900.0,272.69000244140625,0.0
CRM,2025-07-01,272.0799865722656,274.0,270.6400146484375,271.9100036621094,6256800.0,271.9100036621094,0.0
CRM,2025-07-02,271.5199890136719,271.7099914550781,265.6499938964844,269.2099914550781,6115200.0,269.2099914550781,0.0
CRM,2025-07-03,269.70001220703125,274.7300109863281,269.32000732421875,272.1499938964844,5031800.0,272.1499938964844,0.0
CRM,2025-07-07,271.510009765625,274.0,268.2099914550781,269.79998779296875,6283500.0,269.79998779296875,0.0
CRM,2025-07-08,270.7900085449219,276.79998779296875,269.7300109863281,273.6499938964844,6661200.0,273.6499938964844,0.0
CRM,2025-07-09,274.3599853515625,275.55999755859375,269.3699951171875,270.9200134277344,6373600.0,270.9200134277344,0.0
CRM,2025-07-10,270.8999938964844,271.489990234375,263.2099914550781,263.9700012207031,7244600.0,263.9700012207031,0.0
CRM,2025-07-11,262.5799865722656,262.95001220703125,257.260009765625,258.07000732421875,7011200.0,258.07000732421875,0.0
CRM,2025-07-14,258.6000061035156,262.2300109863281,257.5,259.67999267578125,6533900.0,259.67999267578125,0.0
CRM,2025-07-15,261.0,261.80999755859375,257.2300109863281,257.5799865722656,5201500.0,257.5799865722656,0.0
CRM,2025-07-16,258.92999267578125,258.9800109863281,254.52000427246094,257.95001220703125,5649500.0,257.95001220703125,0.0
CRM,2025-07-17,257.989990234375,260.20001220703125,256.6499938964844,259.8800048828125,5837400.0,259.8800048828125,0.0
CRM,2025-07-18,260.29998779296875,262.9800109863281,259.1199951171875,262.3800048828125,6381200.0,262.3800048828125,0.0
CRM,2025-07-21,263.6199951171875,264.30999755859375,261.6400146484375,262.2799987792969,6714700.0,262.2799987792969,0.0
CRM,2025-07-22,263.0,265.8900146484375,262.0,263.5899963378906,5001400.0,263.5899963378906,0.0
CRM,2025-07-23,263.9200134277344,268.4800109863281,262.5,267.2200012207031,5620700.0,267.2200012207031,0.0
CRM,2025-07-24,267.9800109863281,269.29998779296875,265.6400146484375,267.70001220703125,5877100.0,267.70001220703125,0.0
CRM,2025-07-25,268.010009765625,271.1000061035156,267.010009765625,269.1099853515625,4015400.0,269.1099853515625,0.0
CRM,2025-07-28,269.5,270.3399963378906,266.5899963378906,270.25,4533700.0,270.25,0.0
CRM,2025-07-29,271.6000061035156,274.0,267.30999755859375,267.3900146484375,5137100.0,267.3900146484375,0.0
CRM,2025-07-30,266.8699951171875,267.7699890136719,263.3299865722656,264.80999755859375,3928200.0,264.80999755859375,0.0
CRM,2025-07-31,265.0,265.0400085449219,257.8599853515625,258.3299865722656,7340300.0,258.3299865722656,0.0
CRM,2025-08-01,254.99000549316406,255.99000549316406,250.1300048828125,250.74000549316406,7646900.0,250.74000549316406,0.0
CRM,2025-08-04,251.0,253.5,250.63999938964844,252.32000732421875,4403500.0,252.32000732421875,0.0
CRM,2025-08-05,253.00999450683594,253.2899932861328,247.00999450683594,247.49000549316406,6761000.0,247.49000549316406,0.0
CRM,2025-08-06,249.3699951171875,250.25999450683594,247.02000427246094,249.1699981689453,5834700.0,249.1699981689453,0.0
CRM,2025-08-07,250.69000244140625,253.00999450683594,236.97000122070312,240.8800048828125,10010200.0,240.8800048828125,0.0
CRM,2025-08-08,241.2899932861328,242.9499969482422,237.8300018310547,240.50999450683594,8812000.0,240.50999450683594,0.0
CRM,2025-08-11,238.9199981689453,241.8699951171875,231.57000732421875,232.67999267578125,10740100.0,232.67999267578125,0.0
CRM,2025-08-12,233.0,233.6699981689453,226.47999572753906,231.66000366210938,13178000.0,231.66000366210938,0.0
CRM,2025-08-13,233.00999450683594,237.35000610351562,229.61000061035156,237.02999877929688,10209200.0,237.02999877929688,0.0
CRM,2025-08-14,237.0,237.0,232.8699951171875,233.3699951171875,7544800.0,233.3699951171875,0.0
CRM,2025-08-15,236.14999389648438,244.5,234.6300048828125,242.44000244140625,12942800.0,242.44000244140625,0.0
CRM,2025-08-18,239.77000427246094,244.52000427246094,239.49000549316406,243.97000122070312,8809200.0,243.97000122070312,0.0
CRM,2025-08-19,245.0,248.5,243.4499969482422,246.0,8642200.0,246.0,0.0
CRM,2025-08-20,245.6999969482422,247.57000732421875,244.4499969482422,246.4499969482422,8195100.0,246.4499969482422,0.0
CRM,2025-08-21,245.0399932861328,246.2899932861328,240.02000427246094,245.8300018310547,5646800.0,245.8300018310547,0.0
CRM,2025-08-22,245.77999877929688,249.52999877929688,244.11000061035156,248.2899932861328,6694300.0,248.2899932861328,0.0
CRM,2025-08-25,249.3699951171875,249.3699951171875,246.7899932861328,247.8699951171875,4957700.0,247.8699951171875,0.0
CRM,2025-08-26,246.6999969482422,248.8300018310547,242.85000610351562,243.74000549316406,8862300.0,243.74000549316406,0.0
CRM,2025-08-27,245.75,250.3699951171875,245.61000061035156,250.16000366210938,6506900.0,250.16000366210938,0.0
CRM,2025-08-28,252.47999572753906,255.64999389648438,250.2899932861328,254.52999877929688,8461200.0,254.52999877929688,0.0
CRM,2025-08-29,255.39999389648438,257.6400146484375,252.8699951171875,256.25,7363200.0,256.25,0.0
CRM,2025-09-02,254.82000732421875,254.99000549316406,248.75,252.86000061035156,9312500.0,252.86000061035156,0.0
CRM,2025-09-03,255.05999755859375,258.0,250.5500030517578,256.45001220703125,17417900.0,256.45001220703125,0.0
CRM,2025-09-04,240.05999755859375,245.22000122070312,234.6199951171875,244.00999450683594,30967500.0,244.00999450683594,0.0
CRM,2025-09-05,244.8300018310547,251.1300048828125,244.36000061035156,250.75999450683594,13029400.0,250.75999450683594,0.0
CRM,2025-09-08,250.8000030517578,252.94000244140625,247.3000030517578,252.27000427246094,12602200.0,252.27000427246094,0.0
CRM,2025-09-09,251.32000732421875,255.33999633789062,251.2100067138672,252.05999755859375,10901900.0,252.05999755859375,0.0
CRM,2025-09-10,252.75,253.99000549316406,241.72999572753906,242.57000732421875,11363600.0,242.57000732421875,0.0
CRM,2025-09-11,243.6999969482422,247.1699981689453,243.5,246.27999877929688,6944900.0,246.27999877929688,0.0
CRM,2025-09-12,246.10000610351562,247.58999633789062,241.25,242.75999450683594,8383400.0,242.75999450683594,0.0
CRM,2025-09-16 16:00:02-04:00,242.52000427246094,242.67999267578125,237.24000549316406,239.30999755859375,8729385.0,239.30999755859375,0.0
UBER,2025-03-17,72.0199966430664,73.80999755859375,71.7750015258789,72.7300033569336,20577800.0,72.7300033569336,0.0
UBER,2025-03-18,72.19999694824219,72.67500305175781,70.4800033569336,71.55000305175781,16137500.0,71.55000305175781,0.0
UBER,2025-03-19,71.91999816894531,73.78500366210938,70.7300033569336,73.0199966430664,15042100.0,73.0199966430664,0.0
UBER,2025-03-20,72.55999755859375,75.54000091552734,72.45999908447266,74.3499984741211,17851400.0,74.3499984741211,0.0
UBER,2025-03-21,73.72000122070312,76.0,72.7699966430664,75.83999633789062,26551400.0,75.83999633789062,0.0
UBER,2025-03-24,76.97000122070312,77.58399963378906,75.44000244140625,76.51000213623047,18126300.0,76.51000213623047,0.0
UBER,2025-03-25,76.5999984741211,76.70999908447266,75.05000305175781,75.61000061035156,16065900.0,75.61000061035156,0.0
UBER,2025-03-26,75.55000305175781,75.63999938964844,73.2249984741211,74.18000030517578,11828600.0,74.18000030517578,0.0
UBER,2025-03-27,73.8949966430664,75.62000274658203,73.52999877929688,74.86000061035156,11866800.0,74.86000061035156,0.0
UBER,2025-03-28,74.5,74.91999816894531,72.38099670410156,72.75,11277900.0,72.75,0.0
UBER,2025-03-31,71.4000015258789,73.30000305175781,70.5,72.86000061035156,16033100.0,72.86000061035156,0.0
UBER,2025-04-01,72.5999984741211,73.06999969482422,70.83000183105469,72.98999786376953,16889200.0,72.98999786376953,0.0
UBER,2025-04-02,72.0,75.41000366210938,72.0,74.5,14806900.0,74.5,0.0
UBER,2025-04-03,71.72000122070312,72.43599700927734,69.76699829101562,69.8499984741211,23290800.0,69.8499984741211,0.0
UBER,2025-04-04,66.69499969482422,67.55899810791016,63.939998626708984,64.62000274658203,34938700.0,64.62000274658203,0.0
UBER,2025-04-07,62.52000045776367,67.58699798583984,60.630001068115234,65.63999938964844,32841700.0,65.63999938964844,0.0
UBER,2025-04-08,69.30999755859375,70.06999969482422,63.5,65.06999969482422,24045200.0,65.06999969482422,0.0
UBER,2025-04-09,65.0,73.4000015258789,64.94999694824219,72.68000030517578,30148800.0,72.68000030517578,0.0
UBER,2025-04-10,71.75,72.87000274658203,68.33999633789062,70.94000244140625,22373900.0,70.94000244140625,0.0
UBER,2025-04-11,70.45999908447266,72.4000015258789,69.33000183105469,72.27999877929688,16274600.0,72.27999877929688,0.0
UBER,2025-04-14,73.5199966430664,73.6500015258789,72.2300033569336,73.0999984741211,12483200.0,73.0999984741211,0.0
UBER,2025-04-15,73.0999984741211,74.72000122070312,73.0999984741211,74.0199966430664,13790200.0,74.0199966430664,0.0
UBER,2025-04-16,73.57499694824219,74.80000305175781,72.052001953125,73.05999755859375,15990800.0,73.05999755859375,0.0
UBER,2025-04-17,73.9800033569336,75.91000366210938,73.76000213623047,75.23999786376953,21893400.0,75.23999786376953,0.0
UBER,2025-04-21,74.44000244140625,75.44000244140625,71.27100372314453,72.91999816894531,20634600.0,72.91999816894531,0.0
UBER,2025-04-22,73.8499984741211,75.55999755859375,73.3499984741211,74.44000244140625,16599300.0,74.44000244140625,0.0
UBER,2025-04-23,76.92500305175781,77.58000183105469,73.2300033569336,73.7699966430664,22750200.0,73.7699966430664,0.0
UBER,2025-04-24,74.15499877929688,78.37999725341797,73.86000061035156,78.0999984741211,22188500.0,78.0999984741211,0.0
UBER,2025-04-25,78.56500244140625,80.5510025024414,77.47000122070312,77.75,20047800.0,77.75,0.0
UBER,2025-04-28,78.1050033569336,78.77999877929688,77.04000091552734,78.33000183105469,13324200.0,78.33000183105469,0.0
UBER,2025-04-29,78.33000183105469,79.7300033569336,78.02999877929688,79.41999816894531,12172200.0,79.41999816894531,0.0
UBER,2025-04-30,77.7699966430664,81.21900177001953,77.30000305175781,81.01000213623047,17762800.0,81.01000213623047,0.0
UBER,2025-05-01,81.0,81.91999816894531,80.66999816894531,80.88999938964844,18698500.0,80.88999938964844,0.0
UBER,2025-05-02,82.08999633789062,84.91999816894531,81.80000305175781,84.27999877929688,22401800.0,84.27999877929688,0.0
UBER,2025-05-05,83.05000305175781,86.56999969482422,82.97000122070312,85.43000030517578,25339000.0,85.43000030517578,0.0
UBER,2025-05-06,83.5,86.52999877929688,83.10099792480469,85.83000183105469,30378900.0,85.83000183105469,0.0
UBER,2025-05-07,83.12999725341797,85.16999816894531,80.12000274658203,83.6500015258789,49238800.0,83.6500015258789,0.0
UBER,2025-05-08,83.87000274658203,84.0,82.0,82.30000305175781,24293100.0,82.30000305175781,0.0
UBER,2025-05-09,82.8499984741211,84.12200164794922,82.31999969482422,82.80999755859375,19105400.0,82.80999755859375,0.0
UBER,2025-05-12,84.61499786376953,88.30999755859375,82.22000122070312,88.0999984741211,39104600.0,88.0999984741211,0.0
UBER,2025-05-13,87.41000366210938,92.16999816894531,86.93000030517578,91.72000122070312,36770800.0,91.72000122070312,0.0
UBER,2025-05-14,90.58000183105469,91.6500015258789,89.68000030517578,90.41000366210938,30640100.0,90.41000366210938,0.0
UBER,2025-05-15,89.66000366210938,91.11299896240234,89.24199676513672,90.16000366210938,20481600.0,90.16000366210938,0.0
UBER,2025-05-16,90.55000305175781,92.9000015258789,89.70999908447266,91.79000091552734,21909600.0,91.79000091552734,0.0
UBER,2025-05-19,90.87999725341797,92.54499816894531,90.55999755859375,92.45999908447266,19252100.0,92.45999908447266,0.0
UBER,2025-05-20,93.3499984741211,93.5999984741211,90.61000061035156,91.87000274658203,20851300.0,91.87000274658203,0.0
UBER,2025-05-21,90.63999938964844,91.04000091552734,88.0,88.66999816894531,25035100.0,88.66999816894531,0.0
UBER,2025-05-22,88.44999694824219,89.26000213623047,87.87999725341797,88.0,16496000.0,88.0,0.0
UBER,2025-05-23,87.20500183105469,88.48999786376953,86.69999694824219,87.75,17929700.0,87.75,0.0
UBER,2025-05-27,89.16999816894531,89.71499633789062,87.88999938964844,89.0,17446900.0,89.0,0.0
UBER,2025-05-28,89.29000091552734,89.87999725341797,88.12000274658203,88.26000213623047,13810300.0,88.26000213623047,0.0
UBER,2025-05-29,87.58000183105469,87.87000274658203,82.95999908447266,84.30000305175781,38116300.0,84.30000305175781,0.0
UBER,2025-05-30,84.52999877929688,84.6500015258789,82.54000091552734,84.16000366210938,29050900.0,84.16000366210938,0.0
UBER,2025-06-02,84.4800033569336,84.76000213623047,82.63999938964844,83.63999938964844,17047000.0,83.63999938964844,0.0
UBER,2025-06-03,83.57499694824219,83.79000091552734,81.86000061035156,82.52999877929688,25668400.0,82.52999877929688,0.0
UBER,2025-06-04,83.19000244140625,84.70999908447266,82.98999786376953,83.44999694824219,20080500.0,83.44999694824219,0.0
UBER,2025-06-05,83.4000015258789,85.75,83.08000183105469,84.66999816894531,33304500.0,84.66999816894531,0.0
UBER,2025-06-06,85.4000015258789,86.69000244140625,85.02999877929688,85.5999984741211,28172700.0,85.5999984741211,0.0
UBER,2025-06-09,86.31999969482422,87.86000061035156,86.19999694824219,87.12000274658203,22780800.0,87.12000274658203,0.0
UBER,2025-06-10,88.29000091552734,88.37999725341797,85.5999984741211,86.38999938964844,24494800.0,86.38999938964844,0.0
UBER,2025-06-11,87.58999633789062,87.5999984741211,85.94000244140625,86.58000183105469,15364200.0,86.58000183105469,0.0
UBER,2025-06-12,86.11000061035156,86.79000091552734,84.87000274658203,85.62000274658203,18776100.0,85.62000274658203,0.0
UBER,2025-06-13,84.80999755859375,85.56999969482422,83.375,83.93000030517578,18003000.0,83.93000030517578,0.0
UBER,2025-06-16,84.8499984741211,86.0199966430664,84.70999908447266,85.12000274658203,12254200.0,85.12000274658203,0.0
UBER,2025-06-17,84.56999969482422,85.4800033569336,84.23999786376953,84.76000213623047,13677800.0,84.76000213623047,0.0
UBER,2025-06-18,85.16999816894531,86.4800033569336,82.30999755859375,83.44000244140625,25976700.0,83.44000244140625,0.0
UBER,2025-06-20,84.47000122070312,85.37000274658203,83.62000274658203,83.77999877929688,27472100.0,83.77999877929688,0.0
UBER,2025-06-23,83.02999877929688,85.24500274658203,82.47000122070312,85.23999786376953,18407500.0,85.23999786376953,0.0
UBER,2025-06-24,87.98999786376953,92.4800033569336,87.91000366210938,91.6500015258789,38925100.0,91.6500015258789,0.0
UBER,2025-06-25,91.56500244140625,92.88999938964844,90.5999984741211,90.9000015258789,17400800.0,90.9000015258789,0.0
UBER,2025-06-26,91.30000305175781,94.37999725341797,90.87999725341797,93.12000274658203,23657800.0,93.12000274658203,0.0
UBER,2025-06-27,92.0999984741211,92.51000213623047,89.97000122070312,91.52999877929688,24731200.0,91.52999877929688,0.0
UBER,2025-06-30,91.68499755859375,93.38500213623047,91.5199966430664,93.30000305175781,16155300.0,93.30000305175781,0.0
UBER,2025-07-01,92.8499984741211,93.23999786376953,90.30999755859375,92.12999725341797,17124000.0,92.12999725341797,0.0
UBER,2025-07-02,91.87999725341797,94.0999984741211,91.55000305175781,92.05000305175781,13604000.0,92.05000305175781,0.0
UBER,2025-07-03,92.62999725341797,94.11000061035156,92.61000061035156,93.62999725341797,8112600.0,93.62999725341797,0.0
UBER,2025-07-07,93.54000091552734,97.12000274658203,93.54000091552734,96.68000030517578,29817200.0,96.68000030517578,0.0
UBER,2025-07-08,96.88999938964844,97.5999984741211,95.11000061035156,97.4800033569336,20586800.0,97.4800033569336,0.0
UBER,2025-07-09,97.5,97.71499633789062,96.0999984741211,96.63999938964844,14858900.0,96.63999938964844,0.0
UBER,2025-07-10,96.06999969482422,97.44999694824219,95.12000274658203,96.4000015258789,15644400.0,96.4000015258789,0.0
UBER,2025-07-11,96.125,96.83499908447266,95.2699966430664,95.38999938964844,12453500.0,95.38999938964844,0.0
UBER,2025-07-14,95.19000244140625,95.4800033569336,93.55999755859375,93.88999938964844,14300200.0,93.88999938964844,0.0
UBER,2025-07-15,95.0,95.16000366210938,91.8499984741211,92.20999908447266,18488400.0,92.20999908447266,0.0
UBER,2025-07-16,92.6500015258789,92.75,89.80999755859375,90.75,17636000.0,90.75,0.0
UBER,2025-07-17,91.20500183105469,91.4000015258789,89.9000015258789,90.5,16903600.0,90.5,0.0
UBER,2025-07-18,90.80000305175781,91.16999816894531,89.40499877929688,90.58999633789062,14223500.0,90.58999633789062,0.0
UBER,2025-07-21,90.8499984741211,91.93000030517578,90.52999877929688,91.16000366210938,12150600.0,91.16000366210938,0.0
UBER,2025-07-22,91.4800033569336,92.26000213623047,89.87999725341797,91.79000091552734,11561800.0,91.79000091552734,0.0
UBER,2025-07-23,92.69999694824219,92.69999694824219,89.86499786376953,89.94000244140625,18617900.0,89.94000244140625,0.0
UBER,2025-07-24,91.05000305175781,93.61000061035156,90.87000274658203,90.87000274658203,23446200.0,90.87000274658203,0.0
UBER,2025-07-25,90.48999786376953,91.37999725341797,89.5,91.29000091552734,13864100.0,91.29000091552734,0.0
UBER,2025-07-28,91.30999755859375,92.3499984741211,90.23999786376953,90.5999984741211,11606100.0,90.5999984741211,0.0
UBER,2025-07-29,88.88500213623047,89.16000366210938,86.36000061035156,87.11000061035156,24966200.0,87.11000061035156,0.0
UBER,2025-07-30,87.23999786376953,87.80500030517578,86.4749984741211,87.63999938964844,16862800.0,87.63999938964844,0.0
UBER,2025-07-31,87.5250015258789,88.83999633789062,86.61000061035156,87.75,16922400.0,87.75,0.0
UBER,2025-08-01,86.50499725341797,87.05500030517578,85.41999816894531,86.91000366210938,15732500.0,86.91000366210938,0.0
UBER,2025-08-04,87.69999694824219,88.58999633789062,87.41000366210938,88.43000030517578,15138900.0,88.43000030517578,0.0
UBER,2025-08-05,89.37000274658203,90.95500183105469,89.05000305175781,89.38999938964844,25856000.0,89.38999938964844,0.0
UBER,2025-08-06,90.94999694824219,90.95999908447266,86.30000305175781,89.22000122070312,40169800.0,89.22000122070312,0.0
UBER,2025-08-07,90.72000122070312,92.73999786376953,89.16000366210938,92.66999816894531,28522200.0,92.66999816894531,0.0
UBER,2025-08-08,92.95999908447266,94.30999755859375,88.91000366210938,89.55999755859375,26212500.0,89.55999755859375,0.0
UBER,2025-08-11,89.80999755859375,91.43000030517578,88.91999816894531,90.58000183105469,16668900.0,90.58000183105469,0.0
UBER,2025-08-12,91.19000244140625,92.55500030517578,91.13999938964844,91.7300033569336,12509000.0,91.7300033569336,0.0
UBER,2025-08-13,92.05000305175781,92.19999694824219,89.91000366210938,90.83000183105469,16867300.0,90.83000183105469,0.0
UBER,2025-08-14,90.3499984741211,92.31999969482422,90.1050033569336,91.4000015258789,14525100.0,91.4000015258789,0.0
UBER,2025-08-15,91.6500015258789,93.9000015258789,90.86000061035156,92.5999984741211,15841800.0,92.5999984741211,0.0
UBER,2025-08-18,92.22000122070312,94.4000015258789,91.88999938964844,93.9800033569336,16471300.0,93.9800033569336,0.0
UBER,2025-08-19,94.0,96.59500122070312,93.8499984741211,95.31999969482422,21177300.0,95.31999969482422,0.0
UBER,2025-08-20,94.83000183105469,94.95999908447266,91.44000244140625,93.7300033569336,15194800.0,93.7300033569336,0.0
UBER,2025-08-21,93.62000274658203,95.0,92.80999755859375,94.2300033569336,12864100.0,94.2300033569336,0.0
UBER,2025-08-22,94.45999908447266,97.54000091552734,94.29000091552734,96.79000091552734,15584900.0,96.79000091552734,0.0
UBER,2025-08-25,95.66000366210938,97.5,95.125,95.16000366210938,10938100.0,95.16000366210938,0.0
UBER,2025-08-26,94.87999725341797,96.81999969482422,94.36000061035156,96.52999877929688,17163400.0,96.52999877929688,0.0
UBER,2025-08-27,96.5,96.94999694824219,95.33000183105469,95.33000183105469,11364300.0,95.33000183105469,0.0
UBER,2025-08-28,96.0250015258789,96.11000061035156,94.08000183105469,95.95999908447266,12024300.0,95.95999908447266,0.0
UBER,2025-08-29,95.99500274658203,96.1500015258789,91.61000061035156,93.75,19310000.0,93.75,0.0
UBER,2025-09-02,92.26000213623047,93.53700256347656,91.91999816894531,92.80999755859375,12883300.0,92.80999755859375,0.0
UBER,2025-09-03,92.75,94.76499938964844,92.18000030517578,92.94000244140625,12052200.0,92.94000244140625,0.0
UBER,2025-09-04,93.11000061035156,93.125,90.93000030517578,91.9800033569336,15960100.0,91.9800033569336,0.0
UBER,2025-09-05,92.52999877929688,92.52999877929688,88.83999633789062,90.98999786376953,20384500.0,90.98999786376953,0.0
UBER,2025-09-08,91.37999725341797,94.55999755859375,91.37999725341797,94.36000061035156,18906600.0,94.36000061035156,0.0
UBER,2025-09-09,94.5,95.4800033569336,92.7699966430664,95.44999694824219,11850200.0,95.44999694824219,0.0
UBER,2025-09-10,95.51000213623047,96.0999984741211,93.70999908447266,94.20999908447266,15944200.0,94.20999908447266,0.0
UBER,2025-09-11,94.55000305175781,96.31999969482422,94.0,94.68000030517578,16190100.0,94.68000030517578,0.0
UBER,2025-09-12,94.48999786376953,96.2699966430664,93.70999908447266,95.88999938964844,13653600.0,95.88999938964844,0.0
UBER,2025-09-16 16:00:02-04:00,99.41999816894531,99.69999694824219,97.0199966430664,97.83000183105469,17218646.0,97.83000183105469,0.0
NOW,2025-03-17,839.0,855.6799926757812,835.0,842.9299926757812,1656800.0,842.9299926757812,0.0
NOW,2025-03-18,837.4299926757812,837.469970703125,820.3499755859375,830.0,1768000.0,830.0,0.0
NOW,2025-03-19,835.72998046875,854.0,830.02001953125,844.1199951171875,1561800.0,844.1199951171875,0.0
NOW,2025-03-20,827.239990234375,828.260009765625,809.1799926757812,824.1199951171875,2593000.0,824.1199951171875,0.0
NOW,2025-03-21,816.1400146484375,828.9000244140625,808.7999877929688,827.75,2907300.0,827.75,0.0
NOW,2025-03-24,846.0,853.47998046875,841.219970703125,849.72998046875,1599500.0,849.72998046875,0.0
NOW,2025-03-25,858.22998046875,870.989990234375,855.0,861.3800048828125,1643200.0,861.3800048828125,0.0
NOW,2025-03-26,856.3400268554688,860.510009765625,834.030029296875,838.5499877929688,1348600.0,838.5499877929688,0.0
NOW,2025-03-27,835.0399780273438,839.9500122070312,822.1699829101562,827.739990234375,1480000.0,827.739990234375,0.0
NOW,2025-03-28,820.0,821.010009765625,789.530029296875,797.760009765625,1758500.0,797.760009765625,0.0
NOW,2025-03-31,781.52001953125,799.0,757.8400268554688,796.1400146484375,2984200.0,796.1400146484375,0.0
NOW,2025-04-01,798.219970703125,812.9600219726562,792.72998046875,811.5599975585938,1543000.0,811.5599975585938,0.0
NOW,2025-04-02,794.6799926757812,827.1599731445312,794.6799926757812,824.030029296875,1626400.0,824.030029296875,0.0
NOW,2025-04-03,782.75,788.0599975585938,757.25,774.0700073242188,2087800.0,774.0700073242188,0.0
NOW,2025-04-04,756.3400268554688,758.77001953125,718.4500122070312,721.6500244140625,2900400.0,721.6500244140625,0.0
NOW,2025-04-07,688.0,758.6500244140625,678.6599731445312,735.5,2878200.0,735.5,0.0
NOW,2025-04-08,768.010009765625,775.8800048828125,713.1900024414062,727.5999755859375,2123200.0,727.5999755859375,0.0
NOW,2025-04-09,725.0,831.6400146484375,723.2000122070312,825.9500122070312,3092000.0,825.9500122070312,0.0
NOW,2025-04-10,807.0900268554688,809.989990234375,761.0800170898438,783.489990234375,2046400.0,783.489990234375,0.0
NOW,2025-04-11,771.3099975585938,786.8800048828125,755.0,785.6699829101562,2103000.0,785.6699829101562,0.0
NOW,2025-04-14,802.219970703125,812.1300048828125,786.7999877929688,799.8200073242188,1717000.0,799.8200073242188,0.0
NOW,2025-04-15,800.9600219726562,824.9000244140625,799.2100219726562,816.5,1735200.0,816.5,0.0
NOW,2025-04-16,804.6099853515625,821.1699829101562,790.739990234375,796.6599731445312,1869500.0,796.6599731445312,0.0
NOW,2025-04-17,800.0599975585938,800.0599975585938,769.02001953125,772.1599731445312,1803900.0,772.1599731445312,0.0
NOW,2025-04-21,759.3599853515625,765.5499877929688,742.4099731445312,755.989990234375,1668700.0,755.989990234375,0.0
NOW,2025-04-22,762.7999877929688,776.6300048828125,752.4400024414062,766.8300170898438,1582800.0,766.8300170898438,0.0
NOW,2025-04-23,821.0399780273438,833.9600219726562,807.0,812.7000122070312,3019200.0,812.7000122070312,0.0
NOW,2025-04-24,900.3099975585938,943.97998046875,898.3300170898438,938.5700073242188,6083100.0,938.5700073242188,0.0
NOW,2025-04-25,944.0,960.0,929.1699829101562,945.260009765625,2887800.0,945.260009765625,0.0
NOW,2025-04-28,959.8499755859375,961.030029296875,927.1300048828125,937.4099731445312,2052400.0,937.4099731445312,0.0
NOW,2025-04-29,940.0,947.22998046875,930.5499877929688,942.8599853515625,1245300.0,942.8599853515625,0.0
NOW,2025-04-30,930.5599975585938,957.6599731445312,920.4000244140625,955.010009765625,1947900.0,955.010009765625,0.0
NOW,2025-05-01,973.8599853515625,978.6199951171875,957.52001953125,957.9500122070312,1807700.0,957.9500122070312,0.0
NOW,2025-05-02,978.9199829101562,985.5,969.0599975585938,977.3599853515625,1669400.0,977.3599853515625,0.0
NOW,2025-05-05,973.0,992.0,971.3400268554688,978.0499877929688,1274200.0,978.0499877929688,0.0
NOW,2025-05-06,969.0399780273438,978.6799926757812,964.1900024414062,965.260009765625,1280500.0,965.260009765625,0.0
NOW,2025-05-07,971.219970703125,987.3099975585938,967.2899780273438,983.2899780273438,1729700.0,983.2899780273438,0.0
NOW,2025-05-08,985.0,992.0,972.8099975585938,974.489990234375,1468800.0,974.489990234375,0.0
NOW,2025-05-09,980.0,986.780029296875,971.6199951171875,980.0599975585938,920100.0,980.0599975585938,0.0
NOW,2025-05-12,1008.52001953125,1017.0,995.6699829101562,1015.5999755859375,1432100.0,1015.5999755859375,0.0
NOW,2025-05-13,1023.0,1039.97998046875,1017.0,1036.719970703125,1483100.0,1036.719970703125,0.0
NOW,2025-05-14,1037.0,1046.0,1026.6500244140625,1026.8199462890625,1414600.0,1026.8199462890625,0.0
NOW,2025-05-15,1034.4200439453125,1040.6500244140625,1021.9600219726562,1035.1800537109375,988000.0,1035.1800537109375,0.0
NOW,2025-05-16,1038.3900146484375,1043.739990234375,1033.1300048828125,1040.1800537109375,1160900.0,1040.1800537109375,0.0
NOW,2025-05-19,1028.949951171875,1034.68994140625,1016.0499877929688,1025.75,2071200.0,1025.75,0.0
NOW,2025-05-20,1015.0,1024.6600341796875,1013.3200073242188,1021.8400268554688,1075000.0,1021.8400268554688,0.0
NOW,2025-05-21,1008.9000244140625,1030.739990234375,1005.5800170898438,1014.760009765625,1259600.0,1014.760009765625,0.0
NOW,2025-05-22,1014.760009765625,1027.489990234375,1011.7899780273438,1015.77001953125,856400.0,1015.77001953125,0.0
NOW,2025-05-23,1000.0,1014.2899780273438,994.5999755859375,1004.3699951171875,1388100.0,1004.3699951171875,0.0
NOW,2025-05-27,1013.6099853515625,1029.8299560546875,1012.97998046875,1027.3900146484375,1102500.0,1027.3900146484375,0.0
NOW,2025-05-28,1027.3900146484375,1037.6700439453125,1018.1799926757812,1021.2999877929688,993300.0,1021.2999877929688,0.0
NOW,2025-05-29,1023.1699829101562,1024.5799560546875,1004.7000122070312,1015.22998046875,1265900.0,1015.22998046875,0.0
NOW,2025-05-30,1020.0,1020.0,1002.5900268554688,1011.0900268554688,2663900.0,1011.0900268554688,0.0
NOW,2025-06-02,1009.1400146484375,1017.9500122070312,1000.2999877929688,1012.1099853515625,1002600.0,1012.1099853515625,0.0
NOW,2025-06-03,1011.8200073242188,1016.25,1005.5,1010.8800048828125,1023700.0,1010.8800048828125,0.0
NOW,2025-06-04,1011.5599975585938,1017.5499877929688,1002.9600219726562,1012.739990234375,717800.0,1012.739990234375,0.0
NOW,2025-06-05,1027.31005859375,1031.43994140625,1014.1699829101562,1017.5999755859375,902400.0,1017.5999755859375,0.0
NOW,2025-06-06,1026.22998046875,1034.5999755859375,1016.3400268554688,1030.2099609375,959700.0,1030.2099609375,0.0
NOW,2025-06-09,1031.0,1034.47998046875,1018.0599975585938,1026.8599853515625,907800.0,1026.8599853515625,0.0
NOW,2025-06-10,1021.1400146484375,1026.8599853515625,999.1199951171875,1009.7899780273438,1189200.0,1009.7899780273438,0.0
NOW,2025-06-11,1010.239990234375,1017.719970703125,1001.4000244140625,1004.3300170898438,742800.0,1004.3300170898438,0.0
NOW,2025-06-12,1002.5999755859375,1016.0399780273438,1002.5999755859375,1007.3699951171875,848200.0,1007.3699951171875,0.0
NOW,2025-06-13,998.030029296875,1001.0,978.1900024414062,988.6599731445312,1332200.0,988.6599731445312,0.0
NOW,2025-06-16,992.0,1016.969970703125,991.3800048828125,1005.1300048828125,1230900.0,1005.1300048828125,0.0
NOW,2025-06-17,1003.8499755859375,1012.0,999.3400268554688,1004.9099731445312,819800.0,1004.9099731445312,0.0
NOW,2025-06-18,1004.4400024414062,1007.0399780273438,979.2000122070312,982.0800170898438,1209500.0,982.0800170898438,0.0
NOW,2025-06-20,985.5900268554688,986.010009765625,965.4500122070312,971.4099731445312,2007700.0,971.4099731445312,0.0
NOW,2025-06-23,971.4099731445312,981.3300170898438,956.8300170898438,980.4000244140625,1099900.0,980.4000244140625,0.0
NOW,2025-06-24,990.0,999.5,985.0,996.3200073242188,1514000.0,996.3200073242188,0.0
NOW,2025-06-25,998.280029296875,1014.0,998.1500244140625,1005.1599731445312,1193700.0,1005.1599731445312,0.0
NOW,2025-06-26,1007.1799926757812,1013.5599975585938,994.5,1011.4400024414062,1204400.0,1011.4400024414062,0.0
NOW,2025-06-27,1012.780029296875,1033.030029296875,1012.0700073242188,1022.4199829101562,1514300.0,1022.4199829101562,0.0
NOW,2025-06-30,1029.739990234375,1036.3699951171875,1018.4500122070312,1028.0799560546875,1009300.0,1028.0799560546875,0.0
NOW,2025-07-01,1027.260009765625,1031.93994140625,994.72998046875,1011.8900146484375,1244100.0,1011.8900146484375,0.0
NOW,2025-07-02,1000.3699951171875,1011.0399780273438,992.0,1009.760009765625,871400.0,1009.760009765625,0.0
NOW,2025-07-03,1017.72998046875,1057.3900146484375,1015.0,1044.68994140625,1205900.0,1044.68994140625,0.0
NOW,2025-07-07,1043.22998046875,1049.0,1027.6199951171875,1035.010009765625,1133600.0,1035.010009765625,0.0
NOW,2025-07-08,1037.1800537109375,1038.77001953125,1011.25,1022.97998046875,1460200.0,1022.97998046875,0.0
NOW,2025-07-09,1024.5,1028.010009765625,1009.0,1013.7100219726562,1153400.0,1013.7100219726562,0.0
NOW,2025-07-10,1013.7000122070312,1013.7000122070312,965.3099975585938,968.0900268554688,2003300.0,968.0900268554688,0.0
NOW,2025-07-11,960.0,966.0,934.1699829101562,938.780029296875,2154700.0,938.780029296875,0.0
NOW,2025-07-14,938.7000122070312,964.3400268554688,935.1400146484375,961.780029296875,1812500.0,961.780029296875,0.0
NOW,2025-07-15,965.27001953125,974.3400268554688,956.0,956.9199829101562,1264300.0,956.9199829101562,0.0
NOW,2025-07-16,965.0599975585938,969.0900268554688,953.3800048828125,966.969970703125,985100.0,966.969970703125,0.0
NOW,2025-07-17,968.489990234375,975.0,955.0,959.1500244140625,1275600.0,959.1500244140625,0.0
NOW,2025-07-18,958.0499877929688,963.52001953125,949.72998046875,963.4000244140625,1155600.0,963.4000244140625,0.0
NOW,2025-07-21,959.530029296875,969.0999755859375,958.0,959.9099731445312,1112800.0,959.9099731445312,0.0
NOW,2025-07-22,963.780029296875,973.9600219726562,956.8400268554688,962.3699951171875,1175700.0,962.3699951171875,0.0
NOW,2025-07-23,947.8599853515625,966.8499755859375,947.8599853515625,956.4299926757812,1984000.0,956.4299926757812,0.0
NOW,2025-07-24,1034.6600341796875,1051.0,982.0,996.1799926757812,4070100.0,996.1799926757812,0.0
NOW,2025-07-25,1000.1199951171875,1001.0,964.0800170898438,968.7899780273438,1999600.0,968.7899780273438,0.0
NOW,2025-07-28,976.0,996.0399780273438,975.97998046875,985.75,1474600.0,985.75,0.0
NOW,2025-07-29,991.530029296875,1005.75,982.280029296875,993.2000122070312,1207700.0,993.2000122070312,0.0
NOW,2025-07-30,991.5900268554688,993.030029296875,973.0,977.47998046875,1094200.0,977.47998046875,0.0
NOW,2025-07-31,982.0,982.0,940.0599975585938,943.1199951171875,2131900.0,943.1199951171875,0.0
NOW,2025-08-01,937.2899780273438,937.2899780273438,909.489990234375,914.3699951171875,1811100.0,914.3699951171875,0.0
NOW,2025-08-04,918.52001953125,929.5800170898438,915.260009765625,923.0,1285500.0,923.0,0.0
NOW,2025-08-05,922.0,925.5,904.4500122070312,905.1199951171875,1448500.0,905.1199951171875,0.0
NOW,2025-08-06,911.5999755859375,913.0499877929688,902.8300170898438,912.3099975585938,1068600.0,912.3099975585938,0.0
NOW,2025-08-07,922.0,922.8900146484375,862.0,874.1199951171875,2798700.0,874.1199951171875,0.0
NOW,2025-08-08,878.3900146484375,882.0,862.1400146484375,872.510009765625,1902800.0,872.510009765625,0.0
NOW,2025-08-11,867.9199829101562,879.97998046875,850.9000244140625,856.3699951171875,2369800.0,856.3699951171875,0.0
NOW,2025-08-12,857.8099975585938,859.72998046875,840.030029296875,853.4299926757812,2865800.0,853.4299926757812,0.0
NOW,2025-08-13,860.5700073242188,864.4000244140625,842.7000122070312,863.2999877929688,2453600.0,863.2999877929688,0.0
NOW,2025-08-14,856.1599731445312,862.97998046875,846.3400268554688,850.8599853515625,1787900.0,850.8599853515625,0.0
NOW,2025-08-15,851.77001953125,867.9400024414062,848.6199951171875,867.239990234375,1758800.0,867.239990234375,0.0
NOW,2025-08-18,866.4500122070312,892.239990234375,865.3699951171875,892.0499877929688,2577400.0,892.0499877929688,0.0
NOW,2025-08-19,893.4000244140625,900.9099731445312,880.9600219726562,886.780029296875,2184200.0,886.780029296875,0.0
NOW,2025-08-20,884.260009765625,898.8900146484375,880.0,890.25,1971900.0,890.25,0.0
NOW,2025-08-21,885.9299926757812,888.3800048828125,873.0700073242188,876.969970703125,1127000.0,876.969970703125,0.0
NOW,2025-08-22,878.3400268554688,896.3800048828125,873.0,886.75,1084300.0,886.75,0.0
NOW,2025-08-25,889.7100219726562,890.1699829101562,878.6900024414062,879.9400024414062,861200.0,879.9400024414062,0.0
NOW,2025-08-26,879.0,880.0,855.0800170898438,864.6599731445312,2683700.0,864.6599731445312,0.0
NOW,2025-08-27,871.6699829101562,889.6099853515625,868.2000122070312,887.97998046875,1202200.0,887.97998046875,0.0
NOW,2025-08-28,890.5,935.780029296875,889.739990234375,928.5999755859375,3043600.0,928.5999755859375,0.0
NOW,2025-08-29,929.260009765625,933.989990234375,909.7100219726562,917.4600219726562,1881800.0,917.4600219726562,0.0
NOW,2025-09-02,901.77001953125,914.25,894.6400146484375,911.4199829101562,1247800.0,911.4199829101562,0.0
NOW,2025-09-03,908.989990234375,921.3400268554688,894.510009765625,919.3800048828125,1338100.0,919.3800048828125,0.0
NOW,2025-09-04,909.47998046875,910.22998046875,878.1900024414062,898.5599975585938,1703900.0,898.5599975585938,0.0
NOW,2025-09-05,904.1500244140625,916.2000122070312,901.3499755859375,913.7999877929688,1283900.0,913.7999877929688,0.0
NOW,2025-09-08,915.1400146484375,944.8200073242188,912.5599975585938,939.3300170898438,1636100.0,939.3300170898438,0.0
NOW,2025-09-09,945.0,945.0,927.7999877929688,933.6699829101562,1197600.0,933.6699829101562,0.0
NOW,2025-09-10,936.0,944.9199829101562,919.3300170898438,923.5700073242188,1648600.0,923.5700073242188,0.0
NOW,2025-09-11,927.719970703125,942.6699829101562,923.6500244140625,938.280029296875,1173000.0,938.280029296875,0.0
NOW,2025-09-12,941.72998046875,941.8499755859375,926.9299926757812,928.9600219726562,711100.0,928.9600219726562,0.0
NOW,2025-09-16 16:00:02-04:00,940.7100219726562,946.4349975585938,928.5,932.010009765625,1064787.0,932.010009765625,0.0
SHOP,2025-03-17,95.0199966430664,98.43000030517578,94.58100128173828,96.58999633789062,5771600.0,96.58999633789062,0.0
SHOP,2025-03-18,95.9000015258789,96.12000274658203,92.91000366210938,94.01000213623047,5372000.0,94.01000213623047,0.0
SHOP,2025-03-19,99.625,103.16999816894531,97.6500015258789,101.54000091552734,17808900.0,101.54000091552734,0.0
SHOP,2025-03-20,98.45999908447266,104.19000244140625,98.45999908447266,101.8499984741211,8604000.0,101.8499984741211,0.0
SHOP,2025-03-21,100.2699966430664,104.43000030517578,99.19999694824219,104.20999908447266,8696400.0,104.20999908447266,0.0
SHOP,2025-03-24,106.94999694824219,110.68000030517578,106.79499816894531,109.27999877929688,10099200.0,109.27999877929688,0.0
SHOP,2025-03-25,109.98999786376953,111.0,108.75,109.81999969482422,5752900.0,109.81999969482422,0.0
SHOP,2025-03-26,109.16999816894531,109.41999816894531,103.05000305175781,104.27999877929688,7271700.0,104.27999877929688,0.0
SHOP,2025-03-27,102.31999969482422,103.70999908447266,99.7300033569336,102.5199966430664,7639500.0,102.5199966430664,0.0
SHOP,2025-03-28,99.1500015258789,100.26000213623047,95.86100006103516,96.68000030517578,13202800.0,96.68000030517578,0.0
SHOP,2025-03-31,92.72000122070312,96.11000061035156,89.23500061035156,95.4800033569336,15801900.0,95.4800033569336,0.0
SHOP,2025-04-01,95.80000305175781,99.54000091552734,93.95999908447266,97.63999938964844,10309400.0,97.63999938964844,0.0
SHOP,2025-04-02,95.0250015258789,101.44999694824219,94.6500015258789,100.6500015258789,7892000.0,100.6500015258789,0.0
SHOP,2025-04-03,87.32499694824219,87.69999694824219,81.25,82.29000091552734,28920200.0,82.29000091552734,0.0
SHOP,2025-04-04,77.4800033569336,78.2699966430664,69.83999633789062,76.88999938964844,29707500.0,76.88999938964844,0.0
SHOP,2025-04-07,70.29499816894531,83.47000122070312,69.98999786376953,78.81999969482422,22525900.0,78.81999969482422,0.0
SHOP,2025-04-08,83.93000030517578,86.36000061035156,75.2300033569336,77.08999633789062,18606200.0,77.08999633789062,0.0
SHOP,2025-04-09,75.37999725341797,94.13999938964844,74.66999816894531,91.4000015258789,26917500.0,91.4000015258789,0.0
SHOP,2025-04-10,87.23999786376953,87.39700317382812,81.38700103759766,84.62999725341797,16133700.0,84.62999725341797,0.0
SHOP,2025-04-11,84.7249984741211,85.20999908447266,78.0,83.70999908447266,18099200.0,83.70999908447266,0.0
SHOP,2025-04-14,87.05999755859375,88.2699966430664,81.91500091552734,82.7699966430664,10460400.0,82.7699966430664,0.0
SHOP,2025-04-15,82.70999908447266,84.68000030517578,81.93000030517578,83.91000366210938,6986400.0,83.91000366210938,0.0
SHOP,2025-04-16,81.61000061035156,85.3499984741211,81.31999969482422,83.95999908447266,8811900.0,83.95999908447266,0.0
SHOP,2025-04-17,84.0,85.08000183105469,81.83999633789062,83.6500015258789,11592900.0,83.6500015258789,0.0
SHOP,2025-04-21,82.2699966430664,83.13999938964844,80.3499984741211,81.63999938964844,8153000.0,81.63999938964844,0.0
SHOP,2025-04-22,82.98999786376953,86.61000061035156,81.63999938964844,85.70999908447266,8664000.0,85.70999908447266,0.0
SHOP,2025-04-23,91.52999877929688,95.44999694824219,89.91999816894531,90.95999908447266,14029000.0,90.95999908447266,0.0
SHOP,2025-04-24,90.6449966430664,95.26499938964844,89.41000366210938,95.12000274658203,7847300.0,95.12000274658203,0.0
SHOP,2025-04-25,95.79000091552734,98.63999938964844,95.36000061035156,97.12000274658203,7824800.0,97.12000274658203,0.0
SHOP,2025-04-28,96.8499984741211,99.06999969482422,96.5,98.56999969482422,5892900.0,98.56999969482422,0.0
SHOP,2025-04-29,98.83000183105469,99.81700134277344,97.83999633789062,98.91999816894531,6797200.0,98.91999816894531,0.0
SHOP,2025-04-30,96.13500213623047,96.13500213623047,92.4000015258789,95.0,13233200.0,95.0,0.0
SHOP,2025-05-01,98.21499633789062,98.88999938964844,95.55000305175781,97.01000213623047,8288000.0,97.01000213623047,0.0
SHOP,2025-05-02,98.0999984741211,100.48999786376953,97.62999725341797,99.25,11140800.0,99.25,0.0
SHOP,2025-05-05,95.4000015258789,99.45999908447266,95.24199676513672,98.37999725341797,7652400.0,98.37999725341797,0.0
SHOP,2025-05-06,97.05000305175781,97.4000015258789,93.58000183105469,93.83000183105469,13082100.0,93.83000183105469,0.0
SHOP,2025-05-07,94.66500091552734,96.5999984741211,94.2300033569336,94.5,14723900.0,94.5,0.0
SHOP,2025-05-08,89.68499755859375,95.81999969482422,88.13999938964844,94.0,36455400.0,94.0,0.0
SHOP,2025-05-09,94.47000122070312,94.91000366210938,88.9000015258789,91.7699966430664,15360700.0,91.7699966430664,0.0
SHOP,2025-05-12,104.0,106.3499984741211,99.01000213623047,104.33999633789062,30713700.0,104.33999633789062,0.0
SHOP,2025-05-13,106.3499984741211,109.0,106.05999755859375,107.68000030517578,14517900.0,107.68000030517578,0.0
SHOP,2025-05-14,108.41000366210938,111.87999725341797,108.25,111.44999694824219,16384000.0,111.44999694824219,0.0
SHOP,2025-05-15,109.92500305175781,111.7300033569336,108.38999938964844,110.20999908447266,13577300.0,110.20999908447266,0.0
SHOP,2025-05-16,111.55999755859375,112.37999725341797,109.7969970703125,110.75,96081400.0,110.75,0.0
SHOP,2025-05-19,108.80999755859375,109.91999816894531,106.81999969482422,109.0999984741211,9809700.0,109.0999984741211,0.0
SHOP,2025-05-20,108.62999725341797,109.08999633789062,104.61299896240234,106.43000030517578,8294500.0,106.43000030517578,0.0
SHOP,2025-05-21,104.98999786376953,105.58000183105469,101.55000305175781,102.31999969482422,9251300.0,102.31999969482422,0.0
SHOP,2025-05-22,102.41999816894531,104.76000213623047,101.77999877929688,103.29000091552734,6216400.0,103.29000091552734,0.0
SHOP,2025-05-23,100.80999755859375,102.95999908447266,100.30999755859375,101.51000213623047,5999500.0,101.51000213623047,0.0
SHOP,2025-05-27,104.3550033569336,107.4800033569336,103.9000015258789,106.73999786376953,7556600.0,106.73999786376953,0.0
SHOP,2025-05-28,106.52999877929688,108.13999938964844,105.56999969482422,107.11000061035156,6823400.0,107.11000061035156,0.0
SHOP,2025-05-29,109.69499969482422,110.68000030517578,107.1500015258789,107.69999694824219,6636000.0,107.69999694824219,0.0
SHOP,2025-05-30,107.31500244140625,107.69000244140625,103.91000366210938,107.22000122070312,12183300.0,107.22000122070312,0.0
SHOP,2025-06-02,106.25499725341797,107.3499984741211,103.7300033569336,106.54000091552734,5341400.0,106.54000091552734,0.0
SHOP,2025-06-03,104.80000305175781,106.55999755859375,104.29000091552734,105.11000061035156,7236200.0,105.11000061035156,0.0
SHOP,2025-06-04,105.44000244140625,105.75,102.80999755859375,103.58000183105469,7465100.0,103.58000183105469,0.0
SHOP,2025-06-05,104.0,106.55999755859375,103.0999984741211,105.02999877929688,11085300.0,105.02999877929688,0.0
SHOP,2025-06-06,106.99099731445312,112.08000183105469,106.66000366210938,111.41000366210938,8736300.0,111.41000366210938,0.0
SHOP,2025-06-09,110.41999816894531,111.0,107.76000213623047,107.80000305175781,7738800.0,107.80000305175781,0.0
SHOP,2025-06-10,108.36000061035156,110.61000061035156,107.3499984741211,110.26000213623047,6548500.0,110.26000213623047,0.0
SHOP,2025-06-11,111.625,117.36000061035156,111.29000091552734,114.12999725341797,14078100.0,114.12999725341797,0.0
SHOP,2025-06-12,113.25,113.56999969482422,108.87000274658203,109.20999908447266,8669300.0,109.20999908447266,0.0
SHOP,2025-06-13,105.52999877929688,107.01000213623047,104.66000366210938,105.33999633789062,7979400.0,105.33999633789062,0.0
SHOP,2025-06-16,107.95999908447266,109.4800033569336,107.01000213623047,108.37000274658203,7266600.0,108.37000274658203,0.0
SHOP,2025-06-17,107.30000305175781,108.54000091552734,106.33999633789062,106.52999877929688,4910900.0,106.52999877929688,0.0
SHOP,2025-06-18,106.5199966430664,107.69999694824219,105.30000305175781,105.97000122070312,5960400.0,105.97000122070312,0.0
SHOP,2025-06-20,107.72000122070312,109.12000274658203,105.7300033569336,106.4000015258789,10354900.0,106.4000015258789,0.0
SHOP,2025-06-23,106.19499969482422,110.05999755859375,103.91200256347656,109.9800033569336,8834000.0,109.9800033569336,0.0
SHOP,2025-06-24,112.2300033569336,115.16000366210938,111.8499984741211,114.41999816894531,8907500.0,114.41999816894531,0.0
SHOP,2025-06-25,114.27999877929688,114.5,112.86000061035156,113.88999938964844,9134700.0,113.88999938964844,0.0
SHOP,2025-06-26,113.76000213623047,113.76000213623047,108.33000183105469,113.06999969482422,11368200.0,113.06999969482422,0.0
SHOP,2025-06-27,113.08999633789062,115.05999755859375,111.91000366210938,113.6500015258789,6377900.0,113.6500015258789,0.0
SHOP,2025-06-30,115.08999633789062,116.5999984741211,113.95999908447266,115.3499984741211,7107500.0,115.3499984741211,0.0
SHOP,2025-07-01,114.30999755859375,116.12000274658203,112.06999969482422,112.66999816894531,5537900.0,112.66999816894531,0.0
SHOP,2025-07-02,111.80000305175781,117.17500305175781,111.77999877929688,114.7699966430664,6726100.0,114.7699966430664,0.0
SHOP,2025-07-03,114.9800033569336,117.45999908447266,114.97000122070312,116.5199966430664,3773600.0,116.5199966430664,0.0
SHOP,2025-07-07,115.94999694824219,117.06999969482422,114.88999938964844,116.66000366210938,5420500.0,116.66000366210938,0.0
SHOP,2025-07-08,117.41400146484375,118.3499984741211,111.33000183105469,112.4800033569336,7718000.0,112.4800033569336,0.0
SHOP,2025-07-09,113.16999816894531,114.93000030517578,112.58999633789062,114.31999969482422,6125800.0,114.31999969482422,0.0
SHOP,2025-07-10,114.45999908447266,116.54000091552734,112.36000061035156,115.16000366210938,6836200.0,115.16000366210938,0.0
SHOP,2025-07-11,114.02999877929688,116.30999755859375,111.38999938964844,112.11000061035156,5582800.0,112.11000061035156,0.0
SHOP,2025-07-14,112.9000015258789,118.45999908447266,111.7249984741211,116.73999786376953,10225400.0,116.73999786376953,0.0
SHOP,2025-07-15,116.98999786376953,118.6500015258789,114.6500015258789,115.05000305175781,5440500.0,115.05000305175781,0.0
SHOP,2025-07-16,114.29000091552734,120.18000030517578,112.58999633789062,120.0,12714100.0,120.0,0.0
SHOP,2025-07-17,120.04000091552734,127.33999633789062,119.66999816894531,126.75,13380600.0,126.75,0.0
SHOP,2025-07-18,127.83000183105469,129.0800018310547,125.88999938964844,127.06999969482422,8473600.0,127.06999969482422,0.0
SHOP,2025-07-21,126.83499908447266,129.2899932861328,126.5999984741211,128.42999267578125,6419800.0,128.42999267578125,0.0
SHOP,2025-07-22,126.59500122070312,127.23799896240234,122.54000091552734,123.70999908447266,9045400.0,123.70999908447266,0.0
SHOP,2025-07-23,122.80999755859375,123.11000061035156,118.87000274658203,122.20999908447266,8523600.0,122.20999908447266,0.0
SHOP,2025-07-24,122.8499984741211,122.8499984741211,120.70999908447266,122.08000183105469,4313100.0,122.08000183105469,0.0
SHOP,2025-07-25,122.19000244140625,125.56999969482422,121.5999984741211,124.43000030517578,6935300.0,124.43000030517578,0.0
SHOP,2025-07-28,126.0999984741211,128.14999389648438,125.80999755859375,126.83999633789062,5335800.0,126.83999633789062,0.0
SHOP,2025-07-29,126.59500122070312,127.62000274658203,123.27999877929688,124.8499984741211,5911800.0,124.8499984741211,0.0
SHOP,2025-07-30,123.97000122070312,125.94000244140625,122.16000366210938,123.01000213623047,6702700.0,123.01000213623047,0.0
SHOP,2025-07-31,125.3499984741211,126.58000183105469,122.05000305175781,122.20999908447266,8493500.0,122.20999908447266,0.0
SHOP,2025-08-01,118.05000305175781,120.19000244140625,115.94999694824219,118.5999984741211,9886700.0,118.5999984741211,0.0
SHOP,2025-08-04,120.2300033569336,125.48999786376953,120.2300033569336,125.20999908447266,6881700.0,125.20999908447266,0.0
SHOP,2025-08-05,125.0,127.2300033569336,123.0,127.0,9223300.0,127.0,0.0
SHOP,2025-08-06,145.16000366210938,156.38999938964844,145.11000061035156,154.89999389648438,38572100.0,154.89999389648438,0.0
SHOP,2025-08-07,154.4600067138672,156.85000610351562,147.5,151.07000732421875,15934800.0,151.07000732421875,0.0
SHOP,2025-08-08,150.49000549316406,150.72999572753906,148.02999877929688,149.61000061035156,9571000.0,149.61000061035156,0.0
SHOP,2025-08-11,150.7550048828125,153.32000732421875,147.22000122070312,147.5,10131000.0,147.5,0.0
SHOP,2025-08-12,148.02499389648438,150.6999969482422,147.0800018310547,149.3000030517578,7173100.0,149.3000030517578,0.0
SHOP,2025-08-13,150.2100067138672,151.64999389648438,148.38999938964844,150.08999633789062,6660700.0,150.08999633789062,0.0
SHOP,2025-08-14,148.375,148.5,142.92999267578125,144.27000427246094,9499700.0,144.27000427246094,0.0
SHOP,2025-08-15,144.27000427246094,145.22000122070312,140.6999969482422,141.47000122070312,7198800.0,141.47000122070312,0.0
SHOP,2025-08-18,141.38499450683594,143.3699951171875,140.07000732421875,143.11000061035156,4435700.0,143.11000061035156,0.0
SHOP,2025-08-19,143.0,144.41000366210938,138.97000122070312,139.25,6339500.0,139.25,0.0
SHOP,2025-08-20,137.9199981689453,138.52999877929688,134.75,137.2899932861328,7256000.0,137.2899932861328,0.0
SHOP,2025-08-21,136.25999450683594,137.9600067138672,134.8800048828125,136.67999267578125,4420400.0,136.67999267578125,0.0
SHOP,2025-08-22,136.77999877929688,143.1699981689453,135.38499450683594,142.11000061035156,7649800.0,142.11000061035156,0.0
SHOP,2025-08-25,140.75,142.8560028076172,139.5,140.52999877929688,4945000.0,140.52999877929688,0.0
SHOP,2025-08-26,140.88999938964844,141.17999267578125,139.1199951171875,140.85000610351562,4409000.0,140.85000610351562,0.0
SHOP,2025-08-27,142.0800018310547,142.5,137.27999877929688,139.88999938964844,5272200.0,139.88999938964844,0.0
SHOP,2025-08-28,140.82000732421875,144.1999969482422,140.58999633789062,141.5399932861328,6339600.0,141.5399932861328,0.0
SHOP,2025-08-29,141.42999267578125,143.08999633789062,139.91000366210938,141.27999877929688,4617000.0,141.27999877929688,0.0
SHOP,2025-09-02,136.9499969482422,139.32000732421875,133.39999389648438,139.0399932861328,5082300.0,139.0399932861328,0.0
SHOP,2025-09-03,140.0,140.98699951171875,138.11300659179688,140.22000122070312,3531500.0,140.22000122070312,0.0
SHOP,2025-09-04,140.90499877929688,145.61000061035156,140.072998046875,145.14999389648438,6538700.0,145.14999389648438,0.0
SHOP,2025-09-05,146.58999633789062,147.97000122070312,144.9199981689453,146.82000732421875,5727700.0,146.82000732421875,0.0
SHOP,2025-09-08,147.55999755859375,148.57000732421875,144.0780029296875,146.22000122070312,5782100.0,146.22000122070312,0.0
SHOP,2025-09-09,145.02499389648438,146.61000061035156,142.85000610351562,143.44000244140625,5748600.0,143.44000244140625,0.0
SHOP,2025-09-10,144.5500030517578,145.4600067138672,141.3000030517578,142.1999969482422,7362100.0,142.1999969482422,0.0
SHOP,2025-09-11,142.0500030517578,146.99000549316406,142.0500030517578,145.02999877929688,6051900.0,145.02999877929688,0.0
SHOP,2025-09-12,143.52000427246094,144.6199951171875,141.52000427246094,143.3800048828125,4911600.0,143.3800048828125,0.0
SHOP,2025-09-16 16:00:00-04:00,149.08999633789062,150.1699981689453,145.2100067138672,147.2100067138672,5449195.0,147.2100067138672,0.0
INTU,2025-03-17,595.4199829101562,605.3300170898438,591.9199829101562,602.1099853515625,1558800.0,600.2479248046875,0.0
INTU,2025-03-18,598.9000244140625,601.5599975585938,591.7999877929688,599.030029296875,1230400.0,597.177490234375,0.0
INTU,2025-03-19,605.780029296875,609.0399780273438,597.510009765625,603.1099853515625,1247700.0,601.2448120117188,0.0
INTU,2025-03-20,599.1099853515625,605.5800170898438,596.0900268554688,600.4199829101562,1088200.0,598.5631713867188,0.0
INTU,2025-03-21,592.989990234375,605.25,590.02001953125,604.0399780273438,2391400.0,602.1719360351562,0.0
INTU,2025-03-24,610.0,614.2899780273438,605.2899780273438,613.0900268554688,1703000.0,611.1939697265625,0.0
INTU,2025-03-25,611.52001953125,620.9299926757812,605.219970703125,618.719970703125,1126500.0,616.8065185546875,0.0
INTU,2025-03-26,618.780029296875,620.27001953125,613.0700073242188,614.8599853515625,1715500.0,612.95849609375,0.0
INTU,2025-03-27,615.489990234375,620.6099853515625,612.3099975585938,615.2999877929688,1206200.0,613.3971557617188,0.0
INTU,2025-03-28,611.5700073242188,613.7899780273438,595.5499877929688,598.9199829101562,1574600.0,597.0678100585938,0.0
INTU,2025-03-31,600.3400268554688,618.0,593.72998046875,613.989990234375,3071400.0,612.0912475585938,0.0
INTU,2025-04-01,610.8699951171875,617.1199951171875,606.1500244140625,613.780029296875,1826500.0,611.8818969726562,0.0
INTU,2025-04-02,605.0599975585938,625.0,604.9600219726562,620.9099731445312,1604500.0,618.9898071289062,0.0
INTU,2025-04-03,604.0,616.4199829101562,598.2000122070312,598.530029296875,2833900.0,596.6790161132812,0.0
INTU,2025-04-04,588.0999755859375,594.2100219726562,560.9400024414062,561.530029296875,3335200.0,559.79345703125,0.0
INTU,2025-04-07,548.010009765625,575.8900146484375,532.6500244140625,556.239990234375,2834700.0,554.519775390625,0.0
INTU,2025-04-08,564.6300048828125,568.6099853515625,537.5499877929688,544.0700073242188,2764000.0,542.387451171875,0.0
INTU,2025-04-09,541.5399780273438,598.5499877929688,539.1199951171875,596.47998046875,2883800.0,594.6353759765625,0.0
INTU,2025-04-10,583.0800170898438,585.969970703125,558.6599731445312,577.469970703125,2289100.0,576.6895751953125,1.04
INTU,2025-04-11,573.2899780273438,588.4600219726562,569.469970703125,587.0399780273438,1479900.0,586.2467041015625,0.0
INTU,2025-04-14,600.0,600.0,585.8200073242188,593.5499877929688,1227400.0,592.7478637695312,0.0
INTU,2025-04-15,598.969970703125,600.5599975585938,591.3499755859375,594.0800170898438,1177800.0,593.2772216796875,0.0
INTU,2025-04-16,587.6500244140625,598.0700073242188,581.0800170898438,588.0800170898438,1985500.0,587.2853393554688,0.0
INTU,2025-04-17,592.0,593.9099731445312,584.8300170898438,585.3800048828125,1642900.0,584.5889282226562,0.0
INTU,2025-04-21,578.4299926757812,581.3699951171875,559.0999755859375,568.8400268554688,1502600.0,568.0713500976562,0.0
INTU,2025-04-22,574.1799926757812,584.8400268554688,571.469970703125,583.5599975585938,1467500.0,582.7714233398438,0.0
INTU,2025-04-23,597.0,608.72998046875,593.8099975585938,596.0499877929688,1744800.0,595.2445068359375,0.0
INTU,2025-04-24,598.8300170898438,617.0999755859375,596.6699829101562,614.8300170898438,1601000.0,613.9991455078125,0.0
INTU,2025-04-25,616.0599975585938,625.2100219726562,612.97998046875,624.1199951171875,1540600.0,623.276611328125,0.0
INTU,2025-04-28,623.3200073242188,628.5999755859375,614.5700073242188,618.22998046875,1357300.0,617.39453125,0.0
INTU,2025-04-29,618.6799926757812,624.1900024414062,616.0800170898438,623.1500244140625,843300.0,622.3079223632812,0.0
INTU,2025-04-30,614.0900268554688,629.2999877929688,610.219970703125,627.469970703125,1315400.0,626.6220092773438,0.0
INTU,2025-05-01,624.5,635.1799926757812,622.4199829101562,623.1900024414062,1449900.0,622.3478393554688,0.0
INTU,2025-05-02,633.4600219726562,636.8099975585938,627.5499877929688,631.6799926757812,1367300.0,630.8263549804688,0.0
INTU,2025-05-05,630.6699829101562,641.510009765625,629.3900146484375,632.1799926757812,1434100.0,631.32568359375,0.0
INTU,2025-05-06,625.5,633.9099731445312,622.9400024414062,626.5499877929688,905800.0,625.7033081054688,0.0
INTU,2025-05-07,626.5999755859375,642.469970703125,626.5999755859375,641.1400146484375,1650500.0,640.2736206054688,0.0
INTU,2025-05-08,643.530029296875,662.489990234375,641.3099975585938,656.0800170898438,2059800.0,655.1934204101562,0.0
INTU,2025-05-09,655.260009765625,658.1900024414062,650.0700073242188,653.8800048828125,1158800.0,652.9963989257812,0.0
INTU,2025-05-12,665.0,670.5999755859375,654.9199829101562,662.2999877929688,1842000.0,661.4049682617188,0.0
INTU,2025-05-13,660.4400024414062,661.3900146484375,651.72998046875,656.7999877929688,1560500.0,655.9124145507812,0.0
INTU,2025-05-14,656.0,660.469970703125,652.1099853515625,652.8300170898438,1947900.0,651.9478149414062,0.0
INTU,2025-05-15,654.3200073242188,665.3699951171875,652.1599731445312,661.3099975585938,1548500.0,660.4163208007812,0.0
INTU,2025-05-16,672.8099975585938,672.8099975585938,662.1900024414062,670.280029296875,1555200.0,669.374267578125,0.0
INTU,2025-05-19,666.4600219726562,675.0,663.2000122070312,670.8599853515625,1327800.0,669.9534301757812,0.0
INTU,2025-05-20,665.3800048828125,671.5,663.22998046875,671.1599731445312,1047500.0,670.2529907226562,0.0
INTU,2025-05-21,668.739990234375,671.0700073242188,659.6099853515625,659.97998046875,1478800.0,659.088134765625,0.0
INTU,2025-05-22,662.510009765625,670.5599975585938,659.0,666.0700073242188,2301200.0,665.169921875,0.0
INTU,2025-05-23,720.0,734.1799926757812,714.0,720.1300048828125,5327700.0,719.1568603515625,0.0
INTU,2025-05-27,724.510009765625,751.9600219726562,722.4500122070312,751.9600219726562,4079800.0,750.94384765625,0.0
INTU,2025-05-28,752.0,758.77001953125,751.0,754.4500122070312,2504600.0,753.4304809570312,0.0
INTU,2025-05-29,759.5,759.5,746.8099975585938,757.219970703125,1589700.0,756.1967163085938,0.0
INTU,2025-05-30,760.0,761.02001953125,747.27001953125,753.469970703125,2887100.0,752.4517822265625,0.0
INTU,2025-06-02,750.5499877929688,765.0800170898438,748.3400268554688,764.989990234375,1870000.0,763.9562377929688,0.0
INTU,2025-06-03,762.8300170898438,768.0900268554688,758.1599731445312,764.6599731445312,1526800.0,763.6266479492188,0.0
INTU,2025-06-04,762.3300170898438,768.0599975585938,762.0,766.8099975585938,1280800.0,765.7737426757812,0.0
INTU,2025-06-05,766.0700073242188,773.4500122070312,763.8099975585938,766.6400146484375,1242200.0,765.60400390625,0.0
INTU,2025-06-06,770.1400146484375,771.8599853515625,764.27001953125,771.5800170898438,1475300.0,770.537353515625,0.0
INTU,2025-06-09,770.219970703125,772.0,762.6400146484375,764.3800048828125,1342400.0,763.3470458984375,0.0
INTU,2025-06-10,762.3599853515625,766.1900024414062,754.1099853515625,762.0999755859375,1422900.0,761.0701293945312,0.0
INTU,2025-06-11,758.8099975585938,765.4600219726562,754.530029296875,764.75,1276500.0,763.716552734375,0.0
INTU,2025-06-12,763.3499755859375,770.77001953125,763.3499755859375,766.2100219726562,1300200.0,765.1746215820312,0.0
INTU,2025-06-13,758.72998046875,763.010009765625,752.3400268554688,753.97998046875,1148000.0,752.9610595703125,0.0
INTU,2025-06-16,761.8200073242188,769.9199829101562,757.5700073242188,768.0800170898438,1428900.0,767.0420532226562,0.0
INTU,2025-06-17,768.4600219726562,769.6400146484375,761.6500244140625,764.9000244140625,1344500.0,763.8663940429688,0.0
INTU,2025-06-18,762.3699951171875,765.5900268554688,750.3800048828125,754.8300170898438,2223400.0,753.8099975585938,0.0
INTU,2025-06-20,760.6599731445312,762.3900146484375,755.0499877929688,761.1400146484375,2709400.0,760.1114501953125,0.0
INTU,2025-06-23,759.6699829101562,765.0,754.4000244140625,762.5499877929688,1223300.0,761.51953125,0.0
INTU,2025-06-24,769.1400146484375,771.1400146484375,758.1400146484375,759.030029296875,1900400.0,758.0043334960938,0.0
INTU,2025-06-25,758.0599975585938,759.6199951171875,751.0599975585938,757.8599853515625,1531100.0,756.8358764648438,0.0
INTU,2025-06-26,759.3800048828125,773.3800048828125,758.530029296875,772.8599853515625,1420100.0,771.8155517578125,0.0
INTU,2025-06-27,771.1599731445312,787.219970703125,771.1599731445312,776.5700073242188,2051800.0,775.5205688476562,0.0
INTU,2025-06-30,782.52001953125,790.5,779.1300048828125,787.6300048828125,1946900.0,786.5656127929688,0.0
INTU,2025-07-01,788.7000122070312,790.5999755859375,765.8099975585938,779.6099853515625,1923800.0,778.5564575195312,0.0
INTU,2025-07-02,773.9000244140625,775.3300170898438,765.9099731445312,773.7000122070312,1493000.0,772.6544799804688,0.0
INTU,2025-07-03,777.5700073242188,784.5399780273438,776.6900024414062,780.6400146484375,823000.0,779.5850830078125,0.0
INTU,2025-07-07,780.27001953125,788.1300048828125,778.760009765625,783.6099853515625,1296000.0,782.551025390625,0.0
INTU,2025-07-08,784.5700073242188,784.6199951171875,775.8400268554688,781.47998046875,1437600.0,780.4239501953125,0.0
INTU,2025-07-09,782.6699829101562,783.0,766.0499877929688,769.5900268554688,1486200.0,768.550048828125,0.0
INTU,2025-07-10,768.4299926757812,769.97998046875,745.1300048828125,747.9000244140625,1783700.0,747.9000244140625,1.04
INTU,2025-07-11,745.5499877929688,751.8599853515625,743.5,747.9000244140625,1047800.0,747.9000244140625,0.0
INTU,2025-07-14,749.5900268554688,758.8599853515625,747.5,752.75,1114900.0,752.75,0.0
INTU,2025-07-15,750.9099731445312,754.5,742.8900146484375,745.9500122070312,1452400.0,745.9500122070312,0.0
INTU,2025-07-16,751.7999877929688,751.7999877929688,742.3900146484375,750.719970703125,1263100.0,750.719970703125,0.0
INTU,2025-07-17,749.2100219726562,756.4500122070312,748.9099731445312,755.3699951171875,1071300.0,755.3699951171875,0.0
INTU,2025-07-18,763.22998046875,763.22998046875,750.8400268554688,752.6300048828125,1509400.0,752.6300048828125,0.0
INTU,2025-07-21,753.989990234375,767.9299926757812,751.510009765625,763.6900024414062,1411800.0,763.6900024414062,0.0
INTU,2025-07-22,767.4500122070312,771.1199951171875,760.2999877929688,766.780029296875,1027400.0,766.780029296875,0.0
INTU,2025-07-23,765.7899780273438,778.0599975585938,759.530029296875,776.0,1939600.0,776.0,0.0
INTU,2025-07-24,778.0,784.1699829101562,775.280029296875,781.2100219726562,1379900.0,781.2100219726562,0.0
INTU,2025-07-25,782.9099731445312,790.5,780.5,785.9500122070312,1406400.0,785.9500122070312,0.0
INTU,2025-07-28,785.030029296875,800.5,783.0,798.72998046875,1933200.0,798.72998046875,0.0
INTU,2025-07-29,804.47998046875,807.9299926757812,794.8300170898438,806.3400268554688,1693800.0,806.3400268554688,0.0
INTU,2025-07-30,804.8699951171875,813.7000122070312,800.9600219726562,807.3900146484375,1606400.0,807.3900146484375,0.0
INTU,2025-07-31,807.1500244140625,807.1500244140625,783.9400024414062,785.1300048828125,1779100.0,785.1300048828125,0.0
INTU,2025-08-01,786.1400146484375,787.3699951171875,772.3499755859375,776.1500244140625,1490100.0,776.1500244140625,0.0
INTU,2025-08-04,784.1799926757812,790.5399780273438,781.3099975585938,784.8699951171875,1484400.0,784.8699951171875,0.0
INTU,2025-08-05,785.4199829101562,794.0900268554688,767.9199829101562,769.27001953125,1257800.0,769.27001953125,0.0
INTU,2025-08-06,773.8699951171875,779.6699829101562,765.6799926757812,779.469970703125,1154700.0,779.469970703125,0.0
INTU,2025-08-07,783.47998046875,786.280029296875,752.0399780273438,761.6099853515625,1435900.0,761.6099853515625,0.0
INTU,2025-08-08,760.5,762.47998046875,747.25,749.0,1670200.0,749.0,0.0
INTU,2025-08-11,747.6199951171875,750.5499877929688,702.6799926757812,706.0900268554688,3195300.0,706.0900268554688,0.0
INTU,2025-08-12,707.1400146484375,714.469970703125,699.0599975585938,713.47998046875,2146000.0,713.47998046875,0.0
INTU,2025-08-13,713.47998046875,717.5499877929688,703.9600219726562,711.7100219726562,1602400.0,711.7100219726562,0.0
INTU,2025-08-14,711.989990234375,715.97998046875,706.1199951171875,710.6400146484375,1241000.0,710.6400146484375,0.0
INTU,2025-08-15,712.3400268554688,720.0900268554688,707.5,716.739990234375,1751700.0,716.739990234375,0.0
INTU,2025-08-18,717.0999755859375,721.5399780273438,714.8499755859375,717.2100219726562,1628800.0,717.2100219726562,0.0
INTU,2025-08-19,715.0800170898438,719.0999755859375,698.77001953125,701.030029296875,2582100.0,701.030029296875,0.0
INTU,2025-08-20,703.97998046875,705.0999755859375,695.6900024414062,699.1500244140625,2096200.0,699.1500244140625,0.0
INTU,2025-08-21,697.010009765625,701.0,692.8300170898438,697.760009765625,2511500.0,697.760009765625,0.0
INTU,2025-08-22,655.0,670.3900146484375,642.52001953125,662.6599731445312,6368800.0,662.6599731445312,0.0
INTU,2025-08-25,664.989990234375,670.4299926757812,655.75,656.9600219726562,2201500.0,656.9600219726562,0.0
INTU,2025-08-26,658.0,666.4199829101562,656.4400024414062,659.5399780273438,3762900.0,659.5399780273438,0.0
INTU,2025-08-27,661.7999877929688,664.3300170898438,654.3599853515625,663.1699829101562,1690200.0,663.1699829101562,0.0
INTU,2025-08-28,663.6599731445312,674.6199951171875,661.97998046875,668.2000122070312,2071100.0,668.2000122070312,0.0
INTU,2025-08-29,668.2000122070312,673.739990234375,664.3499755859375,667.0,1594100.0,667.0,0.0
INTU,2025-09-02,655.260009765625,664.6699829101562,655.0800170898438,661.989990234375,1679900.0,661.989990234375,0.0
INTU,2025-09-03,665.2899780273438,669.9199829101562,658.3099975585938,668.6799926757812,1986900.0,668.6799926757812,0.0
INTU,2025-09-04,665.0,671.8099975585938,659.22998046875,668.2899780273438,1719100.0,668.2899780273438,0.0
INTU,2025-09-05,672.219970703125,677.0,667.25,672.8200073242188,1614100.0,672.8200073242188,0.0
INTU,2025-09-08,676.5800170898438,679.4000244140625,667.9600219726562,671.6799926757812,1558700.0,671.6799926757812,0.0
INTU,2025-09-09,669.3099975585938,673.7000122070312,664.760009765625,670.8900146484375,1254900.0,670.8900146484375,0.0
INTU,2025-09-10,669.3900146484375,670.0,653.3499755859375,656.260009765625,2789400.0,656.260009765625,0.0
INTU,2025-09-11,660.2899780273438,666.3900146484375,656.9099731445312,660.52001953125,2201300.0,660.52001953125,0.0
INTU,2025-09-12,658.4600219726562,660.4000244140625,645.3099975585938,646.030029296875,2202100.0,646.030029296875,0.0
ANET,2025-03-17,83.87999725341797,85.73999786376953,83.7699966430664,85.08999633789062,6639600.0,85.08999633789062,0.0
ANET,2025-03-18,83.51000213623047,84.83999633789062,83.2300033569336,83.98999786376953,9528700.0,83.98999786376953,0.0
ANET,2025-03-19,84.43000030517578,85.0,82.3499984741211,84.41999816894531,10323000.0,84.41999816894531,0.0
ANET,2025-03-20,83.13999938964844,84.58000183105469,82.80999755859375,82.97000122070312,7534400.0,82.97000122070312,0.0
ANET,2025-03-21,81.63999938964844,83.83999633789062,80.75,83.12999725341797,10786500.0,83.12999725341797,0.0
ANET,2025-03-24,85.66999816894531,87.63999938964844,85.30999755859375,87.51000213623047,10403100.0,87.51000213623047,0.0
ANET,2025-03-25,87.51000213623047,88.36900329589844,86.66000366210938,86.94000244140625,7780200.0,86.94000244140625,0.0
ANET,2025-03-26,85.73999786376953,86.03500366210938,80.01000213623047,81.66000366210938,14156000.0,81.66000366210938,0.0
ANET,2025-03-27,80.25,81.05000305175781,78.0,78.95999908447266,12678600.0,78.95999908447266,0.0
ANET,2025-03-28,79.44000244140625,80.2300033569336,77.06999969482422,77.94000244140625,9783800.0,77.94000244140625,0.0
ANET,2025-03-31,75.22000122070312,77.68000030517578,74.52999877929688,77.4800033569336,10768100.0,77.4800033569336,0.0
ANET,2025-04-01,77.1500015258789,78.55000305175781,75.90699768066406,78.48999786376953,6956400.0,78.48999786376953,0.0
ANET,2025-04-02,75.7249984741211,81.20999908447266,75.5,80.16000366210938,7163700.0,80.16000366210938,0.0
ANET,2025-04-03,73.22000122070312,75.55000305175781,71.13999938964844,71.2699966430664,19579700.0,71.2699966430664,0.0
ANET,2025-04-04,67.5199966430664,68.80000305175781,62.41999816894531,64.37000274658203,21792400.0,64.37000274658203,0.0
ANET,2025-04-07,59.79999923706055,70.69000244140625,59.43000030517578,68.16999816894531,20012600.0,68.16999816894531,0.0
ANET,2025-04-08,72.63999938964844,74.45999908447266,67.78500366210938,69.5,21129700.0,69.5,0.0
ANET,2025-04-09,68.91000366210938,77.6500015258789,68.58999633789062,76.0,22451400.0,76.0,0.0
ANET,2025-04-10,74.0,74.5,69.88999938964844,72.6500015258789,12227000.0,72.6500015258789,0.0
ANET,2025-04-11,72.98999786376953,73.80000305175781,70.62000274658203,72.66999816894531,11227300.0,72.66999816894531,0.0
ANET,2025-04-14,76.5,76.77999877929688,73.18000030517578,73.58999633789062,10648400.0,73.58999633789062,0.0
ANET,2025-04-15,73.16999816894531,74.01000213623047,72.41000366210938,73.19999694824219,9119500.0,73.19999694824219,0.0
ANET,2025-04-16,69.125,73.13400268554688,69.125,71.87000274658203,8003100.0,71.87000274658203,0.0
ANET,2025-04-17,72.51000213623047,72.51000213623047,70.41000366210938,71.19999694824219,8567100.0,71.19999694824219,0.0
ANET,2025-04-21,68.68000030517578,69.30000305175781,66.58999633789062,67.66999816894531,9472800.0,67.66999816894531,0.0
ANET,2025-04-22,67.66999816894531,69.26000213623047,67.16000366210938,68.66999816894531,8795200.0,68.66999816894531,0.0
ANET,2025-04-23,73.20999908447266,73.63999938964844,70.36000061035156,70.76000213623047,11589100.0,70.76000213623047,0.0
ANET,2025-04-24,71.55999755859375,75.9800033569336,71.55999755859375,75.29000091552734,11772000.0,75.29000091552734,0.0
ANET,2025-04-25,76.41000366210938,79.0,76.01000213623047,77.91000366210938,12462700.0,77.91000366210938,0.0
ANET,2025-04-28,76.94999694824219,79.25,76.87999725341797,78.30999755859375,7531800.0,78.30999755859375,0.0
ANET,2025-04-29,79.40499877929688,81.11000061035156,78.8499984741211,80.7300033569336,11766700.0,80.7300033569336,0.0
ANET,2025-04-30,78.06999969482422,82.55500030517578,77.72000122070312,82.2699966430664,12433000.0,82.2699966430664,0.0
ANET,2025-05-01,87.7699966430664,89.33999633789062,86.37000274658203,87.83999633789062,16458000.0,87.83999633789062,0.0
ANET,2025-05-02,89.0999984741211,92.0199966430664,89.08999633789062,91.0199966430664,11102200.0,91.0199966430664,0.0
ANET,2025-05-05,89.69999694824219,91.56999969482422,89.44000244140625,90.37999725341797,7358600.0,90.37999725341797,0.0
ANET,2025-05-06,87.41999816894531,92.12000274658203,87.04000091552734,90.7699966430664,14475300.0,90.7699966430664,0.0
ANET,2025-05-07,85.87999725341797,87.37999725341797,82.80000305175781,86.44999694824219,17846700.0,86.44999694824219,0.0
ANET,2025-05-08,87.5199966430664,88.69000244140625,86.62000274658203,87.2699966430664,9722100.0,87.2699966430664,0.0
ANET,2025-05-09,88.0999984741211,88.48999786376953,85.37000274658203,86.5199966430664,8270900.0,86.5199966430664,0.0
ANET,2025-05-12,92.70999908447266,92.87000274658203,90.36000061035156,92.31999969482422,9793600.0,92.31999969482422,0.0
ANET,2025-05-13,92.52999877929688,97.8499984741211,92.26000213623047,97.25,12100800.0,97.25,0.0
ANET,2025-05-14,99.1500015258789,99.47000122070312,96.4209976196289,98.22000122070312,11725400.0,98.22000122070312,0.0
ANET,2025-05-15,95.33999633789062,96.41999816894531,94.54000091552734,96.06999969482422,8292100.0,96.06999969482422,0.0
ANET,2025-05-16,96.62000274658203,96.77999877929688,95.36000061035156,96.41999816894531,5900000.0,96.41999816894531,0.0
ANET,2025-05-19,94.43000030517578,96.9000015258789,93.61399841308594,96.69999694824219,6161700.0,96.69999694824219,0.0
ANET,2025-05-20,95.58000183105469,95.97000122070312,94.68000030517578,95.66999816894531,5882800.0,95.66999816894531,0.0
ANET,2025-05-21,92.7699966430664,95.41000366210938,92.19499969482422,92.43000030517578,8339500.0,92.43000030517578,0.0
ANET,2025-05-22,92.43000030517578,93.44000244140625,91.4000015258789,92.55999755859375,5523400.0,92.55999755859375,0.0
ANET,2025-05-23,90.0,91.62999725341797,89.54000091552734,91.19999694824219,7452500.0,91.19999694824219,0.0
ANET,2025-05-27,92.9000015258789,93.11199951171875,91.88999938964844,92.48999786376953,7884100.0,92.48999786376953,0.0
ANET,2025-05-28,93.08999633789062,93.54499816894531,92.32499694824219,92.79000091552734,5570900.0,92.79000091552734,0.0
ANET,2025-05-29,90.69999694824219,90.69999694824219,86.26000213623047,86.37000274658203,17909400.0,86.37000274658203,0.0
ANET,2025-05-30,85.94000244140625,86.69999694824219,83.85800170898438,86.63999938964844,16492800.0,86.63999938964844,0.0
ANET,2025-06-02,86.30999755859375,89.81999969482422,86.2750015258789,89.77999877929688,9415000.0,89.77999877929688,0.0
ANET,2025-06-03,90.45999908447266,94.91000366210938,90.0199966430664,94.5,12112700.0,94.5,0.0
ANET,2025-06-04,94.7699966430664,96.36000061035156,94.66999816894531,94.94000244140625,9528000.0,94.94000244140625,0.0
ANET,2025-06-05,95.6500015258789,96.55500030517578,94.29000091552734,95.18000030517578,7932600.0,95.18000030517578,0.0
ANET,2025-06-06,96.11000061035156,97.62999725341797,95.26000213623047,97.25,6622800.0,97.25,0.0
ANET,2025-06-09,97.9800033569336,98.82499694824219,96.7699966430664,96.80000305175781,8000700.0,96.80000305175781,0.0
ANET,2025-06-10,97.0,97.47100067138672,92.25,93.69999694824219,8785700.0,93.69999694824219,0.0
ANET,2025-06-11,92.7249984741211,94.37999725341797,91.25,94.20999908447266,9307500.0,94.20999908447266,0.0
ANET,2025-06-12,94.30000305175781,97.43000030517578,94.22000122070312,95.7699966430664,8765700.0,95.7699966430664,0.0
ANET,2025-06-13,94.5,94.94000244140625,92.12000274658203,92.3499984741211,6217300.0,92.3499984741211,0.0
ANET,2025-06-16,92.69999694824219,95.33999633789062,92.5250015258789,95.08999633789062,7734700.0,95.08999633789062,0.0
ANET,2025-06-17,94.30000305175781,94.697998046875,89.54000091552734,89.68000030517578,11797600.0,89.68000030517578,0.0
ANET,2025-06-18,89.87999725341797,91.4739990234375,89.0,90.23999786376953,9164100.0,90.23999786376953,0.0
ANET,2025-06-20,90.83999633789062,91.2300033569336,85.7750015258789,86.25,18552800.0,86.25,0.0
ANET,2025-06-23,86.44000244140625,92.37999725341797,85.58000183105469,91.94999694824219,16234000.0,91.94999694824219,0.0
ANET,2025-06-24,94.6500015258789,95.12000274658203,92.69999694824219,94.97000122070312,11279800.0,94.97000122070312,0.0
ANET,2025-06-25,95.63999938964844,96.66000366210938,94.5,96.30999755859375,7883500.0,96.30999755859375,0.0
ANET,2025-06-26,97.33000183105469,102.12000274658203,97.33000183105469,101.58999633789062,15262400.0,101.58999633789062,0.0
ANET,2025-06-27,101.6500015258789,102.25,98.87999725341797,99.38999938964844,10396100.0,99.38999938964844,0.0
ANET,2025-06-30,102.0,103.13200378417969,101.0,102.30999755859375,12519500.0,102.30999755859375,0.0
ANET,2025-07-01,102.30999755859375,102.72000122070312,97.3499984741211,98.91000366210938,8685500.0,98.91000366210938,0.0
ANET,2025-07-02,98.12000274658203,101.20999908447266,97.13999938964844,101.12999725341797,8326300.0,101.12999725341797,0.0
ANET,2025-07-03,101.33000183105469,103.5,101.30000305175781,102.5199966430664,5296700.0,102.5199966430664,0.0
ANET,2025-07-07,101.80000305175781,102.20999908447266,100.33000183105469,101.47000122070312,6245100.0,101.47000122070312,0.0
ANET,2025-07-08,103.04000091552734,103.66999816894531,100.94499969482422,103.38999938964844,7297000.0,103.38999938964844,0.0
ANET,2025-07-09,103.8499984741211,107.31999969482422,103.63700103759766,106.27999877929688,14511700.0,106.27999877929688,0.0
ANET,2025-07-10,106.0999984741211,106.55000305175781,102.6780014038086,106.29000091552734,9371000.0,106.29000091552734,0.0
ANET,2025-07-11,106.2300033569336,109.44999694824219,105.68000030517578,108.56999969482422,12954500.0,108.56999969482422,0.0
ANET,2025-07-14,108.2249984741211,109.88999938964844,106.25,108.37000274658203,8871000.0,108.37000274658203,0.0
ANET,2025-07-15,108.5,109.19999694824219,106.3499984741211,107.37000274658203,7456400.0,107.37000274658203,0.0
ANET,2025-07-16,107.3499984741211,108.56999969482422,104.68099975585938,108.30000305175781,6384000.0,108.30000305175781,0.0
ANET,2025-07-17,108.22000122070312,112.55000305175781,108.22000122070312,111.9800033569336,8587100.0,111.9800033569336,0.0
ANET,2025-07-18,112.61000061035156,112.69000244140625,110.87999725341797,111.77999877929688,6007600.0,111.77999877929688,0.0
ANET,2025-07-21,111.75,113.04000091552734,110.62000274658203,111.61000061035156,6686800.0,111.61000061035156,0.0
ANET,2025-07-22,111.61000061035156,111.61000061035156,106.98699951171875,109.77999877929688,7779700.0,109.77999877929688,0.0
ANET,2025-07-23,111.12999725341797,113.38999938964844,111.0,113.04000091552734,7428900.0,113.04000091552734,0.0
ANET,2025-07-24,114.0,114.5999984741211,112.80000305175781,114.04000091552734,5370200.0,114.04000091552734,0.0
ANET,2025-07-25,113.75,115.0999984741211,113.55400085449219,114.27999877929688,4868100.0,114.27999877929688,0.0
ANET,2025-07-28,115.0,117.87000274658203,114.83000183105469,117.55000305175781,9431500.0,117.55000305175781,0.0
ANET,2025-07-29,118.0,119.86000061035156,117.30999755859375,118.62000274658203,9916700.0,118.62000274658203,0.0
ANET,2025-07-30,119.625,123.0999984741211,119.5999984741211,122.08999633789062,9861700.0,122.08999633789062,0.0
ANET,2025-07-31,124.54000091552734,125.80999755859375,121.34600067138672,123.22000122070312,16040900.0,123.22000122070312,0.0
ANET,2025-08-01,117.83000183105469,118.7750015258789,115.41000366210938,117.56999969482422,11560600.0,117.56999969482422,0.0
ANET,2025-08-04,117.56999969482422,120.69000244140625,117.55000305175781,120.3499984741211,9524100.0,120.3499984741211,0.0
ANET,2025-08-05,121.5,121.5,116.66000366210938,118.12000274658203,14691100.0,118.12000274658203,0.0
ANET,2025-08-06,133.7899932861328,139.52999877929688,133.56500244140625,138.77999877929688,25997100.0,138.77999877929688,0.0
ANET,2025-08-07,139.0800018310547,141.00999450683594,135.5399932861328,139.27999877929688,11165800.0,139.27999877929688,0.0
ANET,2025-08-08,139.60000610351562,140.5500030517578,136.92999267578125,139.17999267578125,9767700.0,139.17999267578125,0.0
ANET,2025-08-11,137.75,141.7449951171875,137.01400756835938,137.64999389648438,7837900.0,137.64999389648438,0.0
ANET,2025-08-12,138.5449981689453,141.4499969482422,138.1999969482422,141.25,7457400.0,141.25,0.0
ANET,2025-08-13,141.27000427246094,141.99000549316406,136.00999450683594,138.00999450683594,9178100.0,138.00999450683594,0.0
ANET,2025-08-14,136.6300048828125,137.6699981689453,132.4499969482422,136.47999572753906,7285500.0,136.47999572753906,0.0
ANET,2025-08-15,136.33999633789062,138.5449981689453,134.8300018310547,137.3000030517578,6056300.0,137.3000030517578,0.0
ANET,2025-08-18,136.4199981689453,138.1649932861328,134.75999450683594,138.0399932861328,5098200.0,138.0399932861328,0.0
ANET,2025-08-19,137.0,137.6199951171875,131.91000366210938,132.77999877929688,9630300.0,132.77999877929688,0.0
ANET,2025-08-20,131.3000030517578,132.11900329589844,127.58000183105469,131.47000122070312,9449800.0,131.47000122070312,0.0
ANET,2025-08-21,130.6699981689453,132.16000366210938,129.3300018310547,132.02999877929688,5873700.0,132.02999877929688,0.0
ANET,2025-08-22,130.6999969482422,135.0,129.36000061035156,133.25,7362100.0,133.25,0.0
ANET,2025-08-25,133.5800018310547,133.77000427246094,130.3300018310547,133.0399932861328,5341200.0,133.0399932861328,0.0
ANET,2025-08-26,132.7899932861328,134.94000244140625,132.2100067138672,134.27000427246094,7242100.0,134.27000427246094,0.0
ANET,2025-08-27,134.24000549316406,134.9600067138672,132.68800354003906,133.27000427246094,6271600.0,133.27000427246094,0.0
ANET,2025-08-28,131.5,136.8350067138672,130.35000610351562,136.22999572753906,8372500.0,136.22999572753906,0.0
ANET,2025-08-29,135.50999450683594,137.67100524902344,134.47999572753906,136.5500030517578,7959600.0,136.5500030517578,0.0
ANET,2025-09-02,132.41000366210938,136.60499572753906,131.0,135.8699951171875,7415200.0,135.8699951171875,0.0
ANET,2025-09-03,135.67999267578125,137.91000366210938,134.85699462890625,137.3800048828125,6840100.0,137.3800048828125,0.0
ANET,2025-09-04,138.92999267578125,142.5,138.72999572753906,141.1699981689453,8365000.0,141.1699981689453,0.0
ANET,2025-09-05,144.1300048828125,145.4600067138672,140.25,142.85000610351562,9567500.0,142.85000610351562,0.0
ANET,2025-09-08,143.8000030517578,144.10000610351562,139.83999633789062,140.00999450683594,7925500.0,140.00999450683594,0.0
ANET,2025-09-09,140.97000122070312,142.88099670410156,139.50999450683594,141.91000366210938,6158500.0,141.91000366210938,0.0
ANET,2025-09-10,145.55999755859375,151.7100067138672,144.89999389648438,150.72000122070312,19772500.0,150.72000122070312,0.0
ANET,2025-09-11,151.99000549316406,156.32000732421875,150.36000061035156,153.0399932861328,13666200.0,153.0399932861328,0.0
ANET,2025-09-12,149.17999267578125,149.47000122070312,139.02000427246094,139.38999938964844,17894900.0,139.38999938964844,0.0
ANET,2025-09-15,139.60000610351562,146.89999389648438,139.1699981689453,145.42999267578125,12136400.0,145.42999267578125,0.0
ANET,2025-09-16 16:00:02-04:00,145.25999450683594,147.33999633789062,141.0,142.16000366210938,8332743.0,142.16000366210938,0.0
MU,2025-03-17,101.05999755859375,104.44999694824219,100.95999908447266,103.11000061035156,17095100.0,102.87908935546875,0.0
MU,2025-03-18,101.9000015258789,103.30999755859375,100.29000091552734,101.72000122070312,18434100.0,101.49219512939453,0.0
MU,2025-03-19,100.81999969482422,103.5999984741211,100.48999786376953,102.05999755859375,16633100.0,101.83143615722656,0.0
MU,2025-03-20,101.58000183105469,104.69000244140625,101.3499984741211,103.0,29204400.0,102.76932525634766,0.0
MU,2025-03-21,98.19999694824219,98.5,93.69999694824219,94.72000122070312,63239600.0,94.50787353515625,0.0
MU,2025-03-24,96.0999984741211,98.41999816894531,95.33000183105469,96.94000244140625,35406600.0,96.722900390625,0.0
MU,2025-03-25,96.18000030517578,96.37999725341797,93.25,94.18000030517578,22191700.0,93.96908569335938,0.0
MU,2025-03-26,96.0,96.63999938964844,90.97000122070312,92.12999725341797,27107200.0,91.92366790771484,0.0
MU,2025-03-27,91.08999633789062,92.20999908447266,89.61000061035156,91.16000366210938,15658700.0,90.95585632324219,0.0
MU,2025-03-28,90.47000122070312,90.88999938964844,87.5999984741211,88.44000244140625,17118000.0,88.241943359375,0.0
MU,2025-03-31,86.0,87.08999633789062,84.0999984741211,86.88999938964844,21089500.0,86.80828857421875,0.115
MU,2025-04-01,88.52999877929688,88.88999938964844,86.25,88.70999908447266,15337100.0,88.62657928466797,0.0
MU,2025-04-02,87.12999725341797,89.93000030517578,86.69999694824219,88.5999984741211,14520400.0,88.51667785644531,0.0
MU,2025-04-03,82.91999816894531,83.3499984741211,74.20999908447266,74.33999633789062,44839500.0,74.27008819580078,0.0
MU,2025-04-04,70.6500015258789,71.33999633789062,63.86000061035156,64.72000122070312,50737700.0,64.65914154052734,0.0
MU,2025-04-07,63.939998626708984,72.45999908447266,61.540000915527344,68.37000274658203,50181800.0,68.30570983886719,0.0
MU,2025-04-08,71.5999984741211,72.97000122070312,63.52000045776367,65.54000091552734,40822100.0,65.4783706665039,0.0
MU,2025-04-09,66.19999694824219,78.55999755859375,63.70000076293945,77.87000274658203,63132600.0,77.7967758178711,0.0
MU,2025-04-10,72.5,73.05000305175781,67.5,70.05000305175781,44882300.0,69.984130859375,0.0
MU,2025-04-11,69.04000091552734,70.16999816894531,66.83000183105469,69.55000305175781,30807800.0,69.4845962524414,0.0
MU,2025-04-14,74.66999816894531,74.77999877929688,69.97000122070312,71.0199966430664,32634700.0,70.95320892333984,0.0
MU,2025-04-15,71.12000274658203,72.80000305175781,70.55000305175781,71.04000091552734,19132700.0,70.97319793701172,0.0
MU,2025-04-16,67.93000030517578,70.44999694824219,67.16999816894531,69.33000183105469,28475000.0,69.26480865478516,0.0
MU,2025-04-17,70.44000244140625,70.4800033569336,67.0,68.80000305175781,20694100.0,68.73530578613281,0.0
MU,2025-04-21,67.76000213623047,68.0,65.6500015258789,66.73999786376953,19826100.0,66.67723846435547,0.0
MU,2025-04-22,67.54000091552734,70.4000015258789,67.44000244140625,70.20999908447266,20351200.0,70.14397430419922,0.0
MU,2025-04-23,73.69000244140625,75.4000015258789,72.5,72.93000030517578,26385500.0,72.86141967773438,0.0
MU,2025-04-24,74.56999969482422,77.58999633789062,73.5999984741211,77.41999816894531,23875600.0,77.3471908569336,0.0
MU,2025-04-25,77.55000305175781,80.30000305175781,76.9000015258789,79.77999877929688,19746200.0,79.70497131347656,0.0
MU,2025-04-28,78.7699966430664,79.61000061035156,76.91999816894531,78.55999755859375,16882400.0,78.48612213134766,0.0
MU,2025-04-29,77.94000244140625,78.19000244140625,76.47000122070312,76.87999725341797,17098000.0,76.80770111083984,0.0
MU,2025-04-30,73.62000274658203,77.1500015258789,73.5,76.94999694824219,19779300.0,76.87763214111328,0.0
MU,2025-05-01,79.4000015258789,79.88999938964844,77.63999938964844,77.7699966430664,15349200.0,77.69686126708984,0.0
MU,2025-05-02,79.58000183105469,81.66999816894531,79.0999984741211,80.72000122070312,18899700.0,80.64409637451172,0.0
MU,2025-05-05,79.41000366210938,81.1500015258789,79.05000305175781,80.41999816894531,12513600.0,80.34437561035156,0.0
MU,2025-05-06,79.04000091552734,81.22000122070312,78.54000091552734,80.51000213623047,13173800.0,80.43429565429688,0.0
MU,2025-05-07,80.98999786376953,82.87000274658203,80.19999694824219,82.62000274658203,14889700.0,82.54230499267578,0.0
MU,2025-05-08,84.25,86.20999908447266,83.36000061035156,85.1500015258789,17580500.0,85.06993103027344,0.0
MU,2025-05-09,85.56999969482422,86.2699966430664,84.68000030517578,85.86000061035156,13017600.0,85.77925872802734,0.0
MU,2025-05-12,92.80999755859375,94.19999694824219,91.94999694824219,92.29000091552734,27765300.0,92.20321655273438,0.0
MU,2025-05-13,92.55000305175781,97.41000366210938,92.55000305175781,96.93000030517578,28009100.0,96.83885192871094,0.0
MU,2025-05-14,96.30000305175781,97.6500015258789,94.31999969482422,95.31999969482422,28044400.0,95.23036193847656,0.0
MU,2025-05-15,94.01000213623047,95.61000061035156,92.16999816894531,95.44999694824219,24196100.0,95.36023712158203,0.0
MU,2025-05-16,95.9000015258789,98.19000244140625,95.69999694824219,98.0,22609300.0,97.90784454345703,0.0
MU,2025-05-19,95.70999908447266,99.0199966430664,95.69999694824219,98.6500015258789,14380100.0,98.55723571777344,0.0
MU,2025-05-20,97.91999816894531,98.62999725341797,96.97000122070312,98.0999984741211,12331300.0,98.00774383544922,0.0
MU,2025-05-21,97.16000366210938,98.81999969482422,95.26000213623047,95.83999633789062,15764300.0,95.74987030029297,0.0
MU,2025-05-22,95.41000366210938,97.22000122070312,94.37000274658203,94.83000183105469,13245200.0,94.7408218383789,0.0
MU,2025-05-23,92.26000213623047,93.83999633789062,90.93000030517578,93.37000274658203,16545000.0,93.28219604492188,0.0
MU,2025-05-27,95.18000030517578,96.69999694824219,94.19000244140625,96.37999725341797,17612600.0,96.28936004638672,0.0
MU,2025-05-28,96.69999694824219,97.20999908447266,95.5999984741211,96.18000030517578,10500300.0,96.08955383300781,0.0
MU,2025-05-29,98.58999633789062,99.62999725341797,96.11000061035156,96.80000305175781,14628700.0,96.70897674560547,0.0
MU,2025-05-30,96.04000091552734,96.61000061035156,92.22000122070312,94.45999908447266,23758200.0,94.37117004394531,0.0
MU,2025-06-02,94.58000183105469,99.23999786376953,94.4000015258789,98.18000030517578,16850300.0,98.08767700195312,0.0
MU,2025-06-03,98.36000061035156,102.93000030517578,96.95999908447266,102.25,22757600.0,102.15384674072266,0.0
MU,2025-06-04,102.37999725341797,103.91000366210938,101.69999694824219,103.25,14595900.0,103.15290832519531,0.0
MU,2025-06-05,106.30000305175781,109.02999877929688,105.52999877929688,106.29000091552734,28833700.0,106.19004821777344,0.0
MU,2025-06-06,108.08000183105469,111.05000305175781,108.04000091552734,108.55999755859375,20710100.0,108.4579086303711,0.0
MU,2025-06-09,109.51000213623047,112.52999877929688,108.58000183105469,110.94999694824219,20159700.0,110.84566497802734,0.0
MU,2025-06-10,111.52999877929688,114.91999816894531,111.2300033569336,114.13999938964844,22949400.0,114.03266143798828,0.0
MU,2025-06-11,115.5999984741211,117.26000213623047,114.7300033569336,116.02999877929688,21614100.0,115.92088317871094,0.0
MU,2025-06-12,114.11000061035156,116.4800033569336,113.5199966430664,116.18000030517578,17076500.0,116.07074737548828,0.0
MU,2025-06-13,113.80000305175781,117.0999984741211,113.66000366210938,115.5999984741211,17453000.0,115.49128723144531,0.0
MU,2025-06-16,117.80999755859375,120.95999908447266,117.31999969482422,119.83999633789062,21374100.0,119.72730255126953,0.0
MU,2025-06-17,119.5999984741211,123.51000213623047,119.3499984741211,120.33999633789062,20837700.0,120.2268295288086,0.0
MU,2025-06-18,120.45999908447266,122.9800033569336,120.18000030517578,121.81999969482422,20180000.0,121.7054443359375,0.0
MU,2025-06-20,122.7699966430664,124.16000366210938,120.37999725341797,123.5999984741211,29290400.0,123.4837646484375,0.0
MU,2025-06-23,123.66999816894531,124.51000213623047,119.80999755859375,122.08000183105469,23399200.0,121.96520233154297,0.0
MU,2025-06-24,125.11000061035156,128.10000610351562,124.95999908447266,127.91000366210938,26420600.0,127.78971862792969,0.0
MU,2025-06-25,126.61000061035156,127.5,125.62000274658203,127.25,39407000.0,127.13033294677734,0.0
MU,2025-06-26,129.52999877929688,129.85000610351562,123.79000091552734,126.0,62678100.0,125.88151550292969,0.0
MU,2025-06-27,125.13999938964844,127.54000091552734,123.38999938964844,124.76000213623047,36888600.0,124.6426773071289,0.0
MU,2025-06-30,124.9000015258789,125.08000183105469,121.8499984741211,123.25,22799700.0,123.13409423828125,0.0
MU,2025-07-01,122.3499984741211,123.98999786376953,119.08000183105469,120.88999938964844,24825800.0,120.77631378173828,0.0
MU,2025-07-02,120.5,123.0,118.05999755859375,121.73999786376953,29303800.0,121.62551879882812,0.0
MU,2025-07-03,122.33000183105469,123.62999725341797,121.83000183105469,122.29000091552734,13247900.0,122.17500305175781,0.0
MU,2025-07-07,121.18000030517578,121.51000213623047,118.91000366210938,119.91999816894531,19148400.0,119.91999816894531,0.115
MU,2025-07-08,122.44999694824219,125.44999694824219,121.94999694824219,124.41999816894531,26238200.0,124.41999816894531,0.0
MU,2025-07-09,124.81999969482422,126.1500015258789,121.27999877929688,122.23999786376953,20464000.0,122.23999786376953,0.0
MU,2025-07-10,124.27999877929688,124.3499984741211,122.0199966430664,123.11000061035156,15378400.0,123.11000061035156,0.0
MU,2025-07-11,122.12999725341797,124.80999755859375,121.23999786376953,124.52999877929688,15820600.0,124.52999877929688,0.0
MU,2025-07-14,120.37999725341797,120.44000244140625,117.0199966430664,118.61000061035156,32117700.0,118.61000061035156,0.0
MU,2025-07-15,120.94000244140625,121.38999938964844,119.12000274658203,120.11000061035156,24958900.0,120.11000061035156,0.0
MU,2025-07-16,119.02999877929688,119.08999633789062,114.80999755859375,116.43000030517578,30614800.0,116.43000030517578,0.0
MU,2025-07-17,113.93000030517578,114.19999694824219,110.94999694824219,113.26000213623047,34702400.0,113.26000213623047,0.0
MU,2025-07-18,114.23999786376953,114.80000305175781,113.27999877929688,114.38999938964844,19349900.0,114.38999938964844,0.0
MU,2025-07-21,113.58999633789062,115.91999816894531,112.66999816894531,113.2300033569336,22189800.0,113.2300033569336,0.0
MU,2025-07-22,112.86000061035156,113.0,108.12999725341797,109.22000122070312,27917600.0,109.22000122070312,0.0
MU,2025-07-23,109.44000244140625,110.29000091552734,108.87999725341797,109.83000183105469,17810000.0,109.83000183105469,0.0
MU,2025-07-24,111.05999755859375,112.7300033569336,110.25,111.7300033569336,20293100.0,111.7300033569336,0.0
MU,2025-07-25,110.98999786376953,111.5,108.83000183105469,111.26000213623047,16372300.0,111.26000213623047,0.0
MU,2025-07-28,111.72000122070312,112.0,109.86000061035156,111.25,12932300.0,111.25,0.0
MU,2025-07-29,112.05000305175781,113.54000091552734,110.66999816894531,111.95999908447266,16653300.0,111.95999908447266,0.0
MU,2025-07-30,112.5999984741211,114.88999938964844,112.41000366210938,114.73999786376953,16378800.0,114.73999786376953,0.0
MU,2025-07-31,112.19000244140625,112.2699966430664,106.94000244140625,109.13999938964844,29224300.0,109.13999938964844,0.0
MU,2025-08-01,105.48999786376953,106.5,103.37999725341797,104.87999725341797,24003300.0,104.87999725341797,0.0
MU,2025-08-04,106.0199966430664,107.87999725341797,105.45999908447266,107.7699966430664,14780600.0,107.7699966430664,0.0
MU,2025-08-05,109.30000305175781,110.63999938964844,106.83000183105469,109.05999755859375,17836000.0,109.05999755859375,0.0
MU,2025-08-06,107.9000015258789,108.95999908447266,106.75,108.77999877929688,13021900.0,108.77999877929688,0.0
MU,2025-08-07,114.13999938964844,115.27999877929688,110.79000091552734,111.87000274658203,18986500.0,111.87000274658203,0.0
MU,2025-08-08,112.16999816894531,119.33000183105469,111.66999816894531,118.88999938964844,28962200.0,118.88999938964844,0.0
MU,2025-08-11,124.97000122070312,127.27999877929688,121.6500015258789,123.72000122070312,35065800.0,123.72000122070312,0.0
MU,2025-08-12,124.69999694824219,128.5500030517578,123.04000091552734,127.75,25961200.0,127.75,0.0
MU,2025-08-13,127.58000183105469,128.60000610351562,123.3499984741211,124.2699966430664,18438200.0,124.2699966430664,0.0
MU,2025-08-14,123.19999694824219,125.73999786376953,121.4000015258789,125.29000091552734,12235900.0,125.29000091552734,0.0
MU,2025-08-15,123.16999816894531,123.37999725341797,119.44000244140625,120.87000274658203,18986700.0,120.87000274658203,0.0
MU,2025-08-18,121.3499984741211,123.68000030517578,120.66000366210938,123.55000305175781,12208800.0,123.55000305175781,0.0
MU,2025-08-19,122.94000244140625,124.23999786376953,121.30999755859375,122.05000305175781,11491200.0,122.05000305175781,0.0
MU,2025-08-20,118.69999694824219,118.91000366210938,113.45999908447266,117.20999908447266,25795000.0,117.20999908447266,0.0
MU,2025-08-21,117.0,117.7300033569336,115.61000061035156,115.79000091552734,13174900.0,115.79000091552734,0.0
MU,2025-08-22,117.6500015258789,120.69999694824219,116.51000213623047,117.68000030517578,17038300.0,117.68000030517578,0.0
MU,2025-08-25,117.68000030517578,118.08000183105469,116.0999984741211,116.41999816894531,8674800.0,116.41999816894531,0.0
MU,2025-08-26,116.08999633789062,118.36000061035156,115.80999755859375,116.5,12584300.0,116.5,0.0
MU,2025-08-27,116.8499984741211,118.7300033569336,116.44000244140625,117.75,15349300.0,117.75,0.0
MU,2025-08-28,118.87999725341797,122.56999969482422,118.7300033569336,122.0,17295500.0,122.0,0.0
MU,2025-08-29,122.5999984741211,122.7699966430664,118.05999755859375,119.01000213623047,16774000.0,119.01000213623047,0.0
MU,2025-09-02,115.86000061035156,118.55999755859375,114.25,118.4800033569336,13771900.0,118.4800033569336,0.0
MU,2025-09-03,119.36000061035156,119.44000244140625,117.30000305175781,118.72000122070312,14101300.0,118.72000122070312,0.0
MU,2025-09-04,118.8499984741211,124.41000366210938,118.5199966430664,124.20999908447266,18589100.0,124.20999908447266,0.0
MU,2025-09-05,127.7699966430664,131.41000366210938,125.66000366210938,131.3699951171875,28416000.0,131.3699951171875,0.0
MU,2025-09-08,130.5500030517578,132.25999450683594,128.39999389648438,131.4600067138672,19492600.0,131.4600067138672,0.0
MU,2025-09-09,131.75999450683594,138.0,131.55999755859375,135.24000549316406,20705000.0,135.24000549316406,0.0
MU,2025-09-10,140.02000427246094,142.24000549316406,138.33999633789062,140.0,25791300.0,140.0,0.0
MU,2025-09-11,147.72000122070312,156.25999450683594,147.61000061035156,150.57000732421875,52446400.0,150.57000732421875,0.0
MU,2025-09-12,153.5500030517578,158.27999877929688,153.2100067138672,157.22999572753906,32238100.0,157.22999572753906,0.0
MU,2025-09-16 16:00:01-04:00,158.08749389648438,159.55999755859375,157.1649932861328,158.82000732421875,16630261.0,158.82000732421875,0.0
QCOM,2025-03-17,155.60000610351562,158.72000122070312,155.44000244140625,157.9499969482422,5781000.0,156.11839294433594,0.0
QCOM,2025-03-18,157.9499969482422,159.72999572753906,155.9199981689453,156.2899932861328,6898400.0,154.47764587402344,0.0
QCOM,2025-03-19,156.42999267578125,160.50999450683594,155.05999755859375,158.25999450683594,5871000.0,156.4248046875,0.0
QCOM,2025-03-20,158.0,159.1199951171875,156.52000427246094,157.9499969482422,5089300.0,156.11839294433594,0.0
QCOM,2025-03-21,154.97999572753906,157.4199981689453,153.55999755859375,156.82000732421875,10949300.0,155.00152587890625,0.0
QCOM,2025-03-24,160.0,161.0,158.8000030517578,160.0800018310547,6033400.0,158.2237091064453,0.0
QCOM,2025-03-25,159.8800048828125,161.47000122070312,159.4199981689453,160.14999389648438,3978200.0,158.29287719726562,0.0
QCOM,2025-03-26,159.4499969482422,160.80999755859375,156.85000610351562,158.38999938964844,5960300.0,156.5532989501953,0.0
QCOM,2025-03-27,158.2100067138672,159.25,155.75,157.97000122070312,6102000.0,156.13818359375,0.0
QCOM,2025-03-28,156.9199981689453,157.63999938964844,151.55999755859375,152.72000122070312,8918000.0,150.9490509033203,0.0
QCOM,2025-03-31,150.80999755859375,153.85000610351562,147.8800048828125,153.61000061035156,8613600.0,151.8287353515625,0.0
QCOM,2025-04-01,152.38999938964844,153.32000732421875,150.25999450683594,153.0500030517578,5708900.0,151.27523803710938,0.0
QCOM,2025-04-02,150.7899932861328,155.4600067138672,150.3699951171875,154.0800018310547,5377200.0,152.2932891845703,0.0
QCOM,2025-04-03,147.0,147.39999389648438,138.55999755859375,139.4199981689453,16465000.0,137.80328369140625,0.0
QCOM,2025-04-04,134.33999633789062,135.86000061035156,126.68000030517578,127.45999908447266,19018600.0,125.98197174072266,0.0
QCOM,2025-04-07,124.58999633789062,137.1999969482422,120.80000305175781,129.72000122070312,17938300.0,128.21575927734375,0.0
QCOM,2025-04-08,131.1300048828125,135.2899932861328,121.73999786376953,124.66000366210938,14965900.0,123.21443939208984,0.0
QCOM,2025-04-09,125.16000366210938,144.86000061035156,124.19000244140625,143.58999633789062,21242600.0,141.9249267578125,0.0
QCOM,2025-04-10,137.00999450683594,139.05999755859375,129.2899932861328,134.39999389648438,14898800.0,132.84149169921875,0.0
QCOM,2025-04-11,134.0,140.64999389648438,131.11000061035156,139.25,10955300.0,137.63525390625,0.0
QCOM,2025-04-14,142.75,143.11000061035156,136.8300018310547,139.19000244140625,6930300.0,137.57595825195312,0.0
QCOM,2025-04-15,139.4600067138672,140.83999633789062,138.02999877929688,138.60000610351562,6346800.0,136.99278259277344,0.0
QCOM,2025-04-16,133.67999267578125,137.30999755859375,131.7899932861328,135.74000549316406,10417200.0,134.1659698486328,0.0
QCOM,2025-04-17,137.3800048828125,138.14999389648438,135.7100067138672,136.66000366210938,7135900.0,135.07530212402344,0.0
QCOM,2025-04-21,134.72999572753906,136.5500030517578,133.36000061035156,136.13999938964844,8128300.0,134.56130981445312,0.0
QCOM,2025-04-22,136.75,139.10000610351562,136.49000549316406,138.74000549316406,8228000.0,137.1311798095703,0.0
QCOM,2025-04-23,142.5800018310547,143.8800048828125,139.77999877929688,140.4600067138672,9073500.0,138.83123779296875,0.0
QCOM,2025-04-24,142.77999877929688,147.82000732421875,141.99000549316406,147.2100067138672,8810600.0,145.50294494628906,0.0
QCOM,2025-04-25,146.0800018310547,149.1999969482422,146.0800018310547,148.55999755859375,5145600.0,146.83729553222656,0.0
QCOM,2025-04-28,148.17999267578125,149.3000030517578,145.44000244140625,147.6199951171875,5743500.0,145.90818786621094,0.0
QCOM,2025-04-29,146.66000366210938,148.25999450683594,145.52000427246094,146.8800048828125,6692000.0,145.17677307128906,0.0
QCOM,2025-04-30,145.1999969482422,148.85000610351562,143.8800048828125,148.4600067138672,10851900.0,146.73846435546875,0.0
QCOM,2025-05-01,138.7899932861328,138.9600067138672,134.8699951171875,135.2100067138672,22836600.0,133.64210510253906,0.0
QCOM,2025-05-02,137.85000610351562,141.41000366210938,137.2899932861328,139.80999755859375,13185600.0,138.18875122070312,0.0
QCOM,2025-05-05,138.3000030517578,140.77000427246094,138.2899932861328,139.44000244140625,7165300.0,137.82305908203125,0.0
QCOM,2025-05-06,137.82000732421875,140.8000030517578,137.4600067138672,139.89999389648438,6957900.0,138.2777099609375,0.0
QCOM,2025-05-07,140.3800048828125,144.6999969482422,140.25,144.3000030517578,10196400.0,142.62669372558594,0.0
QCOM,2025-05-08,145.63999938964844,147.5,143.88999938964844,145.10000610351562,8489100.0,143.41741943359375,0.0
QCOM,2025-05-09,145.66000366210938,146.97999572753906,144.60000610351562,145.17999267578125,6217100.0,143.49649047851562,0.0
QCOM,2025-05-12,154.0800018310547,154.36000061035156,149.8300018310547,152.1199951171875,11414600.0,150.35601806640625,0.0
QCOM,2025-05-13,152.00999450683594,153.2899932861328,150.9600067138672,151.33999633789062,10160900.0,149.58505249023438,0.0
QCOM,2025-05-14,151.92999267578125,153.27000427246094,150.42999267578125,152.97999572753906,6971200.0,151.20602416992188,0.0
QCOM,2025-05-15,151.7100067138672,153.38999938964844,150.17999267578125,152.61000061035156,6941200.0,150.84033203125,0.0
QCOM,2025-05-16,152.8699951171875,153.05999755859375,151.3000030517578,152.5,6668000.0,150.73159790039062,0.0
QCOM,2025-05-19,150.5500030517578,153.82000732421875,150.11000061035156,153.6999969482422,7241100.0,151.9176788330078,0.0
QCOM,2025-05-20,153.0399932861328,153.88999938964844,151.92999267578125,153.82000732421875,5269500.0,152.03631591796875,0.0
QCOM,2025-05-21,153.5800018310547,156.1300048828125,150.8300018310547,151.30999755859375,9684500.0,149.55540466308594,0.0
QCOM,2025-05-22,151.38999938964844,151.5800018310547,147.22000122070312,147.3699951171875,9539100.0,145.66110229492188,0.0
QCOM,2025-05-23,143.4199981689453,146.49000549316406,141.77000427246094,145.3800048828125,8994600.0,143.6941680908203,0.0
QCOM,2025-05-27,147.5500030517578,149.35000610351562,146.42999267578125,148.6300048828125,9788800.0,146.90647888183594,0.0
QCOM,2025-05-28,148.82000732421875,149.49000549316406,147.36000061035156,147.60000610351562,7032300.0,145.88844299316406,0.0
QCOM,2025-05-29,149.86000061035156,150.5,147.24000549316406,148.33999633789062,5980700.0,146.61984252929688,0.0
QCOM,2025-05-30,148.0,148.02000427246094,143.47999572753906,145.1999969482422,13755600.0,143.51625061035156,0.0
QCOM,2025-06-02,144.8000030517578,147.2100067138672,144.47999572753906,146.6300048828125,6419500.0,144.92967224121094,0.0
QCOM,2025-06-03,146.7100067138672,149.77999877929688,145.50999450683594,148.94000244140625,6164100.0,147.212890625,0.0
QCOM,2025-06-04,150.0,150.0500030517578,147.3800048828125,149.0500030517578,7143800.0,147.3216094970703,0.0
QCOM,2025-06-05,148.8000030517578,150.0800018310547,147.0,147.55999755859375,5605500.0,146.72500610351562,0.89
QCOM,2025-06-06,149.8000030517578,150.58999633789062,149.0500030517578,149.24000549316406,5794700.0,148.3955078125,0.0
QCOM,2025-06-09,151.80999755859375,156.1199951171875,151.1699981689453,155.41000366210938,10589400.0,154.5305938720703,0.0
QCOM,2025-06-10,156.19000244140625,159.50999450683594,155.07000732421875,159.1300048828125,9068400.0,158.2295379638672,0.0
QCOM,2025-06-11,160.0,162.13999938964844,157.6999969482422,159.47999572753906,8859900.0,158.57754516601562,0.0
QCOM,2025-06-12,159.0,159.61000061035156,157.9499969482422,158.6999969482422,5689400.0,157.8019561767578,0.0
QCOM,2025-06-13,156.33999633789062,157.1699981689453,154.44000244140625,154.72000122070312,8446400.0,153.844482421875,0.0
QCOM,2025-06-16,157.02999877929688,158.4499969482422,155.63999938964844,156.8699951171875,8686300.0,155.98231506347656,0.0
QCOM,2025-06-17,156.64999389648438,157.5800018310547,154.38999938964844,154.4600067138672,7146900.0,153.58596801757812,0.0
QCOM,2025-06-18,155.0,156.10000610351562,153.14999389648438,153.6300048828125,6708700.0,152.7606658935547,0.0
QCOM,2025-06-20,154.22999572753906,155.1199951171875,150.6300048828125,151.32000732421875,15501900.0,150.46372985839844,0.0
QCOM,2025-06-23,151.22999572753906,153.52000427246094,149.67999267578125,153.13999938964844,6860700.0,152.27342224121094,0.0
QCOM,2025-06-24,154.72999572753906,156.3000030517578,154.14999389648438,155.7100067138672,7692700.0,154.82888793945312,0.0
QCOM,2025-06-25,156.10000610351562,156.52999877929688,154.58999633789062,155.92999267578125,5280100.0,155.04763793945312,0.0
QCOM,2025-06-26,156.5,158.4199981689453,155.91000366210938,158.19000244140625,6278200.0,157.29486083984375,0.0
QCOM,2025-06-27,158.64999389648438,161.10000610351562,157.57000732421875,158.5399932861328,22100300.0,157.6428680419922,0.0
QCOM,2025-06-30,158.38999938964844,159.86000061035156,157.8000030517578,159.25999450683594,7988200.0,158.35879516601562,0.0
QCOM,2025-07-01,158.22000122070312,161.64999389648438,157.97999572753906,159.39999389648438,8942300.0,158.4980010986328,0.0
QCOM,2025-07-02,159.67999267578125,162.7899932861328,158.8000030517578,162.32000732421875,8916400.0,161.4014892578125,0.0
QCOM,2025-07-03,163.0399932861328,163.9600067138672,162.08999633789062,162.2100067138672,4280800.0,161.2921142578125,0.0
QCOM,2025-07-07,161.11000061035156,161.49000549316406,157.57000732421875,158.08999633789062,7187400.0,157.19541931152344,0.0
QCOM,2025-07-08,159.47000122070312,161.8300018310547,158.61000061035156,159.4499969482422,6879100.0,158.54771423339844,0.0
QCOM,2025-07-09,159.39999389648438,161.47999572753906,158.25,159.35000610351562,4190100.0,158.4482879638672,0.0
QCOM,2025-07-10,158.99000549316406,160.2899932861328,157.7899932861328,159.08999633789062,5674400.0,158.18975830078125,0.0
QCOM,2025-07-11,159.0,159.1699981689453,157.14999389648438,157.4600067138672,5907700.0,156.56898498535156,0.0
QCOM,2025-07-14,156.4199981689453,156.5,153.47999572753906,154.2899932861328,7382600.0,153.4169158935547,0.0
QCOM,2025-07-15,156.2899932861328,156.7100067138672,154.1199951171875,154.3000030517578,6467300.0,153.42686462402344,0.0
QCOM,2025-07-16,154.3000030517578,154.5,151.5399932861328,154.07000732421875,7106700.0,153.1981658935547,0.0
QCOM,2025-07-17,153.0,153.52999877929688,151.8000030517578,152.61000061035156,7018600.0,151.74642944335938,0.0
QCOM,2025-07-18,153.0399932861328,155.42999267578125,152.72999572753906,154.8000030517578,7433900.0,153.92404174804688,0.0
QCOM,2025-07-21,154.9199981689453,159.92999267578125,154.91000366210938,158.97000122070312,7662300.0,158.0704345703125,0.0
QCOM,2025-07-22,158.9600067138672,159.0399932861328,156.1699981689453,157.99000549316406,6951600.0,157.0959930419922,0.0
QCOM,2025-07-23,158.58999633789062,160.0399932861328,156.92999267578125,159.8800048828125,7296200.0,158.9752960205078,0.0
QCOM,2025-07-24,158.35000610351562,159.08999633789062,156.7899932861328,158.83999633789062,5014800.0,157.94117736816406,0.0
QCOM,2025-07-25,158.89999389648438,159.1999969482422,157.41000366210938,158.39999389648438,4808200.0,157.503662109375,0.0
QCOM,2025-07-28,159.75999450683594,161.9600067138672,159.16000366210938,161.0500030517578,9627300.0,160.138671875,0.0
QCOM,2025-07-29,162.0399932861328,163.60000610351562,161.13999938964844,162.0800018310547,9460900.0,161.162841796875,0.0
QCOM,2025-07-30,163.0,163.27000427246094,158.0,159.05999755859375,14382500.0,158.15992736816406,0.0
QCOM,2025-07-31,153.11000061035156,156.8000030517578,145.5800018310547,146.75999450683594,24440100.0,145.9295196533203,0.0
QCOM,2025-08-01,146.4600067138672,149.1699981689453,145.7899932861328,148.19000244140625,12706700.0,147.3514404296875,0.0
QCOM,2025-08-04,148.50999450683594,150.7899932861328,147.07000732421875,147.50999450683594,8150200.0,146.67527770996094,0.0
QCOM,2025-08-05,148.52000427246094,148.64999389648438,145.6699981689453,146.7100067138672,7794500.0,145.87982177734375,0.0
QCOM,2025-08-06,146.64999389648438,146.7100067138672,144.11000061035156,145.83999633789062,8475700.0,145.01473999023438,0.0
QCOM,2025-08-07,148.32000732421875,148.32000732421875,144.80999755859375,145.89999389648438,6753500.0,145.0743865966797,0.0
QCOM,2025-08-08,146.35000610351562,148.02000427246094,145.69000244140625,147.55999755859375,5028700.0,146.72500610351562,0.0
QCOM,2025-08-11,148.57000732421875,151.05999755859375,147.7100067138672,147.97000122070312,6215900.0,147.1326904296875,0.0
QCOM,2025-08-12,148.7899932861328,153.89999389648438,148.57000732421875,153.72999572753906,9304100.0,152.86009216308594,0.0
QCOM,2025-08-13,153.97000122070312,157.11000061035156,153.6300048828125,156.58999633789062,7103300.0,155.7039031982422,0.0
QCOM,2025-08-14,154.89999389648438,158.64999389648438,154.89999389648438,158.08999633789062,6294800.0,157.19541931152344,0.0
QCOM,2025-08-15,158.0399932861328,159.25999450683594,156.69000244140625,157.85000610351562,7583700.0,156.956787109375,0.0
QCOM,2025-08-18,157.77999877929688,159.75,157.24000549316406,158.89999389648438,4774400.0,158.00082397460938,0.0
QCOM,2025-08-19,159.07000732421875,159.42999267578125,156.0500030517578,156.25,6396500.0,155.36582946777344,0.0
QCOM,2025-08-20,156.38999938964844,156.63999938964844,153.4600067138672,155.44000244140625,7151700.0,154.56040954589844,0.0
QCOM,2025-08-21,154.82000732421875,155.1999969482422,153.0500030517578,154.1300048828125,4997300.0,153.25782775878906,0.0
QCOM,2025-08-22,154.8300018310547,159.88999938964844,154.55999755859375,158.00999450683594,7711500.0,157.11585998535156,0.0
QCOM,2025-08-25,157.61000061035156,158.0500030517578,155.39999389648438,156.4199981689453,4653000.0,155.5348663330078,0.0
QCOM,2025-08-26,157.66000366210938,159.9600067138672,157.41000366210938,159.1699981689453,9173000.0,158.26930236816406,0.0
QCOM,2025-08-27,158.36000061035156,159.97000122070312,157.8000030517578,159.77000427246094,4549900.0,158.8659210205078,0.0
QCOM,2025-08-28,159.91000366210938,161.22000122070312,159.02999877929688,160.8000030517578,8156300.0,159.8900909423828,0.0
QCOM,2025-08-29,159.52999877929688,161.60000610351562,159.39999389648438,160.72999572753906,9949100.0,159.8204803466797,0.0
QCOM,2025-09-02,157.82000732421875,158.94000244140625,154.60000610351562,158.77999877929688,7520300.0,157.8815155029297,0.0
QCOM,2025-09-03,159.39999389648438,159.57000732421875,156.05999755859375,157.27999877929688,6336400.0,156.38999938964844,0.0
QCOM,2025-09-04,156.1999969482422,159.86000061035156,154.47000122070312,159.7100067138672,7781200.0,159.7100067138672,0.89
QCOM,2025-09-05,160.0800018310547,163.49000549316406,159.14999389648438,159.83999633789062,7954200.0,159.83999633789062,0.0
QCOM,2025-09-08,160.2899932861328,160.2899932861328,158.00999450683594,160.24000549316406,7019700.0,160.24000549316406,0.0
QCOM,2025-09-09,160.3699951171875,161.60000610351562,157.57000732421875,158.66000366210938,6126000.0,158.66000366210938,0.0
QCOM,2025-09-10,158.6199951171875,159.2100067138672,156.61000061035156,158.9499969482422,8256900.0,158.9499969482422,0.0
QCOM,2025-09-11,159.19000244140625,162.07000732421875,157.9600067138672,161.50999450683594,8360200.0,161.50999450683594,0.0
QCOM,2025-09-12,161.3300018310547,162.3300018310547,159.5800018310547,161.8300018310547,5429300.0,161.8300018310547,0.0
QCOM,2025-09-16 16:00:00-04:00,161.80999755859375,165.0,161.5,164.13999938964844,7992367.0,164.13999938964844,0.0
SONY,2025-03-17,24.3700008392334,24.6299991607666,24.309999465942383,24.510000228881836,8709300.0,24.441617965698242,0.0
SONY,2025-03-18,24.440000534057617,24.649999618530273,24.229999542236328,24.520000457763672,10612700.0,24.451589584350586,0.0
SONY,2025-03-19,24.600000381469727,25.09000015258789,24.530000686645508,24.969999313354492,10887300.0,24.900333404541016,0.0
SONY,2025-03-20,24.670000076293945,24.93000030517578,24.6200008392334,24.889999389648438,4338300.0,24.820556640625,0.0
SONY,2025-03-21,25.280000686645508,25.479999542236328,25.139999389648438,25.229999542236328,24505900.0,25.159608840942383,0.0
SONY,2025-03-24,25.239999771118164,25.299999237060547,25.079999923706055,25.270000457763672,13639700.0,25.19949722290039,0.0
SONY,2025-03-25,25.229999542236328,25.260000228881836,25.110000610351562,25.260000228881836,3278900.0,25.189525604248047,0.0
SONY,2025-03-26,25.5,25.6299991607666,25.40999984741211,25.5,4885700.0,25.428855895996094,0.0
SONY,2025-03-27,25.350000381469727,25.780000686645508,25.350000381469727,25.639999389648438,5711400.0,25.568464279174805,0.0
SONY,2025-03-28,25.260000228881836,25.350000381469727,24.969999313354492,25.09000015258789,5571300.0,25.020000457763672,0.0
SONY,2025-03-31,25.049999237060547,25.440000534057617,24.969999313354492,25.389999389648438,6441100.0,25.389999389648438,0.07
SONY,2025-04-01,25.219999313354492,25.290000915527344,24.709999084472656,25.170000076293945,10219100.0,25.170000076293945,0.0
SONY,2025-04-02,24.520000457763672,24.920000076293945,24.450000762939453,24.84000015258789,4696000.0,24.84000015258789,0.0
SONY,2025-04-03,23.510000228881836,24.020000457763672,23.360000610351562,23.3799991607666,6473500.0,23.3799991607666,0.0
SONY,2025-04-04,22.270000457763672,22.5,21.760000228881836,21.81999969482422,7990900.0,21.81999969482422,0.0
SONY,2025-04-07,20.420000076293945,22.190000534057617,20.420000076293945,21.239999771118164,10610300.0,21.239999771118164,0.0
SONY,2025-04-08,22.299999237060547,22.489999771118164,21.1299991607666,21.31999969482422,5512500.0,21.31999969482422,0.0
SONY,2025-04-09,21.309999465942383,23.139999389648438,21.09000015258789,22.969999313354492,7765100.0,22.969999313354492,0.0
SONY,2025-04-10,23.520000457763672,23.579999923706055,22.219999313354492,22.920000076293945,8913700.0,22.920000076293945,0.0
SONY,2025-04-11,22.530000686645508,23.020000457763672,22.290000915527344,22.940000534057617,4791100.0,22.940000534057617,0.0
SONY,2025-04-14,23.280000686645508,23.579999923706055,23.190000534057617,23.440000534057617,4536000.0,23.440000534057617,0.0
SONY,2025-04-15,23.559999465942383,23.780000686645508,23.559999465942383,23.68000030517578,2635900.0,23.68000030517578,0.0
SONY,2025-04-16,23.549999237060547,23.610000610351562,23.149999618530273,23.360000610351562,3447200.0,23.360000610351562,0.0
SONY,2025-04-17,24.0,24.260000228881836,23.920000076293945,24.010000228881836,4549500.0,24.010000228881836,0.0
SONY,2025-04-21,23.90999984741211,23.989999771118164,23.520000457763672,23.75,3403500.0,23.75,0.0
SONY,2025-04-22,24.09000015258789,24.360000610351562,24.06999969482422,24.329999923706055,4681100.0,24.329999923706055,0.0
SONY,2025-04-23,25.010000228881836,25.229999542236328,24.790000915527344,24.889999389648438,3101500.0,24.889999389648438,0.0
SONY,2025-04-24,24.81999969482422,25.1200008392334,24.770000457763672,25.1200008392334,3193800.0,25.1200008392334,0.0
SONY,2025-04-25,24.81999969482422,24.969999313354492,24.700000762939453,24.969999313354492,2602100.0,24.969999313354492,0.0
SONY,2025-04-28,24.739999771118164,25.450000762939453,24.690000534057617,25.280000686645508,8671000.0,25.280000686645508,0.0
SONY,2025-04-29,25.530000686645508,25.899999618530273,25.34000015258789,25.75,7306000.0,25.75,0.0
SONY,2025-04-30,25.700000762939453,26.079999923706055,25.280000686645508,26.0,6370800.0,26.0,0.0
SONY,2025-05-01,25.559999465942383,25.559999465942383,25.239999771118164,25.280000686645508,7461400.0,25.280000686645508,0.0
SONY,2025-05-02,25.030000686645508,25.43000030517578,24.959999084472656,25.329999923706055,6866500.0,25.329999923706055,0.0
SONY,2025-05-05,25.200000762939453,25.360000610351562,25.139999389648438,25.239999771118164,5593300.0,25.239999771118164,0.0
SONY,2025-05-06,25.270000457763672,25.329999923706055,25.100000381469727,25.229999542236328,5322900.0,25.229999542236328,0.0
SONY,2025-05-07,24.989999771118164,25.290000915527344,24.829999923706055,25.020000457763672,4843700.0,25.020000457763672,0.0
SONY,2025-05-08,24.440000534057617,24.729999542236328,24.350000381469727,24.450000762939453,5040900.0,24.450000762939453,0.0
SONY,2025-05-09,24.68000030517578,24.809999465942383,24.649999618530273,24.700000762939453,3015900.0,24.700000762939453,0.0
SONY,2025-05-12,24.799999237060547,24.899999618530273,24.59000015258789,24.739999771118164,7759700.0,24.739999771118164,0.0
SONY,2025-05-13,24.790000915527344,24.899999618530273,24.5,24.540000915527344,12707900.0,24.540000915527344,0.0
SONY,2025-05-14,25.25,25.6200008392334,24.799999237060547,24.8799991607666,13840500.0,24.8799991607666,0.0
SONY,2025-05-15,25.100000381469727,25.149999618530273,24.84000015258789,24.8700008392334,13791400.0,24.8700008392334,0.0
SONY,2025-05-16,24.639999389648438,24.760000228881836,24.479999542236328,24.68000030517578,4069600.0,24.68000030517578,0.0
SONY,2025-05-19,24.649999618530273,25.059999465942383,24.59000015258789,25.040000915527344,7554300.0,25.040000915527344,0.0
SONY,2025-05-20,25.520000457763672,25.950000762939453,25.219999313354492,25.799999237060547,7332800.0,25.799999237060547,0.0
SONY,2025-05-21,25.450000762939453,25.489999771118164,24.8799991607666,24.889999389648438,5083400.0,24.889999389648438,0.0
SONY,2025-05-22,25.34000015258789,25.440000534057617,25.18000030517578,25.329999923706055,5037000.0,25.329999923706055,0.0
SONY,2025-05-23,25.360000610351562,25.670000076293945,25.290000915527344,25.530000686645508,6527500.0,25.530000686645508,0.0
SONY,2025-05-27,26.020000457763672,26.600000381469727,25.959999084472656,26.559999465942383,6992500.0,26.559999465942383,0.0
SONY,2025-05-28,26.34000015258789,26.420000076293945,26.209999084472656,26.299999237060547,6134800.0,26.299999237060547,0.0
SONY,2025-05-29,26.950000762939453,26.950000762939453,26.5,26.6200008392334,10688600.0,26.6200008392334,0.0
SONY,2025-05-30,26.459999084472656,26.510000228881836,26.06999969482422,26.3799991607666,6792800.0,26.3799991607666,0.0
SONY,2025-06-02,26.479999542236328,26.940000534057617,26.459999084472656,26.8799991607666,6198500.0,26.8799991607666,0.0
SONY,2025-06-03,26.690000534057617,26.8799991607666,26.690000534057617,26.770000457763672,5805100.0,26.770000457763672,0.0
SONY,2025-06-04,26.75,26.780000686645508,26.600000381469727,26.670000076293945,3289800.0,26.670000076293945,0.0
SONY,2025-06-05,26.479999542236328,26.549999237060547,26.260000228881836,26.329999923706055,4173500.0,26.329999923706055,0.0
SONY,2025-06-06,26.670000076293945,26.739999771118164,26.59000015258789,26.65999984741211,2952300.0,26.65999984741211,0.0
SONY,2025-06-09,26.5,26.690000534057617,26.469999313354492,26.59000015258789,3611200.0,26.59000015258789,0.0
SONY,2025-06-10,26.34000015258789,26.3700008392334,26.049999237060547,26.200000762939453,3360200.0,26.200000762939453,0.0
SONY,2025-06-11,26.110000610351562,26.18000030517578,25.899999618530273,25.90999984741211,4030900.0,25.90999984741211,0.0
SONY,2025-06-12,26.1299991607666,26.399999618530273,26.100000381469727,26.399999618530273,3234300.0,26.399999618530273,0.0
SONY,2025-06-13,25.93000030517578,26.15999984741211,25.84000015258789,25.93000030517578,5147300.0,25.93000030517578,0.0
SONY,2025-06-16,26.059999465942383,26.31999969482422,26.049999237060547,26.09000015258789,3965200.0,26.09000015258789,0.0
SONY,2025-06-17,25.770000457763672,25.940000534057617,25.639999389648438,25.65999984741211,4488000.0,25.65999984741211,0.0
SONY,2025-06-18,25.969999313354492,26.09000015258789,25.850000381469727,25.8799991607666,2880500.0,25.8799991607666,0.0
SONY,2025-06-20,25.0,25.0,24.690000534057617,24.75,8333700.0,24.75,0.0
SONY,2025-06-23,24.0,24.450000762939453,23.899999618530273,24.420000076293945,8944600.0,24.420000076293945,0.0
SONY,2025-06-24,24.739999771118164,25.030000686645508,24.670000076293945,24.989999771118164,6395700.0,24.989999771118164,0.0
SONY,2025-06-25,25.010000228881836,25.040000915527344,24.860000610351562,24.920000076293945,3554900.0,24.920000076293945,0.0
SONY,2025-06-26,25.350000381469727,25.610000610351562,25.329999923706055,25.540000915527344,5198000.0,25.540000915527344,0.0
SONY,2025-06-27,26.34000015258789,26.440000534057617,26.149999618530273,26.299999237060547,6148000.0,26.299999237060547,0.0
SONY,2025-06-30,25.799999237060547,26.049999237060547,25.719999313354492,26.030000686645508,4394800.0,26.030000686645508,0.0
SONY,2025-07-01,25.399999618530273,25.600000381469727,25.280000686645508,25.469999313354492,8264300.0,25.469999313354492,0.0
SONY,2025-07-02,25.479999542236328,25.729999542236328,25.469999313354492,25.709999084472656,4646100.0,25.709999084472656,0.0
SONY,2025-07-03,25.440000534057617,25.649999618530273,25.360000610351562,25.579999923706055,2282800.0,25.579999923706055,0.0
SONY,2025-07-07,25.40999984741211,25.540000915527344,25.149999618530273,25.299999237060547,4072200.0,25.299999237060547,0.0
SONY,2025-07-08,25.280000686645508,25.309999465942383,25.1299991607666,25.25,3702700.0,25.25,0.0
SONY,2025-07-09,25.1299991607666,25.190000534057617,25.010000228881836,25.170000076293945,3866900.0,25.170000076293945,0.0
SONY,2025-07-10,24.75,24.770000457763672,24.559999465942383,24.649999618530273,6565300.0,24.649999618530273,0.0
SONY,2025-07-11,24.489999771118164,24.489999771118164,24.31999969482422,24.43000030517578,4546700.0,24.43000030517578,0.0
SONY,2025-07-14,24.350000381469727,24.440000534057617,24.270000457763672,24.399999618530273,3246400.0,24.399999618530273,0.0
SONY,2025-07-15,24.209999084472656,24.239999771118164,24.040000915527344,24.079999923706055,5238600.0,24.079999923706055,0.0
SONY,2025-07-16,23.829999923706055,23.979999542236328,23.780000686645508,23.979999542236328,7649000.0,23.979999542236328,0.0
SONY,2025-07-17,24.299999237060547,24.440000534057617,24.229999542236328,24.40999984741211,5557700.0,24.40999984741211,0.0
SONY,2025-07-18,24.100000381469727,24.139999389648438,23.889999389648438,23.920000076293945,3080700.0,23.920000076293945,0.0
SONY,2025-07-21,24.0,24.239999771118164,23.989999771118164,24.06999969482422,2751900.0,24.06999969482422,0.0
SONY,2025-07-22,24.110000610351562,24.15999984741211,24.040000915527344,24.09000015258789,2899500.0,24.09000015258789,0.0
SONY,2025-07-23,25.149999618530273,25.600000381469727,25.139999389648438,25.260000228881836,5848200.0,25.260000228881836,0.0
SONY,2025-07-24,25.690000534057617,25.690000534057617,25.350000381469727,25.3799991607666,5830300.0,25.3799991607666,0.0
SONY,2025-07-25,25.010000228881836,25.040000915527344,24.790000915527344,24.8799991607666,3727000.0,24.8799991607666,0.0
SONY,2025-07-28,24.43000030517578,24.489999771118164,24.290000915527344,24.360000610351562,2298300.0,24.360000610351562,0.0
SONY,2025-07-29,24.34000015258789,24.420000076293945,24.110000610351562,24.149999618530273,3297000.0,24.149999618530273,0.0
SONY,2025-07-30,24.3700008392334,24.399999618530273,24.110000610351562,24.200000762939453,2794200.0,24.200000762939453,0.0
SONY,2025-07-31,24.579999923706055,24.579999923706055,24.219999313354492,24.31999969482422,3787300.0,24.31999969482422,0.0
SONY,2025-08-01,24.31999969482422,24.420000076293945,24.18000030517578,24.3700008392334,4951300.0,24.3700008392334,0.0
SONY,2025-08-04,24.520000457763672,24.770000457763672,24.520000457763672,24.760000228881836,2362200.0,24.760000228881836,0.0
SONY,2025-08-05,24.59000015258789,24.670000076293945,24.3799991607666,24.530000686645508,3702600.0,24.530000686645508,0.0
SONY,2025-08-06,25.030000686645508,25.049999237060547,24.829999923706055,24.920000076293945,5571800.0,24.920000076293945,0.0
SONY,2025-08-07,26.09000015258789,26.709999084472656,25.850000381469727,26.030000686645508,6712800.0,26.030000686645508,0.0
SONY,2025-08-08,26.899999618530273,27.290000915527344,26.899999618530273,27.149999618530273,4946700.0,27.149999618530273,0.0
SONY,2025-08-11,27.149999618530273,27.360000610351562,27.139999389648438,27.280000686645508,3651400.0,27.280000686645508,0.0
SONY,2025-08-12,27.149999618530273,27.270000457763672,27.020000457763672,27.190000534057617,4992100.0,27.190000534057617,0.0
SONY,2025-08-13,27.760000228881836,28.040000915527344,27.709999084472656,27.979999542236328,3798100.0,27.979999542236328,0.0
SONY,2025-08-14,27.700000762939453,27.799999237060547,27.559999465942383,27.739999771118164,2317000.0,27.739999771118164,0.0
SONY,2025-08-15,28.989999771118164,29.15999984741211,28.670000076293945,28.739999771118164,5183700.0,28.739999771118164,0.0
SONY,2025-08-18,28.290000915527344,28.40999984741211,28.219999313354492,28.350000381469727,3244300.0,28.350000381469727,0.0
SONY,2025-08-19,28.290000915527344,28.43000030517578,28.219999313354492,28.239999771118164,2849700.0,28.239999771118164,0.0
SONY,2025-08-20,28.059999465942383,28.149999618530273,27.889999389648438,28.1200008392334,2823700.0,28.1200008392334,0.0
SONY,2025-08-21,27.690000534057617,27.809999465942383,27.549999237060547,27.6299991607666,2930200.0,27.6299991607666,0.0
SONY,2025-08-22,28.31999969482422,28.690000534057617,28.280000686645508,28.610000610351562,4489700.0,28.610000610351562,0.0
SONY,2025-08-25,28.25,28.350000381469727,28.1200008392334,28.1200008392334,3237500.0,28.1200008392334,0.0
SONY,2025-08-26,27.790000915527344,27.940000534057617,27.719999313354492,27.8799991607666,2821200.0,27.8799991607666,0.0
SONY,2025-08-27,27.600000381469727,27.860000610351562,27.540000915527344,27.84000015258789,3643100.0,27.84000015258789,0.0
SONY,2025-08-28,28.06999969482422,28.149999618530273,27.969999313354492,28.0,4573800.0,28.0,0.0
SONY,2025-08-29,27.59000015258789,27.6200008392334,27.440000534057617,27.520000457763672,3037900.0,27.520000457763672,0.0
SONY,2025-09-02,26.799999237060547,27.079999923706055,26.59000015258789,26.950000762939453,4919100.0,26.950000762939453,0.0
SONY,2025-09-03,26.959999084472656,27.09000015258789,26.899999618530273,27.030000686645508,3295900.0,27.030000686645508,0.0
SONY,2025-09-04,27.540000915527344,27.8700008392334,27.520000457763672,27.84000015258789,3226200.0,27.84000015258789,0.0
SONY,2025-09-05,27.790000915527344,27.84000015258789,27.459999084472656,27.56999969482422,2620600.0,27.56999969482422,0.0
SONY,2025-09-08,28.299999237060547,28.709999084472656,28.280000686645508,28.670000076293945,4596100.0,28.670000076293945,0.0
SONY,2025-09-09,28.75,28.790000915527344,28.579999923706055,28.709999084472656,3214300.0,28.709999084472656,0.0
SONY,2025-09-10,28.8799991607666,28.979999542236328,28.56999969482422,28.649999618530273,3934200.0,28.649999618530273,0.0
SONY,2025-09-11,28.770000457763672,29.239999771118164,28.770000457763672,29.190000534057617,4384100.0,29.190000534057617,0.0
SONY,2025-09-12,29.0,29.40999984741211,28.959999084472656,29.209999084472656,4680600.0,29.209999084472656,0.0
SONY,2025-09-16 16:00:02-04:00,28.81999969482422,28.829999923706055,28.549999237060547,28.81999969482422,2670715.0,28.81999969482422,0.0
ARM,2025-03-17,118.05999755859375,123.69999694824219,118.05500030517578,121.37000274658203,3444900.0,121.37000274658203,0.0
ARM,2025-03-18,120.55999755859375,120.64800262451172,116.36000061035156,119.72000122070312,3138800.0,119.72000122070312,0.0
ARM,2025-03-19,119.44000244140625,120.48999786376953,116.24400329589844,117.91000366210938,3729600.0,117.91000366210938,0.0
ARM,2025-03-20,116.81999969482422,120.44000244140625,115.80999755859375,119.06999969482422,2335200.0,119.06999969482422,0.0
ARM,2025-03-21,116.375,119.43000030517578,115.5,119.06999969482422,2552400.0,119.06999969482422,0.0
ARM,2025-03-24,122.05999755859375,126.2699966430664,122.0,124.8499984741211,4314300.0,124.8499984741211,0.0
ARM,2025-03-25,124.91999816894531,125.5,123.0999984741211,124.27999877929688,1887300.0,124.27999877929688,0.0
ARM,2025-03-26,123.0,123.44999694824219,114.16999816894531,114.93000030517578,4881200.0,114.93000030517578,0.0
ARM,2025-03-27,114.0,114.04000091552734,109.25,112.47000122070312,4203100.0,112.47000122070312,0.0
ARM,2025-03-28,111.5,113.1760025024414,106.7300033569336,107.80000305175781,4624100.0,107.80000305175781,0.0
ARM,2025-03-31,104.0,106.93000030517578,101.36399841308594,106.79000091552734,4662700.0,106.79000091552734,0.0
ARM,2025-04-01,105.72000122070312,108.47000122070312,103.58000183105469,106.9800033569336,4236100.0,106.9800033569336,0.0
ARM,2025-04-02,104.37999725341797,110.13500213623047,104.37999725341797,108.13999938964844,2350600.0,108.13999938964844,0.0
ARM,2025-04-03,101.16000366210938,103.23999786376953,97.33000183105469,97.72000122070312,8088100.0,97.72000122070312,0.0
ARM,2025-04-04,91.6500015258789,95.37999725341797,84.38999938964844,87.70999908447266,12486000.0,87.70999908447266,0.0
ARM,2025-04-07,80.91999816894531,94.13999938964844,80.0,88.62999725341797,9081700.0,88.62999725341797,0.0
ARM,2025-04-08,94.375,96.55000305175781,84.11699676513672,85.81999969482422,8447500.0,85.81999969482422,0.0
ARM,2025-04-09,85.61499786376953,107.94000244140625,85.19000244140625,106.58999633789062,13935100.0,106.58999633789062,0.0
ARM,2025-04-10,98.9000015258789,102.0,95.34500122070312,100.45999908447266,8620900.0,100.45999908447266,0.0
ARM,2025-04-11,100.0,105.66500091552734,98.802001953125,103.98999786376953,6481200.0,103.98999786376953,0.0
ARM,2025-04-14,108.20999908447266,109.45999908447266,102.86000061035156,105.05999755859375,3674700.0,105.05999755859375,0.0
ARM,2025-04-15,104.80999755859375,106.31400299072266,102.66000366210938,103.80000305175781,3092100.0,103.80000305175781,0.0
ARM,2025-04-16,98.0,101.70999908447266,97.8949966430664,101.0,4881700.0,101.0,0.0
ARM,2025-04-17,102.26000213623047,102.26000213623047,98.83999633789062,100.7300033569336,3124900.0,100.7300033569336,0.0
ARM,2025-04-21,99.79000091552734,100.2300033569336,95.31999969482422,96.83000183105469,4231800.0,96.83000183105469,0.0
ARM,2025-04-22,98.22000122070312,101.84700012207031,97.90399932861328,100.55000305175781,3808500.0,100.55000305175781,0.0
ARM,2025-04-23,106.4000015258789,109.86000061035156,104.66999816894531,105.16000366210938,5140700.0,105.16000366210938,0.0
ARM,2025-04-24,107.36000061035156,112.5,106.9800033569336,112.01000213623047,5047600.0,112.01000213623047,0.0
ARM,2025-04-25,112.0,114.83000183105469,110.55999755859375,113.33999633789062,3908400.0,113.33999633789062,0.0
ARM,2025-04-28,112.52999877929688,114.18000030517578,110.01000213623047,112.08000183105469,3241300.0,112.08000183105469,0.0
ARM,2025-04-29,112.5999984741211,113.59100341796875,111.48999786376953,111.6500015258789,1954000.0,111.6500015258789,0.0
ARM,2025-04-30,108.59500122070312,114.23999786376953,107.54000091552734,114.05000305175781,3737400.0,114.05000305175781,0.0
ARM,2025-05-01,117.0,119.57099914550781,115.2300033569336,115.4000015258789,6993600.0,115.4000015258789,0.0
ARM,2025-05-02,118.56999969482422,123.9800033569336,118.45999908447266,123.2699966430664,5132000.0,123.2699966430664,0.0
ARM,2025-05-05,121.08999633789062,123.43000030517578,120.5,121.94999694824219,3525200.0,121.94999694824219,0.0
ARM,2025-05-06,118.0,123.58000183105469,118.0,122.44000244140625,4236100.0,122.44000244140625,0.0
ARM,2025-05-07,123.1050033569336,124.44000244140625,120.19000244140625,124.19000244140625,8972600.0,124.19000244140625,0.0
ARM,2025-05-08,119.19499969482422,119.80000305175781,114.33000183105469,116.5199966430664,15725300.0,116.5199966430664,0.0
ARM,2025-05-09,117.55999755859375,118.81999969482422,114.80000305175781,115.80000305175781,5364800.0,115.80000305175781,0.0
ARM,2025-05-12,121.63500213623047,125.44999694824219,121.30000305175781,124.80999755859375,7552600.0,124.80999755859375,0.0
ARM,2025-05-13,125.0,128.89999389648438,124.19999694824219,126.68000030517578,7630700.0,126.68000030517578,0.0
ARM,2025-05-14,128.97000122070312,134.97000122070312,128.80999755859375,133.4499969482422,8876000.0,133.4499969482422,0.0
ARM,2025-05-15,133.0050048828125,135.17999267578125,129.0,133.07000732421875,5357900.0,133.07000732421875,0.0
ARM,2025-05-16,133.35000610351562,136.14999389648438,132.89999389648438,135.9600067138672,4789900.0,135.9600067138672,0.0
ARM,2025-05-19,130.35499572753906,133.27999877929688,129.52999877929688,132.0500030517578,4195600.0,132.0500030517578,0.0
ARM,2025-05-20,131.83999633789062,132.0399932861328,129.6999969482422,131.0399932861328,3108500.0,131.0399932861328,0.0
ARM,2025-05-21,128.9199981689453,135.33999633789062,128.60000610351562,130.4499969482422,4810100.0,130.4499969482422,0.0
ARM,2025-05-22,129.60000610351562,131.13900756835938,128.95799255371094,129.27999877929688,2366200.0,129.27999877929688,0.0
ARM,2025-05-23,126.13999938964844,127.66000366210938,124.9000015258789,127.18000030517578,2966800.0,127.18000030517578,0.0
ARM,2025-05-27,130.0500030517578,135.99000549316406,129.72999572753906,133.9600067138672,5507500.0,133.9600067138672,0.0
ARM,2025-05-28,134.8249969482422,138.5,133.9499969482422,135.5399932861328,5937400.0,135.5399932861328,0.0
ARM,2025-05-29,138.5,138.58999633789062,126.75,128.10000610351562,7425900.0,128.10000610351562,0.0
ARM,2025-05-30,127.61000061035156,127.80000305175781,121.55999755859375,124.54000091552734,5786600.0,124.54000091552734,0.0
ARM,2025-06-02,124.80000305175781,127.4800033569336,123.58799743652344,126.05500030517578,3297500.0,126.05500030517578,0.0
ARM,2025-06-03,127.52999877929688,130.63999938964844,126.93000030517578,128.77999877929688,3445700.0,128.77999877929688,0.0
ARM,2025-06-04,129.39999389648438,130.68499755859375,127.33000183105469,130.36000061035156,2473400.0,130.36000061035156,0.0
ARM,2025-06-05,131.08999633789062,134.25,128.49000549316406,129.5500030517578,3549800.0,129.5500030517578,0.0
ARM,2025-06-06,129.92999267578125,135.16000366210938,129.92999267578125,133.11000061035156,3212500.0,133.11000061035156,0.0
ARM,2025-06-09,135.0,141.32000732421875,134.82000732421875,138.61000061035156,6864600.0,138.61000061035156,0.0
ARM,2025-06-10,138.8000030517578,141.5800018310547,135.8699951171875,140.6300048828125,4544100.0,140.6300048828125,0.0
ARM,2025-06-11,140.99000549316406,144.3000030517578,138.9409942626953,140.3800048828125,3594100.0,140.3800048828125,0.0
ARM,2025-06-12,137.44000244140625,140.6300048828125,137.2100067138672,138.6199951171875,3244800.0,138.6199951171875,0.0
ARM,2025-06-13,135.80999755859375,138.52000427246094,134.57000732421875,135.5500030517578,3307700.0,135.5500030517578,0.0
ARM,2025-06-16,137.25,143.5800018310547,137.25,142.0399932861328,4166300.0,142.0399932861328,0.0
ARM,2025-06-17,140.8300018310547,149.25,140.5,144.72000122070312,5883200.0,144.72000122070312,0.0
ARM,2025-06-18,145.16000366210938,147.97999572753906,143.17999267578125,146.0500030517578,3638400.0,146.0500030517578,0.0
ARM,2025-06-20,146.7050018310547,148.47999572753906,143.25999450683594,145.0399932861328,3798300.0,145.0399932861328,0.0
ARM,2025-06-23,143.0,149.58999633789062,142.60000610351562,149.3300018310547,4742300.0,149.3300018310547,0.0
ARM,2025-06-24,151.0,157.22999572753906,150.89999389648438,156.41000366210938,5587300.0,156.41000366210938,0.0
ARM,2025-06-25,157.11000061035156,159.8800048828125,156.67999267578125,157.30999755859375,4751000.0,157.30999755859375,0.0
ARM,2025-06-26,158.53500366210938,160.39999389648438,157.2449951171875,158.14999389648438,4519600.0,158.14999389648438,0.0
ARM,2025-06-27,159.0,166.36000061035156,158.75999450683594,165.4600067138672,7495500.0,165.4600067138672,0.0
ARM,2025-06-30,166.96499633789062,168.30999755859375,161.2220001220703,161.74000549316406,5531600.0,161.74000549316406,0.0
ARM,2025-07-01,160.0,161.75,153.51699829101562,156.3300018310547,6369800.0,156.3300018310547,0.0
ARM,2025-07-02,154.2050018310547,155.24000549316406,152.02999877929688,154.6300048828125,5027700.0,154.6300048828125,0.0
ARM,2025-07-03,155.86000061035156,157.4199981689453,154.16000366210938,155.08999633789062,2499300.0,155.08999633789062,0.0
ARM,2025-07-07,154.0,154.0,145.39999389648438,146.8800048828125,6964800.0,146.8800048828125,0.0
ARM,2025-07-08,148.92999267578125,150.0,147.0500030517578,147.7899932861328,4150300.0,147.7899932861328,0.0
ARM,2025-07-09,149.58999633789062,152.77999877929688,147.8000030517578,148.02000427246094,3848500.0,148.02000427246094,0.0
ARM,2025-07-10,149.0,149.0,145.6179962158203,148.5500030517578,3645400.0,148.5500030517578,0.0
ARM,2025-07-11,146.67999267578125,151.10000610351562,144.27999877929688,145.94000244140625,3954200.0,145.94000244140625,0.0
ARM,2025-07-14,145.94000244140625,145.9600067138672,140.6999969482422,144.5399932861328,5882800.0,144.5399932861328,0.0
ARM,2025-07-15,148.375,150.14999389648438,146.35000610351562,147.11000061035156,4182200.0,147.11000061035156,0.0
ARM,2025-07-16,151.3249969482422,155.0399932861328,148.2100067138672,153.89999389648438,7441300.0,153.89999389648438,0.0
ARM,2025-07-17,157.11000061035156,159.5,153.5399932861328,157.17999267578125,4891500.0,157.17999267578125,0.0
ARM,2025-07-18,158.5,161.9499969482422,156.38499450683594,156.74000549316406,4869500.0,156.74000549316406,0.0
ARM,2025-07-21,159.14999389648438,164.5800018310547,158.18899536132812,161.9199981689453,5462800.0,161.9199981689453,0.0
ARM,2025-07-22,161.0,162.1320037841797,153.24000549316406,156.5,5167900.0,156.5,0.0
ARM,2025-07-23,156.9600067138672,159.75,155.71400451660156,159.27999877929688,3398600.0,159.27999877929688,0.0
ARM,2025-07-24,160.0,161.75,157.89999389648438,159.99000549316406,2228400.0,159.99000549316406,0.0
ARM,2025-07-25,160.0,164.5800018310547,159.13999938964844,163.1699981689453,3151900.0,163.1699981689453,0.0
ARM,2025-07-28,165.02000427246094,166.8800048828125,162.03700256347656,164.3699951171875,4027900.0,164.3699951171875,0.0
ARM,2025-07-29,164.0,166.2480010986328,160.77999877929688,163.47000122070312,3546500.0,163.47000122070312,0.0
ARM,2025-07-30,162.32000732421875,165.25,161.36000061035156,163.3249969482422,4885300.0,163.3249969482422,0.0
ARM,2025-07-31,148.35000610351562,149.0,139.11000061035156,141.375,22624900.0,141.375,0.0
ARM,2025-08-01,137.9949951171875,140.05999755859375,135.25,137.5800018310547,7673400.0,137.5800018310547,0.0
ARM,2025-08-04,140.10000610351562,140.61000061035156,138.25,140.0500030517578,4866900.0,140.0500030517578,0.0
ARM,2025-08-05,140.5,140.8800048828125,135.2100067138672,137.22999572753906,4384600.0,137.22999572753906,0.0
ARM,2025-08-06,137.41000366210938,137.8000030517578,135.00999450683594,136.1199951171875,3241000.0,136.1199951171875,0.0
ARM,2025-08-07,137.77000427246094,139.67999267578125,134.61000061035156,135.57000732421875,4269200.0,135.57000732421875,0.0
ARM,2025-08-08,136.6699981689453,139.4499969482422,135.36000061035156,138.5,3483700.0,138.5,0.0
ARM,2025-08-11,139.52000427246094,146.42999267578125,139.25,141.0500030517578,5673400.0,141.0500030517578,0.0
ARM,2025-08-12,142.85000610351562,143.0,140.4199981689453,142.38999938964844,3996500.0,142.38999938964844,0.0
ARM,2025-08-13,143.4499969482422,145.1999969482422,141.38999938964844,141.60000610351562,3335800.0,141.60000610351562,0.0
ARM,2025-08-14,140.2899932861328,140.67999267578125,138.27000427246094,140.5500030517578,4927800.0,140.5500030517578,0.0
ARM,2025-08-15,140.5500030517578,141.77999877929688,137.77000427246094,138.91000366210938,3434500.0,138.91000366210938,0.0
ARM,2025-08-18,137.91000366210938,141.50999450683594,137.52999877929688,141.05999755859375,2892900.0,141.05999755859375,0.0
ARM,2025-08-19,140.92999267578125,142.8000030517578,133.6999969482422,134.00999450683594,4751600.0,134.00999450683594,0.0
ARM,2025-08-20,132.6999969482422,133.1300048828125,127.02999877929688,131.16000366210938,5838700.0,131.16000366210938,0.0
ARM,2025-08-21,130.88999938964844,133.6300048828125,130.2100067138672,133.27999877929688,4107200.0,133.27999877929688,0.0
ARM,2025-08-22,133.0,140.35000610351562,132.67999267578125,137.9199981689453,4041500.0,137.9199981689453,0.0
ARM,2025-08-25,138.2949981689453,139.0,136.0,137.77999877929688,1870900.0,137.77999877929688,0.0
ARM,2025-08-26,138.33999633789062,141.41000366210938,137.85000610351562,140.25999450683594,2515400.0,140.25999450683594,0.0
ARM,2025-08-27,140.27000427246094,141.9600067138672,138.8300018310547,140.66000366210938,2499500.0,140.66000366210938,0.0
ARM,2025-08-28,140.60000610351562,143.8000030517578,139.7570037841797,142.5500030517578,2882900.0,142.5500030517578,0.0
ARM,2025-08-29,140.6699981689453,140.77999877929688,137.30999755859375,138.30999755859375,3616000.0,138.30999755859375,0.0
ARM,2025-09-02,133.6199951171875,134.88999938964844,130.41000366210938,132.33999633789062,5833700.0,132.33999633789062,0.0
ARM,2025-09-03,133.64999389648438,134.10000610351562,130.7100067138672,131.4199981689453,3202100.0,131.4199981689453,0.0
ARM,2025-09-04,131.13499450683594,136.11500549316406,130.25999450683594,135.47999572753906,3274900.0,135.47999572753906,0.0
ARM,2025-09-05,138.0,138.82000732421875,135.35000610351562,138.1699981689453,2822400.0,138.1699981689453,0.0
ARM,2025-09-08,138.7100067138672,141.14999389648438,138.13999938964844,139.13999938964844,2573100.0,139.13999938964844,0.0
ARM,2025-09-09,139.13999938964844,141.73899841308594,139.10000610351562,140.8000030517578,2083400.0,140.8000030517578,0.0
ARM,2025-09-10,143.3000030517578,154.5,142.8000030517578,154.13999938964844,11219700.0,154.13999938964844,0.0
ARM,2025-09-11,152.85000610351562,158.88999938964844,152.85000610351562,154.6999969482422,6342200.0,154.6999969482422,0.0
ARM,2025-09-12,155.24000549316406,155.5500030517578,149.02000427246094,150.63999938964844,3605200.0,150.63999938964844,0.0
ARM,2025-09-15,151.25,154.97799682617188,151.02499389648438,153.86000061035156,2564400.0,153.86000061035156,0.0
ARM,2025-09-16 16:00:01-04:00,153.8000030517578,155.8000030517578,152.34620666503906,153.85000610351562,2370653.0,153.85000610351562,0.0
TXN,2025-03-17,176.10000610351562,181.2899932861328,175.97000122070312,179.99000549316406,4940400.0,177.18673706054688,0.0
TXN,2025-03-18,179.6999969482422,179.77000427246094,177.61000061035156,179.4499969482422,4077700.0,176.65513610839844,0.0
TXN,2025-03-19,179.6699981689453,183.66000366210938,178.7100067138672,181.74000549316406,5675000.0,178.90948486328125,0.0
TXN,2025-03-20,179.41000366210938,181.80999755859375,178.5,180.67999267578125,4980000.0,177.865966796875,0.0
TXN,2025-03-21,178.52999877929688,179.83999633789062,177.0399932861328,179.0,11822900.0,176.21214294433594,0.0
TXN,2025-03-24,182.9499969482422,187.47999572753906,182.52999877929688,185.50999450683594,5694900.0,182.62075805664062,0.0
TXN,2025-03-25,184.49000549316406,186.83999633789062,183.5500030517578,183.97000122070312,4357200.0,181.104736328125,0.0
TXN,2025-03-26,184.25999450683594,186.00999450683594,183.27999877929688,184.49000549316406,5814200.0,181.61663818359375,0.0
TXN,2025-03-27,183.02000427246094,183.02000427246094,177.52000427246094,180.75999450683594,5035900.0,177.94473266601562,0.0
TXN,2025-03-28,179.66000366210938,180.72999572753906,175.5800018310547,176.3300018310547,5490600.0,173.58372497558594,0.0
TXN,2025-03-31,175.4199981689453,180.1999969482422,173.9600067138672,179.6999969482422,9222700.0,176.9012451171875,0.0
TXN,2025-04-01,179.27999877929688,179.55999755859375,174.27000427246094,177.99000549316406,5965400.0,175.21788024902344,0.0
TXN,2025-04-02,175.82000732421875,179.92999267578125,175.19000244140625,178.19000244140625,4368900.0,175.41476440429688,0.0
TXN,2025-04-03,171.83999633789062,174.19000244140625,164.0,164.1999969482422,11895300.0,161.6426544189453,0.0
TXN,2025-04-04,159.6699981689453,161.07000732421875,150.9600067138672,151.38999938964844,14976900.0,149.03216552734375,0.0
TXN,2025-04-07,150.91000366210938,162.89999389648438,145.1999969482422,154.0,18337200.0,151.60150146484375,0.0
TXN,2025-04-08,156.75,159.02999877929688,143.30999755859375,146.00999450683594,13902800.0,143.73594665527344,0.0
TXN,2025-04-09,145.1699981689453,172.82000732421875,144.25,169.5,21578500.0,166.860107421875,0.0
TXN,2025-04-10,160.7899932861328,162.92999267578125,150.02000427246094,156.60000610351562,16019500.0,154.16102600097656,0.0
TXN,2025-04-11,144.0,149.8800048828125,139.9499969482422,147.60000610351562,21113300.0,145.3011932373047,0.0
TXN,2025-04-14,151.0399932861328,153.58999633789062,149.13999938964844,150.97999572753906,10356600.0,148.6285400390625,0.0
TXN,2025-04-15,151.4199981689453,152.6999969482422,149.85000610351562,151.17999267578125,6958900.0,148.82542419433594,0.0
TXN,2025-04-16,147.22999572753906,149.72999572753906,142.55999755859375,146.5500030517578,10862500.0,144.26754760742188,0.0
TXN,2025-04-17,147.32000732421875,150.19000244140625,145.9199981689453,148.44000244140625,5739200.0,146.1280975341797,0.0
TXN,2025-04-21,145.4600067138672,146.74000549316406,142.63999938964844,145.61000061035156,8275000.0,143.34217834472656,0.0
TXN,2025-04-22,145.8699951171875,148.24000549316406,145.0800018310547,146.75999450683594,9139900.0,144.47425842285156,0.0
TXN,2025-04-23,153.1699981689453,155.33999633789062,151.27999877929688,152.14999389648438,14125000.0,149.7803192138672,0.0
TXN,2025-04-24,164.6300048828125,165.0,158.4199981689453,162.1300048828125,18950400.0,159.60488891601562,0.0
TXN,2025-04-25,161.83999633789062,163.6999969482422,160.52000427246094,162.86000061035156,8383300.0,160.32351684570312,0.0
TXN,2025-04-28,163.35000610351562,163.5399932861328,159.72000122070312,162.44000244140625,5170500.0,159.91006469726562,0.0
TXN,2025-04-29,159.49000549316406,162.35000610351562,158.75,160.77000427246094,6566500.0,158.26608276367188,0.0
TXN,2025-04-30,156.3699951171875,160.6300048828125,154.89999389648438,160.0500030517578,6158600.0,158.90147399902344,1.36
TXN,2025-05-01,160.83999633789062,162.07000732421875,158.05999755859375,158.25999450683594,6124900.0,157.1243133544922,0.0
TXN,2025-05-02,161.74000549316406,166.35000610351562,161.0800018310547,164.50999450683594,7642400.0,163.3294677734375,0.0
TXN,2025-05-05,162.42999267578125,164.10000610351562,161.11000061035156,162.4199981689453,4803600.0,161.2544708251953,0.0
TXN,2025-05-06,160.30999755859375,162.00999450683594,159.11000061035156,161.08999633789062,4531400.0,159.9340057373047,0.0
TXN,2025-05-07,162.3300018310547,165.52000427246094,161.89999389648438,164.7899932861328,5669700.0,163.60745239257812,0.0
TXN,2025-05-08,166.9199981689453,168.42999267578125,164.63999938964844,165.63999938964844,5171200.0,164.45135498046875,0.0
TXN,2025-05-09,170.07000732421875,172.60000610351562,169.61000061035156,172.27000427246094,8655100.0,171.03378295898438,0.0
TXN,2025-05-12,185.64999389648438,189.36000061035156,185.11000061035156,187.27999877929688,16210400.0,185.93606567382812,0.0
TXN,2025-05-13,186.33999633789062,189.50999450683594,186.33999633789062,188.1999969482422,9837500.0,186.84947204589844,0.0
TXN,2025-05-14,187.47000122070312,187.72999572753906,185.0500030517578,187.33999633789062,6552300.0,185.99563598632812,0.0
TXN,2025-05-15,186.1699981689453,189.75999450683594,185.50999450683594,187.8300018310547,5534000.0,186.4821319580078,0.0
TXN,2025-05-16,189.30999755859375,189.30999755859375,186.80999755859375,188.5,4518700.0,187.14732360839844,0.0
TXN,2025-05-19,185.0,188.47999572753906,184.25,188.33999633789062,6460900.0,186.98846435546875,0.0
TXN,2025-05-20,188.33999633789062,189.0,186.9199981689453,188.7100067138672,5289200.0,187.35581970214844,0.0
TXN,2025-05-21,186.5,189.89999389648438,184.72999572753906,185.4199981689453,8977400.0,184.08941650390625,0.0
TXN,2025-05-22,185.94000244140625,186.91000366210938,179.97999572753906,180.2100067138672,7500800.0,178.91680908203125,0.0
TXN,2025-05-23,177.00999450683594,177.2899932861328,173.75,176.3000030517578,7416700.0,175.0348663330078,0.0
TXN,2025-05-27,179.10000610351562,183.3300018310547,177.83999633789062,183.24000549316406,7939400.0,181.92506408691406,0.0
TXN,2025-05-28,183.35000610351562,185.9199981689453,183.08999633789062,184.14999389648438,5752800.0,182.82852172851562,0.0
TXN,2025-05-29,186.24000549316406,186.47999572753906,182.92999267578125,184.99000549316406,4533800.0,183.66250610351562,0.0
TXN,2025-05-30,184.97999572753906,185.13999938964844,179.75999450683594,182.85000610351562,15101100.0,181.53787231445312,0.0
TXN,2025-06-02,181.85000610351562,184.7100067138672,181.61000061035156,184.2100067138672,5648300.0,182.8881072998047,0.0
TXN,2025-06-03,183.24000549316406,188.5,182.6199951171875,188.0800018310547,5612600.0,186.73033142089844,0.0
TXN,2025-06-04,188.91000366210938,192.10000610351562,188.47999572753906,190.72000122070312,5780600.0,189.35137939453125,0.0
TXN,2025-06-05,192.91000366210938,194.2899932861328,189.32000732421875,190.49000549316406,6017700.0,189.123046875,0.0
TXN,2025-06-06,193.69000244140625,194.83999633789062,192.25999450683594,192.4199981689453,5338800.0,191.0391845703125,0.0
TXN,2025-06-09,193.74000549316406,200.42999267578125,193.47000122070312,199.2100067138672,6869700.0,197.7804718017578,0.0
TXN,2025-06-10,199.97999572753906,203.1699981689453,199.47999572753906,202.2899932861328,6247700.0,200.83834838867188,0.0
TXN,2025-06-11,203.30999755859375,203.35000610351562,198.14999389648438,199.69000244140625,5062100.0,198.25701904296875,0.0
TXN,2025-06-12,198.25,200.32000732421875,198.11000061035156,199.66000366210938,3257600.0,198.22723388671875,0.0
TXN,2025-06-13,196.08999633789062,199.0399932861328,194.47000122070312,195.0,5138200.0,193.60067749023438,0.0
TXN,2025-06-16,197.27999877929688,199.86000061035156,196.60000610351562,199.22000122070312,5864500.0,197.79039001464844,0.0
TXN,2025-06-17,198.0,200.6199951171875,196.8800048828125,197.69000244140625,4656300.0,196.27137756347656,0.0
TXN,2025-06-18,198.60000610351562,200.57000732421875,197.2899932861328,198.35000610351562,3742000.0,196.9266357421875,0.0
TXN,2025-06-20,200.41000366210938,200.92999267578125,196.5800018310547,198.1999969482422,12910000.0,196.7777099609375,0.0
TXN,2025-06-23,199.0,201.8300018310547,198.36000061035156,201.38999938964844,4565400.0,199.94480895996094,0.0
TXN,2025-06-24,203.22999572753906,206.1999969482422,203.0,205.80999755859375,7597800.0,204.33309936523438,0.0
TXN,2025-06-25,206.02999877929688,206.4199981689453,203.30999755859375,205.3800048828125,4748300.0,203.90618896484375,0.0
TXN,2025-06-26,206.30999755859375,207.32000732421875,205.77000427246094,206.30999755859375,4579200.0,204.8295135498047,0.0
TXN,2025-06-27,205.5,207.69000244140625,205.2899932861328,207.0800018310547,8585100.0,205.593994140625,0.0
TXN,2025-06-30,207.08999633789062,208.3800048828125,206.44000244140625,207.6199951171875,5319900.0,206.13011169433594,0.0
TXN,2025-07-01,207.0,211.67999267578125,206.49000549316406,210.4499969482422,5856200.0,208.93980407714844,0.0
TXN,2025-07-02,210.44000244140625,216.17999267578125,209.47999572753906,215.58999633789062,5533400.0,214.04290771484375,0.0
TXN,2025-07-03,215.25,216.94000244140625,214.72000122070312,216.02000427246094,2561100.0,214.46983337402344,0.0
TXN,2025-07-07,215.02000427246094,215.6300048828125,212.1999969482422,213.41000366210938,5221400.0,211.87857055664062,0.0
TXN,2025-07-08,215.0,219.3699951171875,214.02000427246094,216.6300048828125,6844600.0,215.07545471191406,0.0
TXN,2025-07-09,216.94000244140625,218.89999389648438,215.1999969482422,216.38999938964844,5231400.0,214.83717346191406,0.0
TXN,2025-07-10,219.27999877929688,220.77999877929688,217.55999755859375,219.66000366210938,3971400.0,218.08370971679688,0.0
TXN,2025-07-11,219.75,221.69000244140625,218.22000122070312,221.25,5396300.0,219.6623077392578,0.0
TXN,2025-07-14,219.41000366210938,220.25999450683594,217.3000030517578,220.0500030517578,4723600.0,218.47091674804688,0.0
TXN,2025-07-15,220.77000427246094,221.39999389648438,217.97000122070312,218.36000061035156,4419700.0,216.7930450439453,0.0
TXN,2025-07-16,218.39999389648438,218.61000061035156,211.7100067138672,216.63999938964844,6420900.0,215.08538818359375,0.0
TXN,2025-07-17,216.13999938964844,217.0,215.49000549316406,216.58999633789062,4920100.0,215.03573608398438,0.0
TXN,2025-07-18,218.49000549316406,218.64999389648438,215.91000366210938,216.6199951171875,4550100.0,215.06552124023438,0.0
TXN,2025-07-21,217.44000244140625,219.0,214.2100067138672,214.57000732421875,8269800.0,213.03024291992188,0.0
TXN,2025-07-22,214.0399932861328,216.0,212.16000366210938,214.9199981689453,11730800.0,213.37771606445312,0.0
TXN,2025-07-23,194.89999389648438,195.0,185.2899932861328,186.25,30755700.0,184.91346740722656,0.0
TXN,2025-07-24,186.4199981689453,187.88999938964844,185.02999877929688,185.69000244140625,9049500.0,184.35748291015625,0.0
TXN,2025-07-25,185.6999969482422,185.8800048828125,183.1999969482422,184.99000549316406,7031800.0,183.66250610351562,0.0
TXN,2025-07-28,187.8800048828125,190.5399932861328,187.75,189.25,8586800.0,187.89193725585938,0.0
TXN,2025-07-29,189.7100067138672,192.88999938964844,188.89999389648438,191.3800048828125,7144700.0,190.00665283203125,0.0
TXN,2025-07-30,192.14999389648438,192.5800018310547,188.3000030517578,189.52000427246094,6985100.0,188.16000366210938,0.0
TXN,2025-07-31,186.13999938964844,186.91000366210938,179.80999755859375,181.05999755859375,10144000.0,181.05999755859375,1.36
TXN,2025-08-01,179.6300048828125,181.58999633789062,177.9199981689453,180.86000061035156,6625100.0,180.86000061035156,0.0
TXN,2025-08-04,181.72000122070312,183.4499969482422,180.6300048828125,182.72999572753906,4682700.0,182.72999572753906,0.0
TXN,2025-08-05,184.9499969482422,186.49000549316406,183.58999633789062,185.39999389648438,5761900.0,185.39999389648438,0.0
TXN,2025-08-06,184.69000244140625,186.89999389648438,184.0,185.91000366210938,7089000.0,185.91000366210938,0.0
TXN,2025-08-07,190.75999450683594,191.49000549316406,184.72999572753906,185.91000366210938,6563900.0,185.91000366210938,0.0
TXN,2025-08-08,185.69000244140625,187.63999938964844,184.66000366210938,187.22000122070312,5946200.0,187.22000122070312,0.0
TXN,2025-08-11,187.44000244140625,188.8699951171875,183.39999389648438,183.7100067138672,6457800.0,183.7100067138672,0.0
TXN,2025-08-12,185.27999877929688,193.83999633789062,185.22000122070312,192.97000122070312,9961500.0,192.97000122070312,0.0
TXN,2025-08-13,193.5800018310547,194.1199951171875,190.9600067138672,193.2899932861328,4966300.0,193.2899932861328,0.0
TXN,2025-08-14,191.17999267578125,194.24000549316406,190.02999877929688,193.7100067138672,3917300.0,193.7100067138672,0.0
TXN,2025-08-15,193.60000610351562,195.3699951171875,192.49000549316406,194.57000732421875,5872900.0,194.57000732421875,0.0
TXN,2025-08-18,194.57000732421875,195.52000427246094,193.5,194.3300018310547,2763600.0,194.3300018310547,0.0
TXN,2025-08-19,194.6699981689453,197.64999389648438,193.7899932861328,195.94000244140625,5491100.0,195.94000244140625,0.0
TXN,2025-08-20,197.5,201.22999572753906,193.4499969482422,200.77000427246094,8107300.0,200.77000427246094,0.0
TXN,2025-08-21,199.5800018310547,202.17999267578125,199.4499969482422,200.7100067138672,5291100.0,200.7100067138672,0.0
TXN,2025-08-22,202.0800018310547,209.08999633789062,201.88999938964844,206.05999755859375,6177700.0,206.05999755859375,0.0
TXN,2025-08-25,206.0,207.0,204.5399932861328,205.97000122070312,3442600.0,205.97000122070312,0.0
TXN,2025-08-26,205.77999877929688,207.41000366210938,205.24000549316406,205.97999572753906,4549700.0,205.97999572753906,0.0
TXN,2025-08-27,204.9600067138672,205.6999969482422,203.25,205.47000122070312,4189700.0,205.47000122070312,0.0
TXN,2025-08-28,205.8300018310547,207.1300048828125,203.61000061035156,204.08999633789062,6166400.0,204.08999633789062,0.0
TXN,2025-08-29,203.50999450683594,204.0500030517578,201.55999755859375,202.47999572753906,5372700.0,202.47999572753906,0.0
TXN,2025-09-02,199.3800048828125,200.1699981689453,196.75999450683594,199.80999755859375,6238400.0,199.80999755859375,0.0
TXN,2025-09-03,199.22000122070312,200.0800018310547,191.3800048828125,195.74000549316406,7039600.0,195.74000549316406,0.0
TXN,2025-09-04,183.75999450683594,188.67999267578125,181.69000244140625,187.2899932861328,11335900.0,187.2899932861328,0.0
TXN,2025-09-05,187.0800018310547,189.27999877929688,185.2899932861328,187.92999267578125,9491200.0,187.92999267578125,0.0
TXN,2025-09-08,188.14999389648438,188.3699951171875,183.07000732421875,185.82000732421875,9701200.0,185.82000732421875,0.0
TXN,2025-09-09,184.39999389648438,185.66000366210938,183.66000366210938,185.02999877929688,6135000.0,185.02999877929688,0.0
TXN,2025-09-10,185.0399932861328,185.49000549316406,182.94000244140625,184.00999450683594,5957500.0,184.00999450683594,0.0
TXN,2025-09-11,184.50999450683594,184.80999755859375,182.25999450683594,184.35000610351562,6596000.0,184.35000610351562,0.0
TXN,2025-09-12,184.11000061035156,184.33999633789062,182.33999633789062,182.60000610351562,6282500.0,182.60000610351562,0.0
TXN,2025-09-15,175.8800048828125,179.22000122070312,174.00999450683594,178.1999969482422,11657000.0,178.1999969482422,0.0
TXN,2025-09-16 16:00:00-04:00,178.7899932861328,181.13999938964844,177.27999877929688,177.6300048828125,7917325.0,177.6300048828125,0.0
LRCX,2025-03-17,77.11000061035156,79.13999938964844,77.11000061035156,78.30999755859375,9555200.0,78.11561584472656,0.0
LRCX,2025-03-18,77.4800033569336,77.83999633789062,76.16999816894531,77.36000061035156,8094700.0,77.16797637939453,0.0
LRCX,2025-03-19,77.37000274658203,79.4800033569336,76.86000061035156,77.93000030517578,8907200.0,77.73656463623047,0.0
LRCX,2025-03-20,76.69000244140625,78.0999984741211,76.44000244140625,77.55000305175781,10689100.0,77.35751342773438,0.0
LRCX,2025-03-21,76.0,76.37000274658203,75.2699966430664,75.83999633789062,20062000.0,75.65174865722656,0.0
LRCX,2025-03-24,77.73999786376953,78.77999877929688,77.37999725341797,77.98999786376953,7954800.0,77.7964096069336,0.0
LRCX,2025-03-25,77.8499984741211,78.37000274658203,77.47000122070312,77.66999816894531,6437300.0,77.47721099853516,0.0
LRCX,2025-03-26,77.75,77.86000061035156,75.12999725341797,76.13999938964844,7325600.0,75.95100402832031,0.0
LRCX,2025-03-27,75.88999938964844,76.06999969482422,74.3499984741211,74.80999755859375,8441800.0,74.62430572509766,0.0
LRCX,2025-03-28,74.62999725341797,75.30000305175781,72.2300033569336,72.61000061035156,9541500.0,72.42977142333984,0.0
LRCX,2025-03-31,71.5999984741211,72.8499984741211,70.44000244140625,72.69999694824219,11778100.0,72.51954650878906,0.0
LRCX,2025-04-01,72.04000091552734,72.8499984741211,70.75,72.83000183105469,9066200.0,72.64922332763672,0.0
LRCX,2025-04-02,71.72000122070312,74.80000305175781,71.55999755859375,73.77999877929688,7641400.0,73.59686279296875,0.0
LRCX,2025-04-03,70.22000122070312,70.55000305175781,65.11000061035156,65.22000122070312,19479400.0,65.05811309814453,0.0
LRCX,2025-04-04,62.5099983215332,63.06999969482422,57.970001220703125,59.09000015258789,26250900.0,58.943328857421875,0.0
LRCX,2025-04-07,57.91999816894531,66.0999984741211,56.31999969482422,62.20000076293945,28191400.0,62.04560852050781,0.0
LRCX,2025-04-08,64.6500015258789,66.11000061035156,58.7400016784668,60.25,19560800.0,60.10044860839844,0.0
LRCX,2025-04-09,60.689998626708984,71.87000274658203,59.91999816894531,71.11000061035156,29544700.0,70.9334945678711,0.0
LRCX,2025-04-10,68.0,68.0,63.27000045776367,66.43000030517578,20011800.0,66.26510620117188,0.0
LRCX,2025-04-11,65.69000244140625,67.95999908447266,64.58000183105469,67.4800033569336,14706200.0,67.31250762939453,0.0
LRCX,2025-04-14,68.63999938964844,69.36000061035156,66.91000366210938,67.86000061035156,9945000.0,67.69155883789062,0.0
LRCX,2025-04-15,68.08999633789062,69.54000091552734,67.94999694824219,68.44000244140625,10674200.0,68.2701187133789,0.0
LRCX,2025-04-16,65.23999786376953,66.81999969482422,62.95000076293945,65.13999938964844,17845300.0,64.97830963134766,0.0
LRCX,2025-04-17,65.33999633789062,65.37999725341797,63.47999954223633,63.7599983215332,13847700.0,63.60173416137695,0.0
LRCX,2025-04-21,62.36000061035156,62.66999816894531,61.13999938964844,62.38999938964844,14302900.0,62.235137939453125,0.0
LRCX,2025-04-22,62.970001220703125,64.0199966430664,62.560001373291016,63.47999954223633,10857300.0,63.32242965698242,0.0
LRCX,2025-04-23,66.80999755859375,68.01000213623047,66.33999633789062,66.7300033569336,18214700.0,66.56436920166016,0.0
LRCX,2025-04-24,69.66999816894531,71.20999908447266,67.55000305175781,70.9000015258789,18159400.0,70.72401428222656,0.0
LRCX,2025-04-25,70.33000183105469,72.29000091552734,70.29000091552734,71.41999816894531,9751500.0,71.24272155761719,0.0
LRCX,2025-04-28,70.94999694824219,71.94000244140625,70.04000091552734,71.56999969482422,10255000.0,71.39234924316406,0.0
LRCX,2025-04-29,70.88999938964844,71.66000366210938,70.22000122070312,70.9000015258789,8583800.0,70.72401428222656,0.0
LRCX,2025-04-30,68.88999938964844,71.83999633789062,68.52999877929688,71.66999816894531,11233900.0,71.49210357666016,0.0
LRCX,2025-05-01,72.18000030517578,73.52999877929688,71.4000015258789,71.7300033569336,14147600.0,71.55195617675781,0.0
LRCX,2025-05-02,74.25,75.48999786376953,73.69000244140625,74.5199966430664,13339400.0,74.33502197265625,0.0
LRCX,2025-05-05,73.87999725341797,74.9000015258789,73.77999877929688,73.91000366210938,6960800.0,73.72654724121094,0.0
LRCX,2025-05-06,72.58999633789062,73.87999725341797,72.58999633789062,73.16000366210938,6892700.0,72.97840881347656,0.0
LRCX,2025-05-07,73.44000244140625,75.30000305175781,72.91000366210938,75.05999755859375,9984700.0,74.87368774414062,0.0
LRCX,2025-05-08,76.0999984741211,76.41999816894531,74.81999969482422,74.9000015258789,10469400.0,74.7140884399414,0.0
LRCX,2025-05-09,75.69000244140625,76.30000305175781,74.6500015258789,75.36000061035156,7037000.0,75.17294311523438,0.0
LRCX,2025-05-12,80.66999816894531,82.55000305175781,80.66999816894531,82.25,17456900.0,82.04583740234375,0.0
LRCX,2025-05-13,82.36000061035156,85.77999877929688,82.25,85.25,11920200.0,85.03839111328125,0.0
LRCX,2025-05-14,85.13999938964844,86.04000091552734,84.33000183105469,84.97000122070312,8654500.0,84.75909423828125,0.0
LRCX,2025-05-15,84.2300033569336,85.26000213623047,83.5,84.79000091552734,9058000.0,84.57953643798828,0.0
LRCX,2025-05-16,84.41000366210938,84.45999908447266,82.52999877929688,84.43000030517578,10100400.0,84.22042846679688,0.0
LRCX,2025-05-19,82.69999694824219,84.44999694824219,82.54000091552734,83.81999969482422,9222300.0,83.61194610595703,0.0
LRCX,2025-05-20,83.52999877929688,84.3499984741211,83.05000305175781,84.29000091552734,6913300.0,84.08078002929688,0.0
LRCX,2025-05-21,83.20999908447266,84.77999877929688,82.2300033569336,82.79000091552734,8082700.0,82.58450317382812,0.0
LRCX,2025-05-22,82.63999938964844,83.81999969482422,82.05000305175781,82.55999755859375,6241600.0,82.35507202148438,0.0
LRCX,2025-05-23,80.12000274658203,81.38999938964844,79.77999877929688,81.05999755859375,8276700.0,80.85879516601562,0.0
LRCX,2025-05-27,83.04000091552734,84.12000274658203,82.30999755859375,83.94000244140625,9530200.0,83.73165130615234,0.0
LRCX,2025-05-28,83.9800033569336,85.02999877929688,83.58000183105469,84.0,9464100.0,83.79149627685547,0.0
LRCX,2025-05-29,85.8499984741211,86.26000213623047,83.61000061035156,84.16000366210938,8238500.0,83.95110321044922,0.0
LRCX,2025-05-30,83.66999816894531,83.80999755859375,79.48999786376953,80.79000091552734,19191600.0,80.58946228027344,0.0
LRCX,2025-06-02,80.58000183105469,82.52999877929688,80.43000030517578,82.4800033569336,8246300.0,82.27527618408203,0.0
LRCX,2025-06-03,82.06999969482422,84.01000213623047,81.94999694824219,83.66000366210938,8920700.0,83.45234680175781,0.0
LRCX,2025-06-04,84.20999908447266,85.04000091552734,83.48999786376953,84.7699966430664,7992200.0,84.55958557128906,0.0
LRCX,2025-06-05,85.5,86.33999633789062,84.33999633789062,84.91000366210938,10907700.0,84.6992416381836,0.0
LRCX,2025-06-06,86.26000213623047,87.58000183105469,85.86000061035156,86.3499984741211,7877800.0,86.13566589355469,0.0
LRCX,2025-06-09,87.0999984741211,89.33000183105469,87.0199966430664,88.30000305175781,14496200.0,88.08082580566406,0.0
LRCX,2025-06-10,88.79000091552734,91.37000274658203,88.33999633789062,91.0,11118900.0,90.77412414550781,0.0
LRCX,2025-06-11,91.38999938964844,91.98999786376953,89.87000274658203,90.94999694824219,10646500.0,90.7242431640625,0.0
LRCX,2025-06-12,90.62000274658203,91.9000015258789,90.48999786376953,91.66000366210938,5989700.0,91.43248748779297,0.0
LRCX,2025-06-13,88.7699966430664,91.2300033569336,88.18000030517578,89.5199966430664,10979000.0,89.29779052734375,0.0
LRCX,2025-06-16,90.94999694824219,93.58000183105469,90.86000061035156,93.41000366210938,11642100.0,93.17814636230469,0.0
LRCX,2025-06-17,93.33999633789062,95.0199966430664,92.55000305175781,92.66000366210938,10229500.0,92.43000793457031,0.0
LRCX,2025-06-18,93.05000305175781,93.5999984741211,91.80000305175781,92.23999786376953,9373900.0,92.23999786376953,0.23
LRCX,2025-06-20,93.05000305175781,93.43000030517578,87.75,90.48999786376953,22925200.0,90.48999786376953,0.0
LRCX,2025-06-23,91.37000274658203,92.76000213623047,90.29000091552734,91.61000061035156,12551300.0,91.61000061035156,0.0
LRCX,2025-06-24,93.2300033569336,95.7699966430664,93.2300033569336,95.62999725341797,12838800.0,95.62999725341797,0.0
LRCX,2025-06-25,96.25,97.37000274658203,95.31999969482422,96.0199966430664,8690500.0,96.0199966430664,0.0
LRCX,2025-06-26,96.27999877929688,96.93000030517578,95.83999633789062,96.83999633789062,9477500.0,96.83999633789062,0.0
LRCX,2025-06-27,97.04000091552734,98.0199966430664,96.38999938964844,97.19999694824219,10781000.0,97.19999694824219,0.0
LRCX,2025-06-30,97.55000305175781,97.66999816894531,96.8499984741211,97.33999633789062,8218300.0,97.33999633789062,0.0
LRCX,2025-07-01,96.58999633789062,97.31999969482422,94.48999786376953,96.80999755859375,9760300.0,96.80999755859375,0.0
LRCX,2025-07-02,95.8499984741211,98.94999694824219,95.19999694824219,98.83000183105469,11023000.0,98.83000183105469,0.0
LRCX,2025-07-03,98.83000183105469,99.5,98.66000366210938,98.80999755859375,5028900.0,98.80999755859375,0.0
LRCX,2025-07-07,98.36000061035156,98.91999816894531,97.70999908447266,98.13999938964844,7239600.0,98.13999938964844,0.0
LRCX,2025-07-08,98.83000183105469,100.29000091552734,98.22000122070312,99.83000183105469,9570200.0,99.83000183105469,0.0
LRCX,2025-07-09,99.80000305175781,101.08999633789062,98.91000366210938,99.80999755859375,7323000.0,99.80999755859375,0.0
LRCX,2025-07-10,100.91999816894531,101.6500015258789,100.18000030517578,101.05999755859375,6569800.0,101.05999755859375,0.0
LRCX,2025-07-11,100.33000183105469,102.02999877929688,100.2699966430664,101.7300033569336,6203800.0,101.7300033569336,0.0
LRCX,2025-07-14,100.56999969482422,101.0,98.77999877929688,99.62000274658203,12938100.0,99.62000274658203,0.0
LRCX,2025-07-15,101.54000091552734,102.19000244140625,100.61000061035156,101.06999969482422,9190600.0,101.06999969482422,0.0
LRCX,2025-07-16,97.72000122070312,100.41999816894531,96.19000244140625,100.37000274658203,15369700.0,100.37000274658203,0.0
LRCX,2025-07-17,99.45999908447266,101.37999725341797,98.26000213623047,100.79000091552734,9745900.0,100.79000091552734,0.0
LRCX,2025-07-18,101.23999786376953,101.7300033569336,100.36000061035156,100.66000366210938,8115500.0,100.66000366210938,0.0
LRCX,2025-07-21,100.87999725341797,102.58999633789062,100.7300033569336,101.73999786376953,7026700.0,101.73999786376953,0.0
LRCX,2025-07-22,101.0,101.12000274658203,97.04000091552734,97.69000244140625,14170100.0,97.69000244140625,0.0
LRCX,2025-07-23,98.26000213623047,98.37999725341797,96.4000015258789,97.0999984741211,12013900.0,97.0999984741211,0.0
LRCX,2025-07-24,97.56999969482422,98.62000274658203,97.02999877929688,97.77999877929688,9076600.0,97.77999877929688,0.0
LRCX,2025-07-25,96.69999694824219,97.33000183105469,96.31999969482422,96.95999908447266,8914400.0,96.95999908447266,0.0
LRCX,2025-07-28,98.9800033569336,99.52999877929688,97.91999816894531,98.62000274658203,8156100.0,98.62000274658203,0.0
LRCX,2025-07-29,99.38999938964844,100.22000122070312,98.02999877929688,98.94000244140625,7283700.0,98.94000244140625,0.0
LRCX,2025-07-30,99.5199966430664,100.6500015258789,97.94999694824219,99.08999633789062,12529400.0,99.08999633789062,0.0
LRCX,2025-07-31,91.0199966430664,95.62999725341797,90.94000244140625,94.83999633789062,27661800.0,94.83999633789062,0.0
LRCX,2025-08-01,92.70999908447266,96.66000366210938,92.47000122070312,96.37000274658203,16601000.0,96.37000274658203,0.0
LRCX,2025-08-04,97.43000030517578,98.80999755859375,96.63999938964844,98.41000366210938,11876700.0,98.41000366210938,0.0
LRCX,2025-08-05,98.77999877929688,99.3499984741211,95.62000274658203,96.68000030517578,12100100.0,96.68000030517578,0.0
LRCX,2025-08-06,96.30000305175781,96.47000122070312,94.2699966430664,95.94000244140625,10631900.0,95.94000244140625,0.0
LRCX,2025-08-07,98.5999984741211,100.19000244140625,97.97000122070312,99.1500015258789,9572300.0,99.1500015258789,0.0
LRCX,2025-08-08,99.1500015258789,102.2300033569336,98.98999786376953,101.75,8765100.0,101.75,0.0
LRCX,2025-08-11,103.9000015258789,104.1500015258789,101.70999908447266,102.0,8637000.0,102.0,0.0
LRCX,2025-08-12,102.6500015258789,105.63999938964844,101.38999938964844,105.27999877929688,11885800.0,105.27999877929688,0.0
LRCX,2025-08-13,106.5,107.48999786376953,105.44999694824219,106.73999786376953,12118600.0,106.73999786376953,0.0
LRCX,2025-08-14,106.19999694824219,108.0199966430664,105.58999633789062,107.37999725341797,11163800.0,107.37999725341797,0.0
LRCX,2025-08-15,104.68000030517578,105.88999938964844,99.26000213623047,99.51000213623047,23155700.0,99.51000213623047,0.0
LRCX,2025-08-18,99.0,99.80000305175781,98.4000015258789,98.87999725341797,15119300.0,98.87999725341797,0.0
LRCX,2025-08-19,98.83000183105469,100.62999725341797,98.19999694824219,100.33000183105469,11622900.0,100.33000183105469,0.0
LRCX,2025-08-20,100.98999786376953,101.0199966430664,97.31999969482422,99.1500015258789,14287700.0,99.1500015258789,0.0
LRCX,2025-08-21,98.76000213623047,99.8499984741211,97.13999938964844,98.41000366210938,10706500.0,98.41000366210938,0.0
LRCX,2025-08-22,99.05000305175781,102.55000305175781,98.58999633789062,100.08000183105469,9689700.0,100.08000183105469,0.0
LRCX,2025-08-25,99.9800033569336,101.75,99.9000015258789,101.27999877929688,5438500.0,101.27999877929688,0.0
LRCX,2025-08-26,101.30000305175781,103.98999786376953,101.0999984741211,103.62999725341797,11781100.0,103.62999725341797,0.0
LRCX,2025-08-27,103.16999816894531,103.77999877929688,102.37000274658203,103.66999816894531,7214700.0,103.66999816894531,0.0
LRCX,2025-08-28,104.0,104.9000015258789,102.95999908447266,104.08999633789062,7375200.0,104.08999633789062,0.0
LRCX,2025-08-29,101.91000366210938,102.69000244140625,98.80999755859375,100.1500015258789,12178800.0,100.1500015258789,0.0
LRCX,2025-09-02,95.7699966430664,97.2699966430664,94.11000061035156,97.02999877929688,14695200.0,97.02999877929688,0.0
LRCX,2025-09-03,97.02999877929688,97.86000061035156,96.44000244140625,97.73999786376953,11023300.0,97.73999786376953,0.0
LRCX,2025-09-04,97.66000366210938,101.11000061035156,97.16000366210938,100.41999816894531,8822400.0,100.41999816894531,0.0
LRCX,2025-09-05,101.69999694824219,103.01000213623047,100.68000030517578,102.94999694824219,8142000.0,102.94999694824219,0.0
LRCX,2025-09-08,105.01000213623047,106.37000274658203,104.4800033569336,105.06999969482422,7972700.0,105.06999969482422,0.0
LRCX,2025-09-09,104.91000366210938,105.81999969482422,104.45999908447266,105.56999969482422,7264300.0,105.56999969482422,0.0
LRCX,2025-09-10,106.69999694824219,107.77999877929688,104.61000061035156,107.36000061035156,12279400.0,107.36000061035156,0.0
LRCX,2025-09-11,108.3499984741211,115.9000015258789,108.29000091552734,115.58000183105469,20296100.0,115.58000183105469,0.0
LRCX,2025-09-12,115.91999816894531,117.5,115.87999725341797,116.95999908447266,11060500.0,116.95999908447266,0.0
LRCX,2025-09-15,117.80000305175781,119.33000183105469,117.02999877929688,119.20999908447266,9772000.0,119.20999908447266,0.0
LRCX,2025-09-16 16:00:01-04:00,119.91000366210938,120.91999816894531,118.66999816894531,120.47000122070312,9893351.0,120.47000122070312,0.0
ADBE,2025-03-17,394.1199951171875,399.94000244140625,387.1300048828125,399.3399963378906,4258500.0,399.3399963378906,0.0
ADBE,2025-03-18,395.3599853515625,395.95001220703125,384.57000732421875,391.3699951171875,4297300.0,391.3699951171875,0.0
ADBE,2025-03-19,394.1000061035156,395.260009765625,387.0,387.8900146484375,4349900.0,387.8900146484375,0.0
ADBE,2025-03-20,386.8999938964844,397.82000732421875,385.79998779296875,389.6099853515625,4009500.0,389.6099853515625,0.0
ADBE,2025-03-21,384.1300048828125,389.8500061035156,382.45001220703125,387.260009765625,7607300.0,387.260009765625,0.0
ADBE,2025-03-24,392.4700012207031,396.8599853515625,391.3800048828125,394.4700012207031,5223000.0,394.4700012207031,0.0
ADBE,2025-03-25,393.57000732421875,404.32000732421875,392.989990234375,403.6400146484375,3648600.0,403.6400146484375,0.0
ADBE,2025-03-26,403.0,404.5,397.010009765625,397.80999755859375,3425000.0,397.80999755859375,0.0
ADBE,2025-03-27,397.44000244140625,401.4800109863281,392.510009765625,396.1499938964844,2729700.0,396.1499938964844,0.0
ADBE,2025-03-28,393.8900146484375,396.9200134277344,384.760009765625,385.7099914550781,3830300.0,385.7099914550781,0.0
ADBE,2025-03-31,380.0,384.79998779296875,374.6700134277344,383.5299987792969,3960700.0,383.5299987792969,0.0
ADBE,2025-04-01,381.1300048828125,384.0,375.5299987792969,383.20001220703125,3847800.0,383.20001220703125,0.0
ADBE,2025-04-02,378.2799987792969,388.0,376.5400085449219,385.7799987792969,2859100.0,385.7799987792969,0.0
ADBE,2025-04-03,371.8800048828125,376.010009765625,366.2900085449219,367.25,5324400.0,367.25,0.0
ADBE,2025-04-04,359.0,361.7300109863281,348.79998779296875,349.07000732421875,5867600.0,349.07000732421875,0.0
ADBE,2025-04-07,335.5400085449219,358.3599853515625,332.010009765625,340.70001220703125,7690900.0,340.70001220703125,0.0
ADBE,2025-04-08,350.1000061035156,350.739990234375,333.8299865722656,340.0,6650800.0,340.0,0.0
ADBE,2025-04-09,338.739990234375,365.7200012207031,333.42999267578125,364.6400146484375,7186300.0,364.6400146484375,0.0
ADBE,2025-04-10,360.9700012207031,362.5,341.5199890136719,350.04998779296875,5695000.0,350.04998779296875,0.0
ADBE,2025-04-11,351.44000244140625,353.1000061035156,342.3500061035156,352.4700012207031,3941800.0,352.4700012207031,0.0
ADBE,2025-04-14,359.510009765625,362.04998779296875,348.5,350.9100036621094,3286000.0,350.9100036621094,0.0
ADBE,2025-04-15,351.04998779296875,356.489990234375,349.19000244140625,350.3800048828125,3030400.0,350.3800048828125,0.0
ADBE,2025-04-16,345.0,350.3800048828125,341.30999755859375,344.19000244140625,3687900.0,344.19000244140625,0.0
ADBE,2025-04-17,349.75,351.8800048828125,345.0899963378906,348.79998779296875,5229700.0,348.79998779296875,0.0
ADBE,2025-04-21,344.57000732421875,346.67999267578125,338.6400146484375,343.2200012207031,3691200.0,343.2200012207031,0.0
ADBE,2025-04-22,349.1400146484375,352.0799865722656,344.3699951171875,349.9100036621094,3250400.0,349.9100036621094,0.0
ADBE,2025-04-23,358.1199951171875,363.0,349.79998779296875,351.9599914550781,3168000.0,351.9599914550781,0.0
ADBE,2025-04-24,353.5899963378906,361.1199951171875,353.25,360.9100036621094,3085100.0,360.9100036621094,0.0
ADBE,2025-04-25,361.70001220703125,369.30999755859375,359.989990234375,367.7200012207031,3499300.0,367.7200012207031,0.0
ADBE,2025-04-28,368.04998779296875,370.989990234375,364.5799865722656,368.6199951171875,3163400.0,368.6199951171875,0.0
ADBE,2025-04-29,367.2099914550781,373.8800048828125,366.8800048828125,370.9800109863281,2198300.0,370.9800109863281,0.0
ADBE,2025-04-30,366.8699951171875,376.0,363.55999755859375,374.9800109863281,3305500.0,374.9800109863281,0.0
ADBE,2025-05-01,378.29998779296875,380.44000244140625,374.07000732421875,374.6300048828125,2848800.0,374.6300048828125,0.0
ADBE,2025-05-02,380.0899963378906,383.55999755859375,379.19000244140625,380.8699951171875,2340700.0,380.8699951171875,0.0
ADBE,2025-05-05,379.2900085449219,384.5400085449219,378.3999938964844,381.05999755859375,2095600.0,381.05999755859375,0.0
ADBE,2025-05-06,376.57000732421875,386.5199890136719,375.04998779296875,382.9800109863281,2970100.0,382.9800109863281,0.0
ADBE,2025-05-07,384.70001220703125,387.8299865722656,380.95001220703125,384.9700012207031,2153000.0,384.9700012207031,0.0
ADBE,2025-05-08,388.29998779296875,388.7300109863281,383.3999938964844,383.989990234375,3383900.0,383.989990234375,0.0
ADBE,2025-05-09,386.17999267578125,388.7699890136719,382.3299865722656,383.2799987792969,2031300.0,383.2799987792969,0.0
ADBE,2025-05-12,394.3299865722656,397.82000732421875,392.760009765625,395.94000244140625,3157700.0,395.94000244140625,0.0
ADBE,2025-05-13,395.8999938964844,399.6700134277344,394.7099914550781,397.3999938964844,2664100.0,397.3999938964844,0.0
ADBE,2025-05-14,396.8500061035156,400.1199951171875,396.4200134277344,399.4700012207031,2409200.0,399.4700012207031,0.0
ADBE,2025-05-15,399.3500061035156,404.8500061035156,399.3500061035156,404.69000244140625,2763800.0,404.69000244140625,0.0
ADBE,2025-05-16,414.6199951171875,421.7699890136719,412.05999755859375,417.1300048828125,5391500.0,417.1300048828125,0.0
ADBE,2025-05-19,413.5299987792969,421.2699890136719,413.20001220703125,420.67999267578125,3008000.0,420.67999267578125,0.0
ADBE,2025-05-20,417.8699951171875,419.1300048828125,414.2900085449219,417.6099853515625,2453000.0,417.6099853515625,0.0
ADBE,2025-05-21,414.8599853515625,422.95001220703125,412.5899963378906,414.0299987792969,2495800.0,414.0299987792969,0.0
ADBE,2025-05-22,412.510009765625,417.8999938964844,412.510009765625,414.3299865722656,1889500.0,414.3299865722656,0.0
ADBE,2025-05-23,409.1099853515625,411.45001220703125,407.1499938964844,407.69000244140625,2087700.0,407.69000244140625,0.0
ADBE,2025-05-27,412.760009765625,414.95001220703125,411.6000061035156,413.1000061035156,2680400.0,413.1000061035156,0.0
ADBE,2025-05-28,413.80999755859375,416.3699951171875,411.4200134277344,412.2300109863281,2246500.0,412.2300109863281,0.0
ADBE,2025-05-29,414.0,415.4200134277344,410.4700012207031,413.3599853515625,1780400.0,413.3599853515625,0.0
ADBE,2025-05-30,414.1400146484375,417.8599853515625,411.5299987792969,415.0899963378906,4231300.0,415.0899963378906,0.0
ADBE,2025-06-02,408.8800048828125,410.0,396.7300109863281,403.3999938964844,4153700.0,403.3999938964844,0.0
ADBE,2025-06-03,403.4599914550781,412.6400146484375,402.4800109863281,412.489990234375,2737500.0,412.489990234375,0.0
ADBE,2025-06-04,411.5400085449219,415.94000244140625,410.0799865722656,413.9100036621094,1843400.0,413.9100036621094,0.0
ADBE,2025-06-05,415.0,421.4800109863281,413.9800109863281,415.20001220703125,2275500.0,415.20001220703125,0.0
ADBE,2025-06-06,417.5400085449219,419.6499938964844,415.2799987792969,416.9200134277344,2146900.0,416.9200134277344,0.0
ADBE,2025-06-09,417.29998779296875,419.0,415.1499938964844,416.260009765625,3034200.0,416.260009765625,0.0
ADBE,2025-06-10,416.6099853515625,419.82000732421875,414.4200134277344,416.05999755859375,2627400.0,416.05999755859375,0.0
ADBE,2025-06-11,415.20001220703125,416.0400085449219,410.4200134277344,412.8399963378906,3385400.0,412.8399963378906,0.0
ADBE,2025-06-12,411.42999267578125,416.3900146484375,410.7699890136719,413.67999267578125,6313300.0,413.67999267578125,0.0
ADBE,2025-06-13,392.5,399.8500061035156,383.75,391.67999267578125,10629700.0,391.67999267578125,0.0
ADBE,2025-06-16,392.989990234375,405.0,391.1099853515625,401.7300109863281,6798300.0,401.7300109863281,0.0
ADBE,2025-06-17,397.2799987792969,399.6700134277344,381.79998779296875,382.67999267578125,6866300.0,382.67999267578125,0.0
ADBE,2025-06-18,383.989990234375,385.2699890136719,377.5400085449219,378.0400085449219,4808900.0,378.0400085449219,0.0
ADBE,2025-06-20,380.4800109863281,382.2900085449219,373.760009765625,376.9200134277344,8126900.0,376.9200134277344,0.0
ADBE,2025-06-23,377.5899963378906,380.2099914550781,374.239990234375,380.1199951171875,3841800.0,380.1199951171875,0.0
ADBE,2025-06-24,384.9599914550781,385.0,378.510009765625,382.3399963378906,4797100.0,382.3399963378906,0.0
ADBE,2025-06-25,383.6000061035156,388.04998779296875,382.0,387.54998779296875,3718800.0,387.54998779296875,0.0
ADBE,2025-06-26,387.20001220703125,389.989990234375,382.8699951171875,384.95001220703125,3139700.0,384.95001220703125,0.0
ADBE,2025-06-27,385.44000244140625,390.30999755859375,384.4100036621094,385.8299865722656,5083800.0,385.8299865722656,0.0
ADBE,2025-06-30,387.29998779296875,390.9800109863281,384.6300048828125,386.8800048828125,4645500.0,386.8800048828125,0.0
ADBE,2025-07-01,385.1000061035156,392.5799865722656,381.5199890136719,392.1000061035156,4516400.0,392.1000061035156,0.0
ADBE,2025-07-02,384.6400146484375,386.8800048828125,372.7300109863281,378.4700012207031,6912200.0,378.4700012207031,0.0
ADBE,2025-07-03,378.0,383.20001220703125,377.79998779296875,379.30999755859375,2863700.0,379.30999755859375,0.0
ADBE,2025-07-07,378.8999938964844,382.2200012207031,375.5199890136719,376.92999267578125,3545100.0,376.92999267578125,0.0
ADBE,2025-07-08,378.5,386.6000061035156,377.17999267578125,382.239990234375,3708200.0,382.239990234375,0.0
ADBE,2025-07-09,383.5,384.75,370.9100036621094,373.3800048828125,4726600.0,373.3800048828125,0.0
ADBE,2025-07-10,371.989990234375,373.5,365.510009765625,371.42999267578125,4022500.0,371.42999267578125,0.0
ADBE,2025-07-11,368.0,371.1499938964844,362.70001220703125,363.3500061035156,3548700.0,363.3500061035156,0.0
ADBE,2025-07-14,363.19000244140625,367.67999267578125,360.17999267578125,366.989990234375,2898700.0,366.989990234375,0.0
ADBE,2025-07-15,367.0,368.32000732421875,363.8800048828125,364.17999267578125,2551000.0,364.17999267578125,0.0
ADBE,2025-07-16,364.5899963378906,365.54998779296875,358.7099914550781,361.7699890136719,3592900.0,361.7699890136719,0.0
ADBE,2025-07-17,360.6000061035156,366.9599914550781,359.2799987792969,366.45001220703125,3340500.0,366.45001220703125,0.0
ADBE,2025-07-18,367.07000732421875,367.7900085449219,364.0,365.7900085449219,2459200.0,365.7900085449219,0.0
ADBE,2025-07-21,366.489990234375,368.2799987792969,363.1300048828125,367.67999267578125,2770400.0,367.67999267578125,0.0
ADBE,2025-07-22,368.0,374.5,368.0,372.8699951171875,2449000.0,372.8699951171875,0.0
ADBE,2025-07-23,373.489990234375,373.989990234375,369.260009765625,372.4599914550781,1994600.0,372.4599914550781,0.0
ADBE,2025-07-24,371.8999938964844,376.0,370.6099853515625,371.69000244140625,2692100.0,371.69000244140625,0.0
ADBE,2025-07-25,372.30999755859375,372.4100036621094,369.510009765625,370.739990234375,2053200.0,370.739990234375,0.0
ADBE,2025-07-28,371.0299987792969,372.5899963378906,368.7200012207031,369.4700012207031,2984200.0,369.4700012207031,0.0
ADBE,2025-07-29,370.45001220703125,376.1600036621094,369.7099914550781,370.70001220703125,4234200.0,370.70001220703125,0.0
ADBE,2025-07-30,370.67999267578125,370.7200012207031,363.4800109863281,364.0,3295200.0,364.0,0.0
ADBE,2025-07-31,362.260009765625,362.5,354.2699890136719,357.69000244140625,4513100.0,357.69000244140625,0.0
ADBE,2025-08-01,355.95001220703125,356.2900085449219,347.4599914550781,347.79998779296875,4307900.0,347.79998779296875,0.0
ADBE,2025-08-04,351.1600036621094,351.2099914550781,338.0400085449219,338.8500061035156,6449300.0,338.8500061035156,0.0
ADBE,2025-08-05,339.30999755859375,342.739990234375,337.3500061035156,338.739990234375,3909000.0,338.739990234375,0.0
ADBE,2025-08-06,341.6499938964844,345.6600036621094,339.19000244140625,345.6199951171875,3347200.0,345.6199951171875,0.0
ADBE,2025-08-07,344.0400085449219,347.3800048828125,332.6499938964844,338.2699890136719,4661800.0,338.2699890136719,0.0
ADBE,2025-08-08,338.67999267578125,341.57000732421875,336.3699951171875,341.04998779296875,3507800.0,341.04998779296875,0.0
ADBE,2025-08-11,334.5299987792969,343.3999938964844,332.4700012207031,333.6499938964844,4366200.0,333.6499938964844,0.0
ADBE,2025-08-12,333.5199890136719,338.760009765625,330.0400085449219,338.42999267578125,3569400.0,338.42999267578125,0.0
ADBE,2025-08-13,339.5400085449219,351.760009765625,337.54998779296875,351.07000732421875,4375100.0,351.07000732421875,0.0
ADBE,2025-08-14,349.5,351.55999755859375,346.1000061035156,348.5799865722656,3745600.0,348.5799865722656,0.0
ADBE,2025-08-15,348.3299865722656,357.2900085449219,348.0,354.8500061035156,3718700.0,354.8500061035156,0.0
ADBE,2025-08-18,355.67999267578125,358.3900146484375,353.0,357.239990234375,2923000.0,357.239990234375,0.0
ADBE,2025-08-19,359.2200012207031,364.239990234375,358.1199951171875,361.0299987792969,2808000.0,361.0299987792969,0.0
ADBE,2025-08-20,361.67999267578125,363.0,353.20001220703125,353.42999267578125,3727900.0,353.42999267578125,0.0
ADBE,2025-08-21,349.9100036621094,353.82000732421875,347.0,353.42999267578125,2363200.0,353.42999267578125,0.0
ADBE,2025-08-22,355.79998779296875,362.6499938964844,354.0,362.0899963378906,3058600.0,362.0899963378906,0.0
ADBE,2025-08-25,362.55999755859375,364.6499938964844,361.3999938964844,363.2099914550781,2259500.0,363.2099914550781,0.0
ADBE,2025-08-26,363.0299987792969,363.2300109863281,353.70001220703125,354.9100036621094,4067400.0,354.9100036621094,0.0
ADBE,2025-08-27,355.9800109863281,360.3699951171875,355.1600036621094,356.3500061035156,2353800.0,356.3500061035156,0.0
ADBE,2025-08-28,357.6300048828125,358.260009765625,349.1099853515625,353.9599914550781,3803100.0,353.9599914550781,0.0
ADBE,2025-08-29,354.0,357.25,352.4599914550781,356.70001220703125,2639300.0,356.70001220703125,0.0
ADBE,2025-09-02,350.239990234375,352.7099914550781,341.2799987792969,345.6300048828125,4229400.0,345.6300048828125,0.0
ADBE,2025-09-03,345.7200012207031,348.510009765625,343.3599853515625,348.5,3035300.0,348.5,0.0
ADBE,2025-09-04,342.239990234375,344.4100036621094,331.5,344.30999755859375,4918300.0,344.30999755859375,0.0
ADBE,2025-09-05,345.80999755859375,354.6700134277344,345.1000061035156,348.9700012207031,4662600.0,348.9700012207031,0.0
ADBE,2025-09-08,348.8599853515625,358.82000732421875,343.5899963378906,358.6600036621094,5043300.0,358.6600036621094,0.0
ADBE,2025-09-09,362.75,362.75,353.0299987792969,354.05999755859375,4324900.0,354.05999755859375,0.0
ADBE,2025-09-10,356.2900085449219,359.19000244140625,348.1199951171875,350.1600036621094,4552500.0,350.1600036621094,0.0
ADBE,2025-09-11,354.69000244140625,355.25,347.1600036621094,350.54998779296875,11804200.0,350.54998779296875,0.0
ADBE,2025-09-12,361.1000061035156,366.5,341.6099853515625,349.3599853515625,14146600.0,349.3599853515625,0.0
ADBE,2025-09-16 16:00:01-04:00,350.1549987792969,356.94000244140625,348.3172912597656,352.7300109863281,6683180.0,352.7300109863281,0.0
ACN,2025-03-17,320.0,326.7300109863281,319.6000061035156,325.7099914550781,3518100.0,322.4899597167969,0.0
ACN,2025-03-18,323.6400146484375,325.04998779296875,319.489990234375,324.07000732421875,2811300.0,320.8661804199219,0.0
ACN,2025-03-19,325.19000244140625,326.7300109863281,321.07000732421875,324.4700012207031,4314100.0,321.26220703125,0.0
ACN,2025-03-20,296.1499938964844,306.8500061035156,291.510009765625,300.9100036621094,10699500.0,297.9351501464844,0.0
ACN,2025-03-21,298.04998779296875,305.6000061035156,295.5799865722656,305.32000732421875,11735300.0,302.30157470703125,0.0
ACN,2025-03-24,308.1000061035156,310.4599914550781,305.17999267578125,307.17999267578125,3793200.0,304.1431579589844,0.0
ACN,2025-03-25,307.54998779296875,312.4700012207031,305.4200134277344,308.8999938964844,3890400.0,305.8461608886719,0.0
ACN,2025-03-26,309.0299987792969,312.75,309.0199890136719,311.1600036621094,3669700.0,308.08380126953125,0.0
ACN,2025-03-27,309.2200012207031,313.0,307.4800109863281,308.5299987792969,2871000.0,305.4798278808594,0.0
ACN,2025-03-28,308.3800048828125,310.07000732421875,303.8399963378906,304.3299865722656,2377500.0,301.3213195800781,0.0
ACN,2025-03-31,302.45001220703125,313.1099853515625,300.3999938964844,312.0400085449219,5511900.0,308.9551086425781,0.0
ACN,2025-04-01,311.6000061035156,316.0199890136719,310.9800109863281,313.5799865722656,3503900.0,310.4798583984375,0.0
ACN,2025-04-02,309.75,318.0,309.75,316.3299865722656,4123000.0,313.2026672363281,0.0
ACN,2025-04-03,308.0,311.7900085449219,300.9700012207031,301.4599914550781,3614800.0,298.4797058105469,0.0
ACN,2025-04-04,296.79998779296875,299.04998779296875,284.6000061035156,285.05999755859375,4659000.0,282.2418212890625,0.0
ACN,2025-04-07,278.94000244140625,293.0400085449219,275.010009765625,284.7200012207031,6333600.0,281.9051818847656,0.0
ACN,2025-04-08,290.2900085449219,293.0299987792969,276.67999267578125,281.3900146484375,4730400.0,278.608154296875,0.0
ACN,2025-04-09,280.0,300.45001220703125,278.9200134277344,299.94000244140625,6702200.0,296.9747314453125,0.0
ACN,2025-04-10,292.4700012207031,296.1000061035156,278.3399963378906,285.2200012207031,4578600.0,283.8006286621094,1.48
ACN,2025-04-11,282.5799865722656,286.29998779296875,276.7300109863281,284.3399963378906,5019500.0,282.92498779296875,0.0
ACN,2025-04-14,289.9200134277344,293.260009765625,286.6400146484375,289.7900085449219,3299300.0,288.3478698730469,0.0
ACN,2025-04-15,288.9100036621094,292.0799865722656,287.3399963378906,288.6600036621094,3273200.0,287.2235107421875,0.0
ACN,2025-04-16,289.45001220703125,292.5,283.739990234375,285.239990234375,3183900.0,283.82049560546875,0.0
ACN,2025-04-17,285.5199890136719,286.6700134277344,281.7699890136719,282.3500061035156,2321500.0,280.9449157714844,0.0
ACN,2025-04-21,282.3399963378906,282.3399963378906,275.9800109863281,279.2300109863281,2835500.0,277.8404235839844,0.0
ACN,2025-04-22,281.3999938964844,285.1000061035156,280.1499938964844,283.9599914550781,2499500.0,282.546875,0.0
ACN,2025-04-23,294.6499938964844,296.94000244140625,286.9700012207031,288.1600036621094,2763100.0,286.7259826660156,0.0
ACN,2025-04-24,285.0,291.760009765625,284.739990234375,291.4100036621094,3271400.0,289.9598083496094,0.0
ACN,2025-04-25,291.5199890136719,294.010009765625,289.0199890136719,293.3900146484375,2919200.0,291.9299621582031,0.0
ACN,2025-04-28,294.5199890136719,296.05999755859375,289.8900146484375,293.25,1865200.0,291.7906494140625,0.0
ACN,2025-04-29,295.6199951171875,299.0400085449219,294.79998779296875,298.4700012207031,3251900.0,296.98468017578125,0.0
ACN,2025-04-30,295.2699890136719,299.54998779296875,291.7099914550781,299.1499938964844,2834700.0,297.6612854003906,0.0
ACN,2025-05-01,300.80999755859375,304.760009765625,298.5,300.5299987792969,2848600.0,299.034423828125,0.0
ACN,2025-05-02,305.0,306.3399963378906,303.8699951171875,305.3299865722656,1810000.0,303.8105163574219,0.0
ACN,2025-05-05,303.42999267578125,309.4100036621094,303.4100036621094,307.7099914550781,3548600.0,306.1786804199219,0.0
ACN,2025-05-06,303.8599853515625,305.95001220703125,303.20001220703125,303.79998779296875,2719400.0,302.28814697265625,0.0
ACN,2025-05-07,304.79998779296875,308.0899963378906,303.4700012207031,306.0899963378906,2647700.0,304.5667419433594,0.0
ACN,2025-05-08,309.0,313.25,308.0,308.8800048828125,2861600.0,307.3428649902344,0.0
ACN,2025-05-09,310.0299987792969,311.5899963378906,306.70001220703125,307.8999938964844,1844400.0,306.36773681640625,0.0
ACN,2025-05-12,316.4700012207031,322.4700012207031,315.3599853515625,322.0899963378906,3271300.0,320.48712158203125,0.0
ACN,2025-05-13,321.9200134277344,325.7099914550781,321.55999755859375,322.5299987792969,2775500.0,320.9249572753906,0.0
ACN,2025-05-14,321.5400085449219,322.1000061035156,317.8999938964844,320.4100036621094,2417100.0,318.81549072265625,0.0
ACN,2025-05-15,320.2200012207031,324.0,319.760009765625,323.2099914550781,3050400.0,321.6015625,0.0
ACN,2025-05-16,317.4200134277344,318.05999755859375,309.7300109863281,317.69000244140625,3968000.0,316.1090393066406,0.0
ACN,2025-05-19,315.7900085449219,320.8900146484375,315.07000732421875,319.3900146484375,2247300.0,317.80059814453125,0.0
ACN,2025-05-20,318.4599914550781,320.3299865722656,317.3900146484375,320.17999267578125,2930500.0,318.5866394042969,0.0
ACN,2025-05-21,317.0400085449219,322.8599853515625,316.4200134277344,317.7200012207031,2788000.0,316.1388854980469,0.0
ACN,2025-05-22,317.510009765625,319.19000244140625,316.0400085449219,316.45001220703125,2996600.0,314.8752136230469,0.0
ACN,2025-05-23,311.1099853515625,311.7300109863281,307.8699951171875,309.5799865722656,2947200.0,308.03936767578125,0.0
ACN,2025-05-27,313.5199890136719,315.70001220703125,312.010009765625,315.42999267578125,3248900.0,313.8602600097656,0.0
ACN,2025-05-28,314.75,317.3900146484375,314.04998779296875,315.989990234375,3437600.0,314.41748046875,0.0
ACN,2025-05-29,317.5199890136719,318.4200134277344,314.7799987792969,317.7300109863281,2557800.0,316.1488342285156,0.0
ACN,2025-05-30,318.1600036621094,318.989990234375,314.0899963378906,316.82000732421875,4012700.0,315.2433776855469,0.0
ACN,2025-06-02,313.6300048828125,314.94000244140625,311.2099914550781,314.4700012207031,2340400.0,312.9050598144531,0.0
ACN,2025-06-03,313.0,313.989990234375,310.6000061035156,312.8999938964844,3678200.0,311.3428649902344,0.0
ACN,2025-06-04,315.1099853515625,316.7900085449219,314.3900146484375,316.3999938964844,2337800.0,314.825439453125,0.0
ACN,2025-06-05,317.29998779296875,317.9599914550781,313.4100036621094,315.3800048828125,3787400.0,313.810546875,0.0
ACN,2025-06-06,318.4200134277344,320.1499938964844,316.3800048828125,317.6499938964844,2309500.0,316.0692138671875,0.0
ACN,2025-06-09,318.010009765625,319.2300109863281,316.0400085449219,316.6199951171875,2291300.0,315.0443420410156,0.0
ACN,2025-06-10,317.57000732421875,321.69000244140625,317.0,320.9200134277344,2356100.0,319.3229675292969,0.0
ACN,2025-06-11,320.9200134277344,321.7699890136719,317.8399963378906,319.2200012207031,1859000.0,317.63140869140625,0.0
ACN,2025-06-12,317.5,318.6199951171875,316.1099853515625,318.1300048828125,2194500.0,316.5468444824219,0.0
ACN,2025-06-13,314.32000732421875,317.30999755859375,311.2799987792969,311.7099914550781,3102600.0,310.1587829589844,0.0
ACN,2025-06-16,314.3299865722656,317.04998779296875,312.82000732421875,314.3299865722656,2930000.0,312.7657470703125,0.0
ACN,2025-06-17,312.9700012207031,315.95001220703125,311.8500061035156,312.0299987792969,2533800.0,310.4772033691406,0.0
ACN,2025-06-18,314.20001220703125,314.20001220703125,305.8699951171875,306.3800048828125,4593100.0,304.8553161621094,0.0
ACN,2025-06-20,281.42999267578125,288.8699951171875,273.19000244140625,285.3699951171875,11697400.0,283.9498596191406,0.0
ACN,2025-06-23,286.0,295.3299865722656,284.2300109863281,295.0,5454900.0,293.5319519042969,0.0
ACN,2025-06-24,295.67999267578125,301.6499938964844,295.010009765625,300.7200012207031,4940500.0,299.2234802246094,0.0
ACN,2025-06-25,301.0,301.6499938964844,294.3500061035156,294.6000061035156,3164500.0,293.1339416503906,0.0
ACN,2025-06-26,296.5899963378906,296.9599914550781,292.6000061035156,296.0799865722656,3634000.0,294.6065673828125,0.0
ACN,2025-06-27,295.8800048828125,296.70001220703125,292.989990234375,295.4599914550781,4159500.0,293.9896545410156,0.0
ACN,2025-06-30,296.739990234375,299.010009765625,295.739990234375,298.8900146484375,3136800.0,297.402587890625,0.0
ACN,2025-07-01,298.1199951171875,304.19000244140625,297.92999267578125,302.6199951171875,3565600.0,301.114013671875,0.0
ACN,2025-07-02,303.1700134277344,303.1700134277344,298.32000732421875,302.2900085449219,2748500.0,300.7856750488281,0.0
ACN,2025-07-03,303.0,305.29998779296875,302.2900085449219,304.7799987792969,1616100.0,303.2632751464844,0.0
ACN,2025-07-07,303.5299987792969,304.7900085449219,299.2900085449219,300.5400085449219,2753300.0,299.04437255859375,0.0
ACN,2025-07-08,301.75,307.7699890136719,300.510009765625,303.3299865722656,2890500.0,301.8204650878906,0.0
ACN,2025-07-09,303.1600036621094,304.19000244140625,294.7900085449219,297.3999938964844,3177400.0,295.91998291015625,0.0
ACN,2025-07-10,292.0400085449219,292.6000061035156,285.7900085449219,288.3599853515625,5197200.0,288.3599853515625,1.48
ACN,2025-07-11,287.2099914550781,287.739990234375,280.42999267578125,281.05999755859375,5077100.0,281.05999755859375,0.0
ACN,2025-07-14,280.69000244140625,280.94000244140625,276.95001220703125,279.989990234375,4281800.0,279.989990234375,0.0
ACN,2025-07-15,281.0400085449219,281.1099853515625,275.9599914550781,276.07000732421875,3970300.0,276.07000732421875,0.0
ACN,2025-07-16,276.75,280.2699890136719,276.0299987792969,279.6700134277344,3176400.0,279.6700134277344,0.0
ACN,2025-07-17,280.75,283.1300048828125,278.25,282.70001220703125,3513000.0,282.70001220703125,0.0
ACN,2025-07-18,283.239990234375,283.82000732421875,280.6400146484375,282.44000244140625,4207400.0,282.44000244140625,0.0
ACN,2025-07-21,283.5199890136719,284.6000061035156,282.17999267578125,282.45001220703125,2955600.0,282.45001220703125,0.0
ACN,2025-07-22,281.79998779296875,287.07000732421875,281.79998779296875,286.9599914550781,3614500.0,286.9599914550781,0.0
ACN,2025-07-23,289.739990234375,291.0,285.7799987792969,286.0400085449219,2953400.0,286.0400085449219,0.0
ACN,2025-07-24,281.7799987792969,284.3999938964844,279.2699890136719,281.7099914550781,3952800.0,281.7099914550781,0.0
ACN,2025-07-25,281.79998779296875,284.29998779296875,280.55999755859375,283.1499938964844,2632300.0,283.1499938964844,0.0
ACN,2025-07-28,280.19000244140625,280.989990234375,275.7099914550781,277.0400085449219,3693900.0,277.0400085449219,0.0
ACN,2025-07-29,277.45001220703125,278.9599914550781,276.5400085449219,278.8999938964844,3492600.0,278.8999938964844,0.0
ACN,2025-07-30,278.5,278.69000244140625,272.3900146484375,274.0,4272700.0,274.0,0.0
ACN,2025-07-31,271.0,273.8800048828125,266.1300048828125,267.1000061035156,4794100.0,267.1000061035156,0.0
ACN,2025-08-01,264.6300048828125,265.1099853515625,254.1999969482422,255.3699951171875,6042400.0,255.3699951171875,0.0
ACN,2025-08-04,258.0799865722656,259.1400146484375,256.6099853515625,258.7799987792969,3470600.0,258.7799987792969,0.0
ACN,2025-08-05,255.74000549316406,255.8000030517578,245.74000549316406,247.07000732421875,10175900.0,247.07000732421875,0.0
ACN,2025-08-06,247.6999969482422,248.08999633789062,244.0,247.5399932861328,8064700.0,247.5399932861328,0.0
ACN,2025-08-07,248.1999969482422,251.3300018310547,239.82000732421875,241.72000122070312,7246300.0,241.72000122070312,0.0
ACN,2025-08-08,242.66000366210938,242.9199981689453,238.02999877929688,239.1999969482422,3810900.0,239.1999969482422,0.0
ACN,2025-08-11,238.0,241.82000732421875,236.9600067138672,238.61000061035156,4675000.0,238.61000061035156,0.0
ACN,2025-08-12,238.92999267578125,242.4199981689453,236.6699981689453,237.8699951171875,4832300.0,237.8699951171875,0.0
ACN,2025-08-13,238.75,246.72999572753906,237.30999755859375,245.67999267578125,5278400.0,245.67999267578125,0.0
ACN,2025-08-14,244.5399932861328,246.6699981689453,242.35000610351562,246.16000366210938,4928200.0,246.16000366210938,0.0
ACN,2025-08-15,245.74000549316406,249.39999389648438,245.74000549316406,247.00999450683594,4223400.0,247.00999450683594,0.0
ACN,2025-08-18,247.0,250.99000549316406,245.10000610351562,249.1300048828125,3776000.0,249.1300048828125,0.0
ACN,2025-08-19,250.52999877929688,257.6199951171875,250.39999389648438,255.8800048828125,4555700.0,255.8800048828125,0.0
ACN,2025-08-20,257.0400085449219,260.3900146484375,254.99000549316406,255.0500030517578,5069900.0,255.0500030517578,0.0
ACN,2025-08-21,255.0,255.0,250.72999572753906,253.99000549316406,2670200.0,253.99000549316406,0.0
ACN,2025-08-22,254.69000244140625,262.1700134277344,254.47000122070312,259.2200012207031,3102600.0,259.2200012207031,0.0
ACN,2025-08-25,259.2200012207031,259.7300109863281,255.0399932861328,256.04998779296875,2358600.0,256.04998779296875,0.0
ACN,2025-08-26,255.33999633789062,256.69000244140625,253.16000366210938,255.4199981689453,4884400.0,255.4199981689453,0.0
ACN,2025-08-27,256.1199951171875,258.2900085449219,255.44000244140625,257.1199951171875,2239000.0,257.1199951171875,0.0
ACN,2025-08-28,258.0,258.1300048828125,253.9600067138672,256.1700134277344,2984900.0,256.1700134277344,0.0
ACN,2025-08-29,256.9200134277344,260.3800048828125,256.0899963378906,259.9700012207031,2805800.0,259.9700012207031,0.0
ACN,2025-09-02,257.8500061035156,260.3999938964844,251.97999572753906,256.1700134277344,3537800.0,256.1700134277344,0.0
ACN,2025-09-03,253.2100067138672,254.80999755859375,251.32000732421875,254.14999389648438,2934800.0,254.14999389648438,0.0
ACN,2025-09-04,253.27000427246094,254.6999969482422,247.88999938964844,252.94000244140625,4165400.0,252.94000244140625,0.0
ACN,2025-09-05,252.92999267578125,258.6499938964844,250.19000244140625,254.9499969482422,4235900.0,254.9499969482422,0.0
ACN,2025-09-08,255.27999877929688,256.0,249.47000122070312,255.57000732421875,4707800.0,255.57000732421875,0.0
ACN,2025-09-09,255.0,255.9600067138672,249.83999633789062,251.99000549316406,3456400.0,251.99000549316406,0.0
ACN,2025-09-10,252.0399932861328,252.0399932861328,240.66000366210938,243.11000061035156,5117500.0,243.11000061035156,0.0
ACN,2025-09-11,243.2100067138672,244.55999755859375,242.35000610351562,244.14999389648438,4644500.0,244.14999389648438,0.0
ACN,2025-09-12,244.5,245.25,238.00999450683594,238.5399932861328,5637500.0,238.5399932861328,0.0
ACN,2025-09-16 16:00:02-04:00,237.50999450683594,238.7449951171875,235.8350067138672,236.80999755859375,5435768.0,236.80999755859375,0.0
APH,2025-03-17,62.599998474121094,64.58000183105469,62.599998474121094,63.86000061035156,6834900.0,63.58245086669922,0.0
APH,2025-03-18,63.15999984741211,64.27999877929688,62.810001373291016,63.849998474121094,10089400.0,63.73717498779297,0.165
APH,2025-03-19,65.37999725341797,68.05000305175781,64.69999694824219,67.41000366210938,15969500.0,67.2908935546875,0.0
APH,2025-03-20,66.11000061035156,67.48999786376953,66.11000061035156,66.36000061035156,7627400.0,66.24274444580078,0.0
APH,2025-03-21,65.5999984741211,67.05000305175781,64.63999938964844,66.5999984741211,11824100.0,66.48231506347656,0.0
APH,2025-03-24,67.8499984741211,69.43000030517578,67.79000091552734,69.30000305175781,8475200.0,69.17755126953125,0.0
APH,2025-03-25,69.16999816894531,69.81999969482422,68.70999908447266,69.48999786376953,5202200.0,69.3672103881836,0.0
APH,2025-03-26,69.30999755859375,69.6500015258789,67.16999816894531,67.58000183105469,6915300.0,67.46058654785156,0.0
APH,2025-03-27,67.2699966430664,68.62000274658203,66.66000366210938,68.16999816894531,8033400.0,68.04954528808594,0.0
APH,2025-03-28,67.54000091552734,68.16000366210938,66.20999908447266,66.58999633789062,9489700.0,66.47233581542969,0.0
APH,2025-03-31,65.47000122070312,66.0999984741211,64.4000015258789,65.58999633789062,10087900.0,65.4740982055664,0.0
APH,2025-04-01,65.56999969482422,66.63999938964844,65.12000274658203,66.06999969482422,6361100.0,65.95325469970703,0.0
APH,2025-04-02,64.91999816894531,68.08999633789062,64.8499984741211,67.9000015258789,5700500.0,67.78002166748047,0.0
APH,2025-04-03,64.33999633789062,64.80999755859375,62.18000030517578,62.65999984741211,9716800.0,62.54928207397461,0.0
APH,2025-04-04,60.540000915527344,60.56999969482422,57.119998931884766,59.09000015258789,15461000.0,58.98558807373047,0.0
APH,2025-04-07,57.5,63.18000030517578,56.45000076293945,60.900001525878906,15572200.0,60.79239273071289,0.0
APH,2025-04-08,63.18000030517578,63.970001220703125,59.16999816894531,60.06999969482422,12856900.0,59.9638557434082,0.0
APH,2025-04-09,59.790000915527344,67.05999755859375,59.15999984741211,66.18000030517578,12062100.0,66.06306457519531,0.0
APH,2025-04-10,64.12999725341797,65.33999633789062,62.0,64.12999725341797,13077300.0,64.01667785644531,0.0
APH,2025-04-11,63.34000015258789,65.63999938964844,63.02000045776367,65.4000015258789,6469100.0,65.28443908691406,0.0
APH,2025-04-14,67.0199966430664,67.19000244140625,65.0,65.45999908447266,6785500.0,65.34432983398438,0.0
APH,2025-04-15,65.66999816894531,66.81999969482422,65.41000366210938,65.76000213623047,6183000.0,65.64380645751953,0.0
APH,2025-04-16,64.63999938964844,65.79000091552734,63.75,64.7699966430664,5633400.0,64.65554809570312,0.0
APH,2025-04-17,65.0199966430664,66.0,64.56999969482422,65.05999755859375,6052600.0,64.94503784179688,0.0
APH,2025-04-21,63.939998626708984,64.75,62.54999923706055,63.59000015258789,6601800.0,63.477638244628906,0.0
APH,2025-04-22,64.33999633789062,65.9800033569336,64.25,65.75,7601200.0,65.63381958007812,0.0
APH,2025-04-23,76.0199966430664,76.43000030517578,70.91999816894531,71.1500015258789,19054400.0,71.02428436279297,0.0
APH,2025-04-24,72.4800033569336,76.55999755859375,70.83000183105469,76.02999877929688,14920900.0,75.8956527709961,0.0
APH,2025-04-25,75.1500015258789,76.63999938964844,74.13999938964844,75.8499984741211,14324600.0,75.71597290039062,0.0
APH,2025-04-28,76.08000183105469,76.5999984741211,74.95999908447266,75.87999725341797,5879700.0,75.74591827392578,0.0
APH,2025-04-29,75.93000030517578,76.88999938964844,75.66000366210938,76.68000030517578,5443100.0,76.54450988769531,0.0
APH,2025-04-30,74.62999725341797,77.16999816894531,74.30999755859375,76.94999694824219,6624100.0,76.81402587890625,0.0
APH,2025-05-01,78.48999786376953,79.3499984741211,78.12000274658203,78.62999725341797,8436500.0,78.49105834960938,0.0
APH,2025-05-02,79.62999725341797,81.0,78.76000213623047,80.66000366210938,7706800.0,80.5174789428711,0.0
APH,2025-05-05,80.0999984741211,80.88999938964844,79.66000366210938,80.16999816894531,6762500.0,80.0283432006836,0.0
APH,2025-05-06,79.6500015258789,80.05000305175781,79.0999984741211,79.70999908447266,6054000.0,79.56915283203125,0.0
APH,2025-05-07,79.70999908447266,81.08000183105469,79.2699966430664,80.83999633789062,8289300.0,80.69715118408203,0.0
APH,2025-05-08,81.80999755859375,81.81999969482422,80.11000061035156,80.58000183105469,8622500.0,80.4376220703125,0.0
APH,2025-05-09,80.94999694824219,81.44000244140625,80.31999969482422,80.87999725341797,6917900.0,80.7370834350586,0.0
APH,2025-05-12,83.37999725341797,84.9800033569336,82.87999725341797,84.45999908447266,9860300.0,84.31076049804688,0.0
APH,2025-05-13,84.76000213623047,86.80000305175781,84.62000274658203,85.77999877929688,8089100.0,85.62842559814453,0.0
APH,2025-05-14,86.0,86.06999969482422,85.37000274658203,85.62999725341797,5751200.0,85.47869110107422,0.0
APH,2025-05-15,85.37000274658203,86.1500015258789,84.72000122070312,85.97000122070312,5957700.0,85.8180923461914,0.0
APH,2025-05-16,86.30000305175781,86.95999908447266,85.83000183105469,86.87999725341797,7690600.0,86.72647857666016,0.0
APH,2025-05-19,84.83999633789062,86.7699966430664,84.83999633789062,86.41000366210938,8316000.0,86.25731658935547,0.0
APH,2025-05-20,86.01000213623047,86.5199966430664,85.62999725341797,86.29000091552734,4421800.0,86.13752746582031,0.0
APH,2025-05-21,85.66999816894531,87.22000122070312,85.38999938964844,85.69000244140625,6507700.0,85.53858947753906,0.0
APH,2025-05-22,85.44000244140625,85.94000244140625,84.77999877929688,85.26000213623047,5266000.0,85.1093521118164,0.0
APH,2025-05-23,83.87000274658203,86.0,83.44000244140625,85.55000305175781,4476000.0,85.39883422851562,0.0
APH,2025-05-27,86.91000366210938,88.5,86.75,88.33000183105469,7492200.0,88.1739273071289,0.0
APH,2025-05-28,88.19999694824219,88.77999877929688,87.83999633789062,88.12999725341797,6116600.0,87.97427368164062,0.0
APH,2025-05-29,89.0,89.13999938964844,87.94999694824219,88.91999816894531,7740200.0,88.76287841796875,0.0
APH,2025-05-30,89.04000091552734,89.9800033569336,88.1500015258789,89.93000030517578,21458600.0,89.7710952758789,0.0
APH,2025-06-02,89.55000305175781,90.37999725341797,88.7699966430664,90.36000061035156,6116900.0,90.20033264160156,0.0
APH,2025-06-03,90.88999938964844,91.87999725341797,90.70999908447266,91.68000030517578,6525700.0,91.51800537109375,0.0
APH,2025-06-04,91.95999908447266,92.41000366210938,91.4800033569336,91.91000366210938,6070300.0,91.74759674072266,0.0
APH,2025-06-05,92.36000061035156,93.33000183105469,91.87999725341797,92.5199966430664,8686400.0,92.35651397705078,0.0
APH,2025-06-06,93.26000213623047,93.68000030517578,92.81999969482422,93.36000061035156,4289400.0,93.19503784179688,0.0
APH,2025-06-09,93.55000305175781,93.9000015258789,92.7699966430664,92.95999908447266,7702500.0,92.79573822021484,0.0
APH,2025-06-10,93.44000244140625,94.11000061035156,91.05999755859375,92.48999786376953,8667400.0,92.32656860351562,0.0
APH,2025-06-11,92.55999755859375,93.30000305175781,91.61000061035156,93.06999969482422,7601500.0,92.90554809570312,0.0
APH,2025-06-12,92.7300033569336,94.83000183105469,92.33999633789062,94.5999984741211,5849000.0,94.4328384399414,0.0
APH,2025-06-13,93.01000213623047,93.7699966430664,92.08000183105469,92.48999786376953,7132300.0,92.32656860351562,0.0
APH,2025-06-16,93.30000305175781,94.04000091552734,93.11000061035156,93.37999725341797,5213800.0,93.21499633789062,0.0
APH,2025-06-17,92.58999633789062,93.7300033569336,92.22000122070312,92.80000305175781,14241000.0,92.80000305175781,0.165
APH,2025-06-18,92.77999877929688,94.19000244140625,92.54000091552734,93.47000122070312,9920500.0,93.47000122070312,0.0
APH,2025-06-20,94.13999938964844,94.51000213623047,92.9800033569336,93.81999969482422,16439800.0,93.81999969482422,0.0
APH,2025-06-23,93.44999694824219,95.27999877929688,92.9800033569336,95.25,11459500.0,95.25,0.0
APH,2025-06-24,96.16999816894531,96.69000244140625,94.87999725341797,95.80000305175781,11953000.0,95.80000305175781,0.0
APH,2025-06-25,96.12999725341797,97.41000366210938,95.80000305175781,97.0199966430664,6228500.0,97.0199966430664,0.0
APH,2025-06-26,97.02999877929688,97.98999786376953,96.88999938964844,96.9800033569336,12473800.0,96.9800033569336,0.0
APH,2025-06-27,97.08999633789062,98.06999969482422,96.44999694824219,97.66999816894531,19777900.0,97.66999816894531,0.0
APH,2025-06-30,97.97000122070312,99.01000213623047,97.37999725341797,98.75,8252000.0,98.75,0.0
APH,2025-07-01,98.5999984741211,98.69999694824219,96.41000366210938,97.38999938964844,6782200.0,97.38999938964844,0.0
APH,2025-07-02,96.73999786376953,98.5199966430664,96.16999816894531,98.5199966430664,6354300.0,98.5199966430664,0.0
APH,2025-07-03,99.2300033569336,99.70999908447266,98.80999755859375,99.45999908447266,3180800.0,99.45999908447266,0.0
APH,2025-07-07,99.3499984741211,99.98999786376953,98.19000244140625,98.55000305175781,9851200.0,98.55000305175781,0.0
APH,2025-07-08,98.75,99.13999938964844,96.6500015258789,97.41000366210938,9425600.0,97.41000366210938,0.0
APH,2025-07-09,97.88999938964844,98.79000091552734,97.44000244140625,98.20999908447266,6244500.0,98.20999908447266,0.0
APH,2025-07-10,98.55999755859375,98.83000183105469,97.12999725341797,98.30999755859375,5315900.0,98.30999755859375,0.0
APH,2025-07-11,98.20999908447266,98.97000122070312,97.93000030517578,98.76000213623047,6716900.0,98.76000213623047,0.0
APH,2025-07-14,98.83000183105469,100.79000091552734,98.31999969482422,100.20999908447266,7750000.0,100.20999908447266,0.0
APH,2025-07-15,100.73999786376953,101.0,98.87999725341797,99.44000244140625,5507700.0,99.44000244140625,0.0
APH,2025-07-16,99.80000305175781,100.58000183105469,98.61000061035156,100.55000305175781,6241000.0,100.55000305175781,0.0
APH,2025-07-17,100.0999984741211,102.08000183105469,100.0999984741211,101.95999908447266,6959000.0,101.95999908447266,0.0
APH,2025-07-18,103.0,103.69999694824219,102.33999633789062,103.33999633789062,6319500.0,103.33999633789062,0.0
APH,2025-07-21,103.04000091552734,104.16000366210938,102.5199966430664,103.70999908447266,6509400.0,103.70999908447266,0.0
APH,2025-07-22,103.7699966430664,103.87999725341797,101.0999984741211,101.77999877929688,8825700.0,101.77999877929688,0.0
APH,2025-07-23,107.2300033569336,108.8499984741211,95.19000244140625,100.70999908447266,30058100.0,100.70999908447266,0.0
APH,2025-07-24,102.79000091552734,105.0999984741211,102.18000030517578,104.45999908447266,14014600.0,104.45999908447266,0.0
APH,2025-07-25,104.79000091552734,106.0199966430664,104.66999816894531,105.0199966430664,7303600.0,105.0199966430664,0.0
APH,2025-07-28,105.91000366210938,107.1500015258789,105.04000091552734,106.69999694824219,8368800.0,106.69999694824219,0.0
APH,2025-07-29,107.81999969482422,108.55000305175781,104.97000122070312,105.30999755859375,9476600.0,105.30999755859375,0.0
APH,2025-07-30,105.30999755859375,106.01000213623047,104.29000091552734,105.48999786376953,7247600.0,105.48999786376953,0.0
APH,2025-07-31,106.80000305175781,108.19999694824219,106.2699966430664,106.51000213623047,15268000.0,106.51000213623047,0.0
APH,2025-08-01,105.29000091552734,105.31999969482422,102.76000213623047,104.30999755859375,8736100.0,104.30999755859375,0.0
APH,2025-08-04,108.55999755859375,108.75,106.41000366210938,108.62999725341797,8998000.0,108.62999725341797,0.0
APH,2025-08-05,108.66000366210938,109.9000015258789,107.01000213623047,107.93000030517578,10434700.0,107.93000030517578,0.0
APH,2025-08-06,108.25,109.5,107.54000091552734,109.5,6507700.0,109.5,0.0
APH,2025-08-07,109.58999633789062,110.37999725341797,107.83000183105469,108.55000305175781,5794200.0,108.55000305175781,0.0
APH,2025-08-08,109.16000366210938,110.5999984741211,108.5,109.9800033569336,5052400.0,109.9800033569336,0.0
APH,2025-08-11,110.25,111.0,109.25,109.80999755859375,4859600.0,109.80999755859375,0.0
APH,2025-08-12,110.16000366210938,111.87000274658203,109.79000091552734,111.8499984741211,7075400.0,111.8499984741211,0.0
APH,2025-08-13,112.12000274658203,112.3499984741211,107.66999816894531,109.83000183105469,9871600.0,109.83000183105469,0.0
APH,2025-08-14,109.01000213623047,110.83000183105469,108.7699966430664,110.73999786376953,6247100.0,110.73999786376953,0.0
APH,2025-08-15,110.55000305175781,110.72000122070312,107.5199966430664,109.20999908447266,6535500.0,109.20999908447266,0.0
APH,2025-08-18,110.0,111.37999725341797,109.72000122070312,111.05999755859375,6809200.0,111.05999755859375,0.0
APH,2025-08-19,110.80999755859375,112.0199966430664,109.18000030517578,109.9800033569336,7000600.0,109.9800033569336,0.0
APH,2025-08-20,109.30000305175781,109.45999908447266,104.70999908447266,108.6500015258789,9011700.0,108.6500015258789,0.0
APH,2025-08-21,108.5199966430664,109.4800033569336,107.88999938964844,108.80999755859375,7320500.0,108.80999755859375,0.0
APH,2025-08-22,109.01000213623047,111.16999816894531,108.43000030517578,109.36000061035156,7552500.0,109.36000061035156,0.0
APH,2025-08-25,109.58000183105469,111.4800033569336,109.55000305175781,109.7300033569336,4086900.0,109.7300033569336,0.0
APH,2025-08-26,109.81999969482422,110.77999877929688,109.7300033569336,109.9000015258789,10309400.0,109.9000015258789,0.0
APH,2025-08-27,109.66999816894531,110.66000366210938,109.4000015258789,110.12999725341797,4433400.0,110.12999725341797,0.0
APH,2025-08-28,110.0999984741211,112.05999755859375,109.55999755859375,111.94000244140625,5076800.0,111.94000244140625,0.0
APH,2025-08-29,111.0199966430664,111.29000091552734,107.91999816894531,108.86000061035156,6200800.0,108.86000061035156,0.0
APH,2025-09-02,106.88999938964844,109.31999969482422,105.44999694824219,109.25,6986600.0,109.25,0.0
APH,2025-09-03,109.43000030517578,110.7300033569336,108.9000015258789,110.69000244140625,6826300.0,110.69000244140625,0.0
APH,2025-09-04,111.0999984741211,112.77999877929688,110.26000213623047,112.75,8145700.0,112.75,0.0
APH,2025-09-05,113.0,113.69000244140625,108.68000030517578,110.44999694824219,12409800.0,110.44999694824219,0.0
APH,2025-09-08,111.0999984741211,111.97000122070312,110.38999938964844,110.54000091552734,9279700.0,110.54000091552734,0.0
APH,2025-09-09,110.9000015258789,117.23999786376953,110.5999984741211,116.79000091552734,14095800.0,116.79000091552734,0.0
APH,2025-09-10,118.0,120.80000305175781,116.6500015258789,119.08999633789062,18913200.0,119.08999633789062,0.0
APH,2025-09-11,118.83000183105469,120.2300033569336,118.83000183105469,119.47000122070312,9832000.0,119.47000122070312,0.0
APH,2025-09-12,119.02999877929688,119.58999633789062,117.81999969482422,118.68000030517578,6358900.0,118.68000030517578,0.0
APH,2025-09-16 16:00:02-04:00,119.18000030517578,119.81999969482422,118.2300033569336,119.04000091552734,7686479.0,119.04000091552734,0.0
AMAT,2025-03-17,152.9499969482422,157.2100067138672,152.83999633789062,155.4600067138672,4764300.0,154.576171875,0.0
AMAT,2025-03-18,154.32000732421875,154.94000244140625,151.80999755859375,153.50999450683594,4282300.0,152.63726806640625,0.0
AMAT,2025-03-19,153.17999267578125,157.07000732421875,152.7899932861328,154.4600067138672,4426500.0,153.58187866210938,0.0
AMAT,2025-03-20,152.22999572753906,155.6199951171875,151.67999267578125,154.3800048828125,5480300.0,153.5023193359375,0.0
AMAT,2025-03-21,150.2899932861328,152.19000244140625,149.00999450683594,152.1199951171875,15911300.0,151.25515747070312,0.0
AMAT,2025-03-24,155.5,156.27000427246094,154.60000610351562,154.9499969482422,5855200.0,154.06907653808594,0.0
AMAT,2025-03-25,154.83999633789062,154.9499969482422,152.52000427246094,153.63999938964844,5093700.0,152.7665252685547,0.0
AMAT,2025-03-26,153.13999938964844,153.99000549316406,149.50999450683594,150.67999267578125,4850800.0,149.82334899902344,0.0
AMAT,2025-03-27,149.8300018310547,149.89999389648438,146.94000244140625,147.67999267578125,6933800.0,146.8404083251953,0.0
AMAT,2025-03-28,148.8000030517578,149.8000030517578,144.1199951171875,145.05999755859375,7715000.0,144.23529052734375,0.0
AMAT,2025-03-31,142.77000427246094,145.67999267578125,141.16000366210938,145.1199951171875,7116300.0,144.29495239257812,0.0
AMAT,2025-04-01,144.10000610351562,146.11000061035156,141.8000030517578,145.66000366210938,5869500.0,144.83189392089844,0.0
AMAT,2025-04-02,144.02999877929688,149.30999755859375,143.83999633789062,147.75,4904800.0,146.91000366210938,0.0
AMAT,2025-04-03,141.0,141.8699951171875,135.39999389648438,135.50999450683594,11779600.0,134.73959350585938,0.0
AMAT,2025-04-04,129.11000061035156,132.4600067138672,123.94000244140625,126.94999694824219,15564000.0,126.22825622558594,0.0
AMAT,2025-04-07,124.97000122070312,141.57000732421875,123.73999786376953,132.85000610351562,18941900.0,132.0947265625,0.0
AMAT,2025-04-08,138.41000366210938,140.6999969482422,127.5,128.9600067138672,16423700.0,128.2268524169922,0.0
AMAT,2025-04-09,129.5800018310547,150.9600067138672,128.60000610351562,149.72999572753906,20667300.0,148.87875366210938,0.0
AMAT,2025-04-10,142.22999572753906,143.80999755859375,133.49000549316406,138.24000549316406,16290700.0,137.45408630371094,0.0
AMAT,2025-04-11,138.57000732421875,146.22999572753906,135.5,144.94000244140625,10617200.0,144.11599731445312,0.0
AMAT,2025-04-14,146.8800048828125,147.6999969482422,142.13999938964844,144.52999877929688,6835900.0,143.7083282470703,0.0
AMAT,2025-04-15,144.97000122070312,147.0399932861328,144.24000549316406,145.4499969482422,5259900.0,144.62307739257812,0.0
AMAT,2025-04-16,137.82000732421875,141.0800018310547,134.35000610351562,138.19000244140625,9279100.0,137.40435791015625,0.0
AMAT,2025-04-17,138.99000549316406,139.64999389648438,136.94000244140625,137.4600067138672,6494800.0,136.67852783203125,0.0
AMAT,2025-04-21,135.1300048828125,136.00999450683594,132.8000030517578,135.55999755859375,8395300.0,134.78932189941406,0.0
AMAT,2025-04-22,137.17999267578125,139.0800018310547,136.32000732421875,138.3000030517578,5222700.0,137.51373291015625,0.0
AMAT,2025-04-23,144.85000610351562,147.8300018310547,142.74000549316406,143.5800018310547,7994300.0,142.7637176513672,0.0
AMAT,2025-04-24,147.61000061035156,150.39999389648438,145.35000610351562,150.1699981689453,7609200.0,149.31625366210938,0.0
AMAT,2025-04-25,148.1999969482422,152.61000061035156,147.8699951171875,151.5500030517578,4805200.0,150.68841552734375,0.0
AMAT,2025-04-28,150.7899932861328,151.8699951171875,147.50999450683594,150.7899932861328,7052500.0,149.93272399902344,0.0
AMAT,2025-04-29,149.0,151.07000732421875,147.91000366210938,149.5500030517578,5721300.0,148.69976806640625,0.0
AMAT,2025-04-30,145.97000122070312,151.0399932861328,144.7100067138672,150.7100067138672,7273600.0,149.85317993164062,0.0
AMAT,2025-05-01,151.63999938964844,152.27999877929688,148.74000549316406,148.9600067138672,6732000.0,148.11314392089844,0.0
AMAT,2025-05-02,152.7899932861328,156.6999969482422,152.69000244140625,155.10000610351562,6083200.0,154.21823120117188,0.0
AMAT,2025-05-05,154.11000061035156,156.63999938964844,153.85000610351562,154.61000061035156,4069300.0,153.73101806640625,0.0
AMAT,2025-05-06,152.0,154.47999572753906,151.89999389648438,153.02999877929688,3471700.0,152.16000366210938,0.0
AMAT,2025-05-07,153.35000610351562,156.1999969482422,151.50999450683594,155.80999755859375,5499000.0,154.92417907714844,0.0
AMAT,2025-05-08,158.02999877929688,158.8000030517578,155.80999755859375,156.0,4824600.0,155.11309814453125,0.0
AMAT,2025-05-09,156.92999267578125,158.0,154.64999389648438,155.61000061035156,3884200.0,154.72532653808594,0.0
AMAT,2025-05-12,166.44000244140625,169.8000030517578,165.64999389648438,167.99000549316406,11724100.0,167.0349578857422,0.0
AMAT,2025-05-13,168.8699951171875,174.17999267578125,168.47000122070312,173.02999877929688,8980200.0,172.04629516601562,0.0
AMAT,2025-05-14,173.4499969482422,175.27999877929688,173.0500030517578,174.13999938964844,7069700.0,173.1499786376953,0.0
AMAT,2025-05-15,171.75,176.3800048828125,171.1999969482422,174.75,12811600.0,173.7565155029297,0.0
AMAT,2025-05-16,168.42999267578125,169.47000122070312,161.9199981689453,165.57000732421875,16540400.0,164.6287078857422,0.0
AMAT,2025-05-19,162.5399932861328,166.0,162.3699951171875,165.94000244140625,7465700.0,164.99659729003906,0.0
AMAT,2025-05-20,165.0500030517578,165.94000244140625,164.22999572753906,165.72999572753906,5372400.0,164.78778076171875,0.0
AMAT,2025-05-21,163.5399932861328,166.2899932861328,161.6699981689453,162.22999572753906,5658600.0,161.30767822265625,0.0
AMAT,2025-05-22,160.69000244140625,163.3000030517578,160.27999877929688,160.52000427246094,6355700.0,160.06126403808594,0.46
AMAT,2025-05-23,156.63999938964844,158.41000366210938,155.66000366210938,157.50999450683594,5733400.0,157.05984497070312,0.0
AMAT,2025-05-27,160.6300048828125,162.47999572753906,159.1699981689453,161.8300018310547,8470400.0,161.3675079345703,0.0
AMAT,2025-05-28,161.91000366210938,163.6699981689453,160.8800048828125,161.58999633789062,6727200.0,161.12818908691406,0.0
AMAT,2025-05-29,165.4600067138672,165.5399932861328,158.4499969482422,159.47999572753906,6845600.0,159.02423095703125,0.0
AMAT,2025-05-30,159.0399932861328,159.22999572753906,153.47000122070312,156.75,15273600.0,156.30203247070312,0.0
AMAT,2025-06-02,155.7899932861328,157.6199951171875,155.42999267578125,157.27000427246094,5875300.0,156.82054138183594,0.0
AMAT,2025-06-03,156.92999267578125,161.9499969482422,156.36000061035156,161.74000549316406,6355400.0,161.27777099609375,0.0
AMAT,2025-06-04,162.5,163.47999572753906,160.17999267578125,161.92999267578125,5990600.0,161.46722412109375,0.0
AMAT,2025-06-05,163.22000122070312,165.6199951171875,161.10000610351562,164.19000244140625,7386800.0,163.72076416015625,0.0
AMAT,2025-06-06,165.44000244140625,169.52999877929688,165.44000244140625,166.74000549316406,5717500.0,166.26348876953125,0.0
AMAT,2025-06-09,167.80999755859375,171.82000732421875,167.80999755859375,169.7899932861328,6320000.0,169.3047637939453,0.0
AMAT,2025-06-10,170.5800018310547,174.38999938964844,169.99000549316406,173.77000427246094,5711600.0,173.2733917236328,0.0
AMAT,2025-06-11,174.24000549316406,175.7899932861328,170.3300018310547,172.7899932861328,6133200.0,172.2961883544922,0.0
AMAT,2025-06-12,172.49000549316406,175.36000061035156,172.27999877929688,175.0,4468500.0,174.4998779296875,0.0
AMAT,2025-06-13,171.05999755859375,173.5800018310547,170.38999938964844,170.58999633789062,5297100.0,170.10247802734375,0.0
AMAT,2025-06-16,173.02000427246094,176.8800048828125,172.7899932861328,176.5500030517578,6712900.0,176.04544067382812,0.0
AMAT,2025-06-17,176.27999877929688,178.32000732421875,174.05999755859375,174.08999633789062,6631400.0,173.59246826171875,0.0
AMAT,2025-06-18,175.25999450683594,175.25999450683594,171.80999755859375,172.83999633789062,4946900.0,172.34603881835938,0.0
AMAT,2025-06-20,174.47000122070312,175.3699951171875,165.91000366210938,169.4600067138672,18396600.0,168.9757080078125,0.0
AMAT,2025-06-23,170.25999450683594,172.2899932861328,168.72000122070312,171.9600067138672,6838800.0,171.46856689453125,0.0
AMAT,2025-06-24,175.07000732421875,180.52000427246094,175.0,180.17999267578125,7254500.0,179.66506958007812,0.0
AMAT,2025-06-25,181.11000061035156,183.2100067138672,180.5,183.07000732421875,5431800.0,182.54681396484375,0.0
AMAT,2025-06-26,183.19000244140625,184.5,182.05999755859375,183.52000427246094,5199700.0,182.9955291748047,0.0
AMAT,2025-06-27,184.3800048828125,185.8000030517578,181.1199951171875,183.2100067138672,14202800.0,182.68641662597656,0.0
AMAT,2025-06-30,183.8000030517578,184.77000427246094,182.52999877929688,183.07000732421875,4070700.0,182.54681396484375,0.0
AMAT,2025-07-01,182.44000244140625,184.92999267578125,180.89999389648438,183.75999450683594,6572300.0,183.23483276367188,0.0
AMAT,2025-07-02,182.6300048828125,190.91000366210938,181.6300048828125,190.00999450683594,8800600.0,189.4669647216797,0.0
AMAT,2025-07-03,189.35000610351562,192.0399932861328,189.27000427246094,191.0500030517578,3568500.0,190.50401306152344,0.0
AMAT,2025-07-07,189.0399932861328,191.64999389648438,188.61000061035156,190.77999877929688,6577400.0,190.23477172851562,0.0
AMAT,2025-07-08,192.13999938964844,196.3000030517578,191.52000427246094,194.99000549316406,8097100.0,194.43275451660156,0.0
AMAT,2025-07-09,195.8000030517578,197.9600067138672,194.24000549316406,195.38999938964844,6170800.0,194.83160400390625,0.0
AMAT,2025-07-10,198.0,199.4199981689453,196.64999389648438,198.02999877929688,5229100.0,197.46405029296875,0.0
AMAT,2025-07-11,196.85000610351562,198.77999877929688,196.14999389648438,197.92999267578125,4424400.0,197.3643341064453,0.0
AMAT,2025-07-14,195.61000061035156,198.82000732421875,194.49000549316406,197.10000610351562,7264000.0,196.53672790527344,0.0
AMAT,2025-07-15,200.0800018310547,201.11000061035156,198.5,199.2899932861328,6007100.0,198.72044372558594,0.0
AMAT,2025-07-16,194.0,195.16000366210938,189.75,194.80999755859375,9400000.0,194.2532501220703,0.0
AMAT,2025-07-17,192.6199951171875,194.02999877929688,191.9499969482422,192.52000427246094,5704000.0,191.9698028564453,0.0
AMAT,2025-07-18,193.05999755859375,193.57000732421875,190.13999938964844,190.44000244140625,4757100.0,189.895751953125,0.0
AMAT,2025-07-21,190.7899932861328,194.39999389648438,190.77999877929688,192.61000061035156,5061500.0,192.05955505371094,0.0
AMAT,2025-07-22,192.27000427246094,192.5,185.1300048828125,187.13999938964844,7074500.0,186.6051788330078,0.0
AMAT,2025-07-23,187.67999267578125,189.39999389648438,186.13999938964844,187.00999450683594,5419800.0,186.4755401611328,0.0
AMAT,2025-07-24,188.16000366210938,190.0399932861328,187.07000732421875,188.1199951171875,4819900.0,187.58236694335938,0.0
AMAT,2025-07-25,185.80999755859375,186.52000427246094,184.10000610351562,185.69000244140625,6608700.0,185.15933227539062,0.0
AMAT,2025-07-28,189.00999450683594,190.5,188.6300048828125,190.27000427246094,4913000.0,189.7262420654297,0.0
AMAT,2025-07-29,191.6199951171875,192.4499969482422,187.9499969482422,188.41000366210938,4605400.0,187.87155151367188,0.0
AMAT,2025-07-30,189.72999572753906,190.8699951171875,187.74000549316406,189.38999938964844,4018500.0,188.8487548828125,0.0
AMAT,2025-07-31,177.8800048828125,181.47000122070312,174.50999450683594,180.05999755859375,11375400.0,179.54541015625,0.0
AMAT,2025-08-01,176.60000610351562,181.6300048828125,176.25,179.99000549316406,8393200.0,179.47561645507812,0.0
AMAT,2025-08-04,182.0,183.0,180.5,182.82000732421875,4189300.0,182.2975311279297,0.0
AMAT,2025-08-05,182.6699981689453,183.25999450683594,177.39999389648438,179.14999389648438,5292000.0,178.63800048828125,0.0
AMAT,2025-08-06,178.8800048828125,179.24000549316406,175.47999572753906,178.13999938964844,5857800.0,177.6309051513672,0.0
AMAT,2025-08-07,184.35000610351562,186.8000030517578,181.86000061035156,183.14999389648438,6616600.0,182.62657165527344,0.0
AMAT,2025-08-08,183.14999389648438,185.3800048828125,182.6199951171875,184.8699951171875,4338400.0,184.34165954589844,0.0
AMAT,2025-08-11,187.14999389648438,189.72000122070312,183.77999877929688,184.3800048828125,7816000.0,183.8530731201172,0.0
AMAT,2025-08-12,185.72999572753906,189.72999572753906,184.27999877929688,188.4499969482422,5915400.0,187.91143798828125,0.0
AMAT,2025-08-13,189.8000030517578,191.13999938964844,188.72999572753906,190.02999877929688,5923400.0,189.48692321777344,0.0
AMAT,2025-08-14,187.86000061035156,190.02999877929688,186.77999877929688,188.24000549316406,10992400.0,187.70204162597656,0.0
AMAT,2025-08-15,162.6999969482422,167.5,161.7100067138672,161.75999450683594,31803300.0,161.29769897460938,0.0
AMAT,2025-08-18,161.80999755859375,164.5500030517578,161.75,163.52999877929688,10125800.0,163.06265258789062,0.0
AMAT,2025-08-19,164.24000549316406,165.1999969482422,161.49000549316406,162.22000122070312,8921500.0,161.7563934326172,0.0
AMAT,2025-08-20,161.8000030517578,161.97000122070312,157.94000244140625,160.9600067138672,9323300.0,160.5,0.0
AMAT,2025-08-21,159.94000244140625,161.2899932861328,159.0800018310547,159.83999633789062,8294900.0,159.83999633789062,0.46
AMAT,2025-08-22,160.67999267578125,165.0,159.97999572753906,162.49000549316406,7448100.0,162.49000549316406,0.0
AMAT,2025-08-25,162.30999755859375,162.6199951171875,160.75,161.99000549316406,4186800.0,161.99000549316406,0.0
AMAT,2025-08-26,162.00999450683594,164.80999755859375,161.67999267578125,164.50999450683594,6770200.0,164.50999450683594,0.0
AMAT,2025-08-27,163.25999450683594,164.64999389648438,162.5500030517578,164.38999938964844,4633500.0,164.38999938964844,0.0
AMAT,2025-08-28,164.72000122070312,166.16000366210938,163.74000549316406,165.27000427246094,7899500.0,165.27000427246094,0.0
AMAT,2025-08-29,162.8699951171875,163.66000366210938,159.42999267578125,160.75999450683594,7202100.0,160.75999450683594,0.0
AMAT,2025-09-02,156.72000122070312,158.3000030517578,156.00999450683594,157.57000732421875,7683400.0,157.57000732421875,0.0
AMAT,2025-09-03,158.0500030517578,158.0500030517578,154.47000122070312,156.25,7335000.0,156.25,0.0
AMAT,2025-09-04,155.94000244140625,159.6699981689453,155.39999389648438,158.24000549316406,6245100.0,158.24000549316406,0.0
AMAT,2025-09-05,160.25999450683594,162.85000610351562,158.82000732421875,162.75,7046800.0,162.75,0.0
AMAT,2025-09-08,163.80999755859375,164.64999389648438,161.85000610351562,162.0500030517578,7933600.0,162.0500030517578,0.0
AMAT,2025-09-09,161.9199981689453,164.25999450683594,161.75,163.5,5315400.0,163.5,0.0
AMAT,2025-09-10,164.3000030517578,165.39999389648438,162.5500030517578,163.4199981689453,5690200.0,163.4199981689453,0.0
AMAT,2025-09-11,164.0,170.66000366210938,164.0,170.14999389648438,8999900.0,170.14999389648438,0.0
AMAT,2025-09-12,167.91000366210938,169.6699981689453,167.17999267578125,167.8000030517578,5167400.0,167.8000030517578,0.0
AMAT,2025-09-16 16:00:01-04:00,172.58999633789062,174.10000610351562,171.5800018310547,173.5399932861328,6444065.0,173.5399932861328,0.0
PANW,2025-03-17,183.5,186.16000366210938,182.00999450683594,185.0,3231100.0,185.0,0.0
PANW,2025-03-18,182.9499969482422,184.35000610351562,180.94000244140625,183.10000610351562,2790600.0,183.10000610351562,0.0
PANW,2025-03-19,183.10000610351562,189.6699981689453,182.60000610351562,187.5399932861328,3476800.0,187.5399932861328,0.0
PANW,2025-03-20,185.58999633789062,188.85000610351562,183.8300018310547,184.00999450683594,4395000.0,184.00999450683594,0.0
PANW,2025-03-21,181.72000122070312,183.60000610351562,179.72000122070312,182.32000732421875,8565900.0,182.32000732421875,0.0
PANW,2025-03-24,186.0,186.49000549316406,183.86000061035156,184.7899932861328,3758100.0,184.7899932861328,0.0
PANW,2025-03-25,184.7899932861328,190.10000610351562,184.50999450683594,189.9499969482422,5343400.0,189.9499969482422,0.0
PANW,2025-03-26,189.6699981689453,191.0,184.72999572753906,184.9600067138672,3409900.0,184.9600067138672,0.0
PANW,2025-03-27,182.6999969482422,183.08999633789062,173.55999755859375,174.44000244140625,7156300.0,174.44000244140625,0.0
PANW,2025-03-28,173.91000366210938,174.88999938964844,170.77000427246094,172.75999450683594,6249900.0,172.75999450683594,0.0
PANW,2025-03-31,169.57000732421875,171.02000427246094,165.8800048828125,170.63999938964844,5888600.0,170.63999938964844,0.0
PANW,2025-04-01,168.52000427246094,171.88999938964844,166.8300018310547,171.30999755859375,4037300.0,171.30999755859375,0.0
PANW,2025-04-02,168.27000427246094,174.74000549316406,168.27000427246094,173.17999267578125,3371800.0,173.17999267578125,0.0
PANW,2025-04-03,165.42999267578125,168.69000244140625,163.19000244140625,165.1699981689453,7365400.0,165.1699981689453,0.0
PANW,2025-04-04,158.9600067138672,160.83999633789062,153.38999938964844,153.57000732421875,9000500.0,153.57000732421875,0.0
PANW,2025-04-07,147.57000732421875,159.58999633789062,144.14999389648438,152.44000244140625,9837900.0,152.44000244140625,0.0
PANW,2025-04-08,157.72000122070312,161.5,150.1199951171875,152.52999877929688,13716500.0,152.52999877929688,0.0
PANW,2025-04-09,151.6300048828125,174.11000061035156,151.6300048828125,173.02000427246094,10513500.0,173.02000427246094,0.0
PANW,2025-04-10,168.92999267578125,170.66000366210938,162.24000549316406,168.27000427246094,6465600.0,168.27000427246094,0.0
PANW,2025-04-11,164.74000549316406,168.83999633789062,161.4499969482422,168.33999633789062,6302300.0,168.33999633789062,0.0
PANW,2025-04-14,171.66000366210938,173.52999877929688,168.67999267578125,169.97999572753906,5103300.0,169.97999572753906,0.0
PANW,2025-04-15,170.5,174.94000244140625,169.97999572753906,173.5500030517578,4147500.0,173.5500030517578,0.0
PANW,2025-04-16,171.5399932861328,173.85000610351562,167.9199981689453,169.75999450683594,5405200.0,169.75999450683594,0.0
PANW,2025-04-17,171.13999938964844,171.3699951171875,167.1300048828125,167.69000244140625,4784600.0,167.69000244140625,0.0
PANW,2025-04-21,165.08999633789062,165.9499969482422,157.60000610351562,160.0500030517578,4555100.0,160.0500030517578,0.0
PANW,2025-04-22,162.4600067138672,165.36000061035156,160.27000427246094,163.6300048828125,4005300.0,163.6300048828125,0.0
PANW,2025-04-23,168.74000549316406,172.52000427246094,167.3300018310547,168.32000732421875,4924400.0,168.32000732421875,0.0
PANW,2025-04-24,169.35000610351562,176.4499969482422,169.07000732421875,176.0399932861328,4023400.0,176.0399932861328,0.0
PANW,2025-04-25,176.49000549316406,179.5,175.3300018310547,178.97999572753906,3536800.0,178.97999572753906,0.0
PANW,2025-04-28,178.6199951171875,182.1999969482422,178.08999633789062,181.5399932861328,3551900.0,181.5399932861328,0.0
PANW,2025-04-29,182.9600067138672,187.30999755859375,182.10000610351562,186.64999389648438,5112300.0,186.64999389648438,0.0
PANW,2025-04-30,184.97999572753906,187.6300048828125,182.3699951171875,186.92999267578125,6163200.0,186.92999267578125,0.0
PANW,2025-05-01,188.63999938964844,189.16000366210938,186.02999877929688,186.27000427246094,4627100.0,186.27000427246094,0.0
PANW,2025-05-02,190.0,191.6999969482422,187.27000427246094,187.6999969482422,3842200.0,187.6999969482422,0.0
PANW,2025-05-05,186.0,190.97999572753906,185.47000122070312,188.1300048828125,3804300.0,188.1300048828125,0.0
PANW,2025-05-06,186.8000030517578,190.27000427246094,186.02000427246094,188.69000244140625,3031900.0,188.69000244140625,0.0
PANW,2025-05-07,188.8000030517578,189.30999755859375,186.35000610351562,188.13999938964844,3712900.0,188.13999938964844,0.0
PANW,2025-05-08,187.69000244140625,188.97999572753906,184.35000610351562,188.52999877929688,3677200.0,188.52999877929688,0.0
PANW,2025-05-09,188.75999450683594,189.7899932861328,184.63999938964844,186.92999267578125,3211000.0,186.92999267578125,0.0
PANW,2025-05-12,191.6199951171875,193.6699981689453,189.52000427246094,193.5,4580800.0,193.5,0.0
PANW,2025-05-13,192.72999572753906,195.4199981689453,191.8800048828125,192.0,5556500.0,192.0,0.0
PANW,2025-05-14,191.8300018310547,192.1999969482422,189.42999267578125,190.89999389648438,5445800.0,190.89999389648438,0.0
PANW,2025-05-15,189.7899932861328,194.19000244140625,189.58999633789062,192.89999389648438,5460100.0,192.89999389648438,0.0
PANW,2025-05-16,191.0500030517578,193.7899932861328,190.91000366210938,192.97999572753906,4210900.0,192.97999572753906,0.0
PANW,2025-05-19,190.49000549316406,194.39999389648438,190.1699981689453,194.3000030517578,4419500.0,194.3000030517578,0.0
PANW,2025-05-20,194.63999938964844,194.92999267578125,192.66000366210938,194.47999572753906,9533400.0,194.47999572753906,0.0
PANW,2025-05-21,184.75999450683594,185.3000030517578,178.63999938964844,181.25999450683594,19049700.0,181.25999450683594,0.0
PANW,2025-05-22,183.00999450683594,187.64999389648438,182.4600067138672,186.13999938964844,7613400.0,186.13999938964844,0.0
PANW,2025-05-23,183.61000061035156,187.64999389648438,183.22000122070312,186.75,4902900.0,186.75,0.0
PANW,2025-05-27,188.6699981689453,189.10000610351562,186.52999877929688,187.4600067138672,5331700.0,187.4600067138672,0.0
PANW,2025-05-28,187.75999450683594,189.83999633789062,187.47000122070312,187.8000030517578,3869000.0,187.8000030517578,0.0
PANW,2025-05-29,189.0,189.14999389648438,182.88999938964844,185.82000732421875,4498200.0,185.82000732421875,0.0
PANW,2025-05-30,187.02000427246094,192.72999572753906,186.72999572753906,192.4199981689453,11419700.0,192.4199981689453,0.0
PANW,2025-06-02,192.13999938964844,195.2899932861328,191.47999572753906,194.86000061035156,4411500.0,194.86000061035156,0.0
PANW,2025-06-03,195.0,198.4499969482422,194.8800048828125,197.1199951171875,4820900.0,197.1199951171875,0.0
PANW,2025-06-04,195.22000122070312,197.25,193.47000122070312,194.07000732421875,3360600.0,194.07000732421875,0.0
PANW,2025-06-05,194.11000061035156,199.5,194.11000061035156,197.11000061035156,3544900.0,197.11000061035156,0.0
PANW,2025-06-06,199.0,200.8800048828125,198.1999969482422,199.60000610351562,3306200.0,199.60000610351562,0.0
PANW,2025-06-09,199.0399932861328,199.1999969482422,196.19000244140625,196.3300018310547,2566500.0,196.3300018310547,0.0
PANW,2025-06-10,195.64999389648438,197.0399932861328,193.60000610351562,195.9499969482422,2971900.0,195.9499969482422,0.0
PANW,2025-06-11,195.7100067138672,197.44000244140625,194.05999755859375,194.38999938964844,3463000.0,194.38999938964844,0.0
PANW,2025-06-12,194.57000732421875,199.39999389648438,194.30999755859375,197.6699981689453,4159500.0,197.6699981689453,0.0
PANW,2025-06-13,196.3699951171875,199.9499969482422,195.07000732421875,196.27000427246094,3818500.0,196.27000427246094,0.0
PANW,2025-06-16,196.85000610351562,199.74000549316406,196.85000610351562,198.11000061035156,4138000.0,198.11000061035156,0.0
PANW,2025-06-17,197.99000549316406,202.75,197.5,202.0500030517578,4132900.0,202.0500030517578,0.0
PANW,2025-06-18,202.2899932861328,202.88999938964844,198.8800048828125,199.77999877929688,3324500.0,199.77999877929688,0.0
PANW,2025-06-20,201.0500030517578,201.0500030517578,197.7100067138672,199.24000549316406,8289200.0,199.24000549316406,0.0
PANW,2025-06-23,199.55999755859375,203.8699951171875,196.0,203.32000732421875,4478800.0,203.32000732421875,0.0
PANW,2025-06-24,204.0,204.8000030517578,201.4199981689453,201.69000244140625,4951800.0,201.69000244140625,0.0
PANW,2025-06-25,202.8000030517578,204.80999755859375,202.47999572753906,204.3000030517578,3242300.0,204.3000030517578,0.0
PANW,2025-06-26,204.58999633789062,206.74000549316406,201.5399932861328,202.33999633789062,5264900.0,202.33999633789062,0.0
PANW,2025-06-27,202.33999633789062,203.25999450683594,198.75,200.57000732421875,5346400.0,200.57000732421875,0.0
PANW,2025-06-30,201.24000549316406,204.91000366210938,201.02000427246094,204.63999938964844,4350800.0,204.63999938964844,0.0
PANW,2025-07-01,203.97000122070312,204.35000610351562,195.0800018310547,197.5800018310547,6840600.0,197.5800018310547,0.0
PANW,2025-07-02,196.44000244140625,197.9199981689453,194.91000366210938,196.97000122070312,3367200.0,196.97000122070312,0.0
PANW,2025-07-03,197.86000061035156,202.97999572753906,197.86000061035156,201.82000732421875,2561700.0,201.82000732421875,0.0
PANW,2025-07-07,200.88999938964844,202.19000244140625,199.6699981689453,201.4199981689453,3483100.0,201.4199981689453,0.0
PANW,2025-07-08,202.0,204.50999450683594,200.69000244140625,203.99000549316406,3411400.0,203.99000549316406,0.0
PANW,2025-07-09,204.8000030517578,206.17999267578125,202.42999267578125,206.05999755859375,3090000.0,206.05999755859375,0.0
PANW,2025-07-10,204.02999877929688,205.0,191.1699981689453,192.07000732421875,9249000.0,192.07000732421875,0.0
PANW,2025-07-11,192.91000366210938,193.0,186.6999969482422,187.38999938964844,7412300.0,187.38999938964844,0.0
PANW,2025-07-14,186.8800048828125,191.44000244140625,186.0,190.72000122070312,5050200.0,190.72000122070312,0.0
PANW,2025-07-15,190.7100067138672,193.52000427246094,190.1999969482422,192.25,3963200.0,192.25,0.0
PANW,2025-07-16,192.9499969482422,193.8800048828125,190.6999969482422,192.58999633789062,3119600.0,192.58999633789062,0.0
PANW,2025-07-17,193.19000244140625,197.60000610351562,193.0800018310547,196.27999877929688,4300400.0,196.27999877929688,0.0
PANW,2025-07-18,197.1199951171875,197.44000244140625,194.77999877929688,195.77999877929688,2978900.0,195.77999877929688,0.0
PANW,2025-07-21,195.94000244140625,203.1999969482422,194.60000610351562,199.8800048828125,7642500.0,199.8800048828125,0.0
PANW,2025-07-22,199.88999938964844,201.42999267578125,196.30999755859375,196.72999572753906,3658300.0,196.72999572753906,0.0
PANW,2025-07-23,197.8300018310547,199.89999389648438,194.77000427246094,199.22000122070312,3050500.0,199.22000122070312,0.0
PANW,2025-07-24,199.0,201.4499969482422,198.42999267578125,201.16000366210938,2887800.0,201.16000366210938,0.0
PANW,2025-07-25,201.3300018310547,205.27000427246094,200.64999389648438,203.27000427246094,3459200.0,203.27000427246094,0.0
PANW,2025-07-28,203.77000427246094,204.9499969482422,202.50999450683594,204.5,2134700.0,204.5,0.0
PANW,2025-07-29,206.0,210.38999938964844,193.10000610351562,193.83999633789062,13615200.0,193.83999633789062,0.0
PANW,2025-07-30,180.27000427246094,186.1199951171875,176.55999755859375,183.02999877929688,42277200.0,183.02999877929688,0.0
PANW,2025-07-31,183.91000366210938,183.94000244140625,172.92999267578125,173.60000610351562,29824700.0,173.60000610351562,0.0
PANW,2025-08-01,173.1300048828125,176.02999877929688,168.36000061035156,172.8800048828125,16242900.0,172.8800048828125,0.0
PANW,2025-08-04,174.47999572753906,174.47999572753906,170.0500030517578,171.0,11191600.0,171.0,0.0
PANW,2025-08-05,171.5,171.67999267578125,168.17999267578125,169.08999633789062,8645700.0,169.08999633789062,0.0
PANW,2025-08-06,169.25,173.6300048828125,168.39999389648438,172.88999938964844,9890900.0,172.88999938964844,0.0
PANW,2025-08-07,173.5,173.5,165.2100067138672,168.10000610351562,14553500.0,168.10000610351562,0.0
PANW,2025-08-08,168.88999938964844,170.4600067138672,166.55999755859375,167.05999755859375,9842200.0,167.05999755859375,0.0
PANW,2025-08-11,167.1999969482422,170.89999389648438,166.2100067138672,168.1699981689453,10219700.0,168.1699981689453,0.0
PANW,2025-08-12,171.22000122070312,175.5800018310547,170.25,175.39999389648438,11514300.0,175.39999389648438,0.0
PANW,2025-08-13,180.14999389648438,180.38999938964844,175.77999877929688,176.86000061035156,11947500.0,176.86000061035156,0.0
PANW,2025-08-14,177.0,177.85000610351562,173.4600067138672,173.5500030517578,8784600.0,173.5500030517578,0.0
PANW,2025-08-15,174.36000061035156,177.36000061035156,173.5,177.08999633789062,9548600.0,177.08999633789062,0.0
PANW,2025-08-18,178.05999755859375,178.19000244140625,174.69000244140625,176.1699981689453,17895500.0,176.1699981689453,0.0
PANW,2025-08-19,187.80999755859375,189.0,180.7100067138672,181.55999755859375,27834500.0,181.55999755859375,0.0
PANW,2025-08-20,181.92999267578125,187.64999389648438,181.47000122070312,184.42999267578125,13637500.0,184.42999267578125,0.0
PANW,2025-08-21,184.1199951171875,184.35000610351562,180.02000427246094,183.32000732421875,8181300.0,183.32000732421875,0.0
PANW,2025-08-22,183.64999389648438,187.11000061035156,182.94000244140625,185.8800048828125,6861700.0,185.8800048828125,0.0
PANW,2025-08-25,185.17999267578125,186.07000732421875,181.91000366210938,184.5500030517578,5801200.0,184.5500030517578,0.0
PANW,2025-08-26,184.22000122070312,186.66000366210938,183.99000549316406,184.22999572753906,8319100.0,184.22999572753906,0.0
PANW,2025-08-27,185.0,188.2100067138672,184.69000244140625,187.61000061035156,5990600.0,187.61000061035156,0.0
PANW,2025-08-28,187.44000244140625,191.57000732421875,187.1999969482422,191.02000427246094,6031800.0,191.02000427246094,0.0
PANW,2025-08-29,191.3699951171875,192.7899932861328,190.02999877929688,190.52000427246094,5195200.0,190.52000427246094,0.0
PANW,2025-09-02,187.25999450683594,191.58999633789062,186.35000610351562,190.52000427246094,7066900.0,190.52000427246094,0.0
PANW,2025-09-03,188.9499969482422,192.35000610351562,188.0500030517578,191.52999877929688,5482600.0,191.52999877929688,0.0
PANW,2025-09-04,191.52999877929688,194.47999572753906,188.75,192.35000610351562,5996100.0,192.35000610351562,0.0
PANW,2025-09-05,193.60000610351562,196.33999633789062,191.85000610351562,194.4600067138672,5670400.0,194.4600067138672,0.0
PANW,2025-09-08,195.19000244140625,197.89999389648438,194.7899932861328,197.3800048828125,5503800.0,197.3800048828125,0.0
PANW,2025-09-09,197.69000244140625,198.1300048828125,195.77000427246094,197.5500030517578,4074000.0,197.5500030517578,0.0
PANW,2025-09-10,197.83999633789062,202.72000122070312,195.6999969482422,197.3300018310547,6342400.0,197.3300018310547,0.0
PANW,2025-09-11,198.0,200.8000030517578,197.72000122070312,198.3300018310547,4327500.0,198.3300018310547,0.0
PANW,2025-09-12,197.17999267578125,199.9499969482422,196.16000366210938,196.2899932861328,4431600.0,196.2899932861328,0.0
PANW,2025-09-16 16:00:00-04:00,201.50999450683594,202.10000610351562,198.75999450683594,201.33999633789062,5158694.0,201.33999633789062,0.0
KLAC,2025-03-17,705.739990234375,724.2000122070312,705.530029296875,718.2899780273438,976200.0,715.0089111328125,0.0
KLAC,2025-03-18,711.9000244140625,712.7999877929688,698.0599975585938,710.0,950700.0,706.7568359375,0.0
KLAC,2025-03-19,710.0,730.0700073242188,704.9500122070312,719.6099853515625,753300.0,716.3228759765625,0.0
KLAC,2025-03-20,708.8200073242188,719.6599731445312,707.6799926757812,716.4600219726562,629400.0,713.1873168945312,0.0
KLAC,2025-03-21,702.3099975585938,709.3800048828125,692.3599853515625,706.489990234375,2454800.0,703.2628173828125,0.0
KLAC,2025-03-24,722.7100219726562,735.1400146484375,716.4000244140625,727.72998046875,730200.0,724.40576171875,0.0
KLAC,2025-03-25,724.6199951171875,727.1699829101562,718.72998046875,721.8499755859375,498700.0,718.5526733398438,0.0
KLAC,2025-03-26,721.489990234375,724.1699829101562,698.8099975585938,705.5399780273438,734600.0,702.317138671875,0.0
KLAC,2025-03-27,700.3499755859375,707.1300048828125,692.0,700.0,735100.0,696.8024291992188,0.0
KLAC,2025-03-28,685.3699951171875,694.1699829101562,667.1799926757812,673.5999755859375,989500.0,670.5230102539062,0.0
KLAC,2025-03-31,672.989990234375,681.1400146484375,655.4199829101562,679.7999877929688,1165400.0,676.6947021484375,0.0
KLAC,2025-04-01,674.0,682.7999877929688,662.1799926757812,682.4600219726562,669400.0,679.3425903320312,0.0
KLAC,2025-04-02,667.2899780273438,695.6199951171875,667.2899780273438,686.1900024414062,791100.0,683.0556030273438,0.0
KLAC,2025-04-03,652.2100219726562,656.9199829101562,620.27001953125,620.8200073242188,1525300.0,617.9841918945312,0.0
KLAC,2025-04-04,592.5399780273438,600.0,559.760009765625,576.530029296875,2072800.0,573.896484375,0.0
KLAC,2025-04-07,566.6500244140625,632.77001953125,551.3300170898438,604.6199951171875,2996100.0,601.858154296875,0.0
KLAC,2025-04-08,626.0,644.260009765625,586.8099975585938,599.510009765625,2719800.0,596.771484375,0.0
KLAC,2025-04-09,604.8699951171875,721.8400268554688,597.3499755859375,703.3099975585938,3447900.0,700.0973510742188,0.0
KLAC,2025-04-10,664.9000244140625,680.6900024414062,628.489990234375,656.760009765625,2676100.0,653.760009765625,0.0
KLAC,2025-04-11,646.8200073242188,676.72998046875,635.0800170898438,670.219970703125,1361800.0,667.158447265625,0.0
KLAC,2025-04-14,681.5,684.2999877929688,659.4500122070312,669.969970703125,987000.0,666.9096069335938,0.0
KLAC,2025-04-15,669.4199829101562,682.1099853515625,665.0,676.2100219726562,790400.0,673.1211547851562,0.0
KLAC,2025-04-16,638.25,659.0499877929688,619.3099975585938,642.1900024414062,2020800.0,639.2565307617188,0.0
KLAC,2025-04-17,649.030029296875,649.1900024414062,631.6199951171875,634.4299926757812,1224100.0,631.531982421875,0.0
KLAC,2025-04-21,623.4299926757812,627.2100219726562,607.7000122070312,620.7999877929688,1346100.0,617.9642944335938,0.0
KLAC,2025-04-22,626.6900024414062,639.8499755859375,625.8499755859375,636.3599853515625,1372400.0,633.453125,0.0
KLAC,2025-04-23,664.239990234375,672.7000122070312,652.8800048828125,657.1099853515625,945100.0,654.1083984375,0.0
KLAC,2025-04-24,674.1099853515625,690.5700073242188,664.2000122070312,689.4199829101562,1304000.0,686.2708129882812,0.0
KLAC,2025-04-25,680.0,700.3099975585938,678.9199829101562,694.6099853515625,631600.0,691.4370727539062,0.0
KLAC,2025-04-28,687.7000122070312,699.1400146484375,679.0499877929688,693.719970703125,736000.0,690.5510864257812,0.0
KLAC,2025-04-29,683.6300048828125,695.3499755859375,681.739990234375,687.9500122070312,726100.0,684.8074951171875,0.0
KLAC,2025-04-30,677.0,704.989990234375,674.2000122070312,702.6900024414062,1172300.0,699.4801635742188,0.0
KLAC,2025-05-01,689.2000122070312,693.0399780273438,674.760009765625,676.3099975585938,1463500.0,673.2206420898438,0.0
KLAC,2025-05-02,694.25,707.8400268554688,692.9099731445312,698.1599731445312,851800.0,694.9708862304688,0.0
KLAC,2025-05-05,691.02001953125,701.6099853515625,687.1199951171875,693.2899780273438,811900.0,690.1231079101562,0.0
KLAC,2025-05-06,680.8599853515625,690.0,677.6099853515625,679.4199829101562,905400.0,676.3164672851562,0.0
KLAC,2025-05-07,680.489990234375,696.4600219726562,675.27001953125,694.3499755859375,962800.0,691.1782836914062,0.0
KLAC,2025-05-08,703.3200073242188,710.5,692.7999877929688,703.3300170898438,906900.0,700.1172485351562,0.0
KLAC,2025-05-09,706.1400146484375,711.2999877929688,696.72998046875,701.2000122070312,955000.0,697.9970092773438,0.0
KLAC,2025-05-12,745.0,762.7999877929688,741.6099853515625,760.469970703125,2110300.0,756.9962158203125,0.0
KLAC,2025-05-13,760.0,798.02001953125,755.6500244140625,795.9000244140625,1804800.0,792.2644653320312,0.0
KLAC,2025-05-14,786.75,805.3900146484375,786.75,805.0,1171400.0,801.3228759765625,0.0
KLAC,2025-05-15,797.27001953125,810.6099853515625,795.5700073242188,806.0,1129800.0,802.3182983398438,0.0
KLAC,2025-05-16,807.1300048828125,807.1300048828125,784.0800170898438,791.1699829101562,1132000.0,787.5559692382812,0.0
KLAC,2025-05-19,780.6900024414062,789.5700073242188,775.02001953125,787.010009765625,1142000.0,785.3009643554688,1.9
KLAC,2025-05-20,779.6300048828125,790.8599853515625,777.1799926757812,790.2899780273438,949200.0,788.5737915039062,0.0
KLAC,2025-05-21,778.3200073242188,799.719970703125,775.1799926757812,778.9400024414062,1236700.0,777.2484741210938,0.0
KLAC,2025-05-22,766.4600219726562,781.760009765625,762.0,767.510009765625,682500.0,765.8433227539062,0.0
KLAC,2025-05-23,747.75,761.0999755859375,744.8699951171875,757.1699829101562,941900.0,755.5257568359375,0.0
KLAC,2025-05-27,774.7100219726562,792.1799926757812,768.5999755859375,789.0599975585938,1292500.0,787.3464965820312,0.0
KLAC,2025-05-28,789.0599975585938,796.2999877929688,776.1900024414062,777.5,905700.0,775.8115844726562,0.0
KLAC,2025-05-29,792.97998046875,794.7999877929688,768.6799926757812,773.969970703125,932300.0,772.2892456054688,0.0
KLAC,2025-05-30,772.780029296875,773.5499877929688,740.4400024414062,756.8800048828125,1717700.0,755.2363891601562,0.0
KLAC,2025-06-02,752.4000244140625,764.6500244140625,751.9600219726562,762.4400024414062,864600.0,760.7843017578125,0.0
KLAC,2025-06-03,762.0499877929688,779.5900268554688,756.3400268554688,775.7899780273438,943200.0,774.1052856445312,0.0
KLAC,2025-06-04,781.6199951171875,786.9299926757812,773.5999755859375,782.0900268554688,839500.0,780.3916625976562,0.0
KLAC,2025-06-05,788.4099731445312,796.510009765625,777.4199829101562,791.8900146484375,1618900.0,790.1703491210938,0.0
KLAC,2025-06-06,801.239990234375,813.969970703125,799.77001953125,808.0,996300.0,806.245361328125,0.0
KLAC,2025-06-09,811.0,835.0,811.0,829.2899780273438,1529800.0,827.4891357421875,0.0
KLAC,2025-06-10,829.2899780273438,857.1599731445312,826.760009765625,856.5900268554688,1515500.0,854.7298583984375,0.0
KLAC,2025-06-11,865.0800170898438,873.530029296875,858.7999877929688,872.0,1650400.0,870.1063842773438,0.0
KLAC,2025-06-12,866.5,879.1599731445312,866.5,875.0,1091700.0,873.099853515625,0.0
KLAC,2025-06-13,859.0,876.4500122070312,856.9400024414062,867.6699829101562,1832200.0,865.7857666015625,0.0
KLAC,2025-06-16,876.0,893.3099975585938,875.6199951171875,892.3800048828125,1619400.0,890.442138671875,0.0
KLAC,2025-06-17,890.0,914.8300170898438,887.719970703125,893.0,1334000.0,891.060791015625,0.0
KLAC,2025-06-18,894.8900146484375,898.1500244140625,867.3099975585938,871.1599731445312,1431500.0,869.2681884765625,0.0
KLAC,2025-06-20,883.8300170898438,883.8300170898438,834.8499755859375,850.0,2347800.0,848.1541748046875,0.0
KLAC,2025-06-23,852.9199829101562,859.6199951171875,841.1799926757812,856.280029296875,1427700.0,854.4205322265625,0.0
KLAC,2025-06-24,871.239990234375,890.5700073242188,869.5599975585938,889.030029296875,1145100.0,887.0994262695312,0.0
KLAC,2025-06-25,895.010009765625,902.9400024414062,887.739990234375,893.4600219726562,772000.0,891.519775390625,0.0
KLAC,2025-06-26,897.469970703125,907.260009765625,893.2999877929688,902.9400024414062,864700.0,900.9791870117188,0.0
KLAC,2025-06-27,905.0,907.9500122070312,884.6400146484375,889.8699951171875,1175500.0,887.9375610351562,0.0
KLAC,2025-06-30,891.1599731445312,898.25,884.3400268554688,895.739990234375,786700.0,893.7947998046875,0.0
KLAC,2025-07-01,888.780029296875,904.989990234375,882.2999877929688,898.8499755859375,1079100.0,896.8980712890625,0.0
KLAC,2025-07-02,888.2100219726562,921.9500122070312,885.0599975585938,921.0999755859375,1051000.0,919.0997314453125,0.0
KLAC,2025-07-03,920.0,928.02001953125,916.0499877929688,924.5800170898438,489400.0,922.5722045898438,0.0
KLAC,2025-07-07,916.9600219726562,923.5,905.9099731445312,912.6199951171875,901200.0,910.63818359375,0.0
KLAC,2025-07-08,910.9199829101562,927.3800048828125,908.27001953125,919.219970703125,862500.0,917.2238159179688,0.0
KLAC,2025-07-09,919.219970703125,931.9600219726562,915.510009765625,923.1799926757812,601000.0,921.1752319335938,0.0
KLAC,2025-07-10,922.8900146484375,932.1699829101562,919.3699951171875,928.6199951171875,798200.0,926.6034545898438,0.0
KLAC,2025-07-11,925.5,930.1799926757812,921.2100219726562,924.5800170898438,570500.0,922.5722045898438,0.0
KLAC,2025-07-14,916.719970703125,926.760009765625,906.260009765625,921.8400268554688,567800.0,919.8381958007812,0.0
KLAC,2025-07-15,934.0,942.3400268554688,929.6500244140625,936.530029296875,746200.0,934.4962768554688,0.0
KLAC,2025-07-16,913.1199951171875,936.3800048828125,897.3800048828125,933.489990234375,1226900.0,931.4628295898438,0.0
KLAC,2025-07-17,924.010009765625,942.969970703125,910.0,937.0800170898438,1135300.0,935.0451049804688,0.0
KLAC,2025-07-18,945.8699951171875,945.8699951171875,924.8200073242188,931.1199951171875,682000.0,929.0980224609375,0.0
KLAC,2025-07-21,928.4600219726562,945.010009765625,925.6500244140625,937.760009765625,673700.0,935.7235717773438,0.0
KLAC,2025-07-22,938.6699829101562,938.6699829101562,890.0,892.219970703125,1619800.0,890.282470703125,0.0
KLAC,2025-07-23,899.3900146484375,900.0,879.8099975585938,897.0900268554688,1207500.0,895.1419067382812,0.0
KLAC,2025-07-24,901.8099975585938,912.3200073242188,894.2000122070312,904.1799926757812,549700.0,902.2164916992188,0.0
KLAC,2025-07-25,892.3400268554688,905.0,888.0700073242188,902.0900268554688,808000.0,900.1310424804688,0.0
KLAC,2025-07-28,917.3599853515625,931.9400024414062,915.0,923.1500244140625,839900.0,921.1453247070312,0.0
KLAC,2025-07-29,928.5900268554688,936.969970703125,915.0999755859375,916.0900268554688,1027200.0,914.1006469726562,0.0
KLAC,2025-07-30,922.6500244140625,927.8200073242188,913.3800048828125,924.989990234375,1058200.0,922.9813232421875,0.0
KLAC,2025-07-31,864.4500122070312,897.1900024414062,860.0,879.030029296875,2284100.0,877.1211547851562,0.0
KLAC,2025-08-01,856.2000122070312,894.1599731445312,855.280029296875,886.6400146484375,1474600.0,884.714599609375,0.0
KLAC,2025-08-04,896.75,917.780029296875,891.0,915.6199951171875,1064500.0,913.6316528320312,0.0
KLAC,2025-08-05,917.0,921.989990234375,875.9600219726562,883.4099731445312,1178300.0,881.4915771484375,0.0
KLAC,2025-08-06,883.4099731445312,889.1199951171875,869.219970703125,888.280029296875,935000.0,886.35107421875,0.0
KLAC,2025-08-07,912.4000244140625,917.530029296875,904.97998046875,912.0599975585938,717200.0,910.0794067382812,0.0
KLAC,2025-08-08,913.0,917.9400024414062,905.6799926757812,914.7999877929688,719500.0,912.8134155273438,0.0
KLAC,2025-08-11,922.1500244140625,933.3400268554688,907.6400146484375,910.1799926757812,814000.0,908.2034912109375,0.0
KLAC,2025-08-12,913.6799926757812,939.260009765625,907.47998046875,935.530029296875,1027900.0,933.4984741210938,0.0
KLAC,2025-08-13,940.0,952.3499755859375,937.5499877929688,949.47998046875,900700.0,947.4180908203125,0.0
KLAC,2025-08-14,941.6599731445312,959.260009765625,934.9199829101562,955.4099731445312,1005300.0,953.335205078125,0.0
KLAC,2025-08-15,924.22998046875,924.22998046875,873.1599731445312,874.9400024414062,2064500.0,873.0399780273438,0.0
KLAC,2025-08-18,873.0399780273438,883.760009765625,870.4299926757812,883.3900146484375,853800.0,883.3900146484375,1.9
KLAC,2025-08-19,883.3900146484375,889.25,874.1300048828125,876.0800170898438,986700.0,876.0800170898438,0.0
KLAC,2025-08-20,878.530029296875,880.22998046875,860.2100219726562,878.4400024414062,978500.0,878.4400024414062,0.0
KLAC,2025-08-21,876.4400024414062,881.2899780273438,866.6199951171875,872.3900146484375,730500.0,872.3900146484375,0.0
KLAC,2025-08-22,872.3900146484375,893.8300170898438,869.22998046875,870.280029296875,946300.0,870.280029296875,0.0
KLAC,2025-08-25,870.27001953125,886.75,866.02001953125,879.5499877929688,469300.0,879.5499877929688,0.0
KLAC,2025-08-26,881.27001953125,892.8800048828125,881.27001953125,888.0999755859375,812300.0,888.0999755859375,0.0
KLAC,2025-08-27,885.8900146484375,890.6300048828125,879.989990234375,888.8900146484375,528500.0,888.8900146484375,0.0
KLAC,2025-08-28,893.010009765625,897.0,885.0,894.0,964200.0,894.0,0.0
KLAC,2025-08-29,881.5,885.0,864.8099975585938,872.0,954300.0,872.0,0.0
KLAC,2025-09-02,845.8400268554688,852.8499755859375,836.72998046875,846.3499755859375,1241600.0,846.3499755859375,0.0
KLAC,2025-09-03,847.6599731445312,847.6599731445312,832.239990234375,843.9000244140625,933600.0,843.9000244140625,0.0
KLAC,2025-09-04,843.2000122070312,876.6599731445312,839.0,873.2899780273438,813400.0,873.2899780273438,0.0
KLAC,2025-09-05,879.6300048828125,906.260009765625,878.3400268554688,905.0900268554688,1155600.0,905.0900268554688,0.0
KLAC,2025-09-08,910.0,924.3499755859375,906.739990234375,908.97998046875,886500.0,908.97998046875,0.0
KLAC,2025-09-09,910.75,922.75,910.22998046875,917.72998046875,677800.0,917.72998046875,0.0
KLAC,2025-09-10,921.8599853515625,935.22998046875,914.9000244140625,932.6300048828125,712800.0,932.6300048828125,0.0
KLAC,2025-09-11,940.0,963.8900146484375,937.47998046875,959.280029296875,1022100.0,959.280029296875,0.0
KLAC,2025-09-12,957.47998046875,968.0900268554688,955.0,964.02001953125,583900.0,964.02001953125,0.0
KLAC,2025-09-15,966.989990234375,990.0,966.989990234375,988.9099731445312,845600.0,988.9099731445312,0.0
ADI,2025-03-17,207.75,213.3699951171875,207.3699951171875,211.67999267578125,2514500.0,209.89048767089844,0.0
ADI,2025-03-18,210.5800018310547,210.75,207.69000244140625,209.16000366210938,2657000.0,207.3917999267578,0.0
ADI,2025-03-19,209.19000244140625,213.02999877929688,208.08999633789062,209.97000122070312,2571900.0,208.1949462890625,0.0
ADI,2025-03-20,208.1699981689453,208.1699981689453,204.80999755859375,205.89999389648438,2775400.0,204.1593475341797,0.0
ADI,2025-03-21,203.05999755859375,205.27000427246094,201.27999877929688,204.39999389648438,5070200.0,202.6720428466797,0.0
ADI,2025-03-24,210.0,214.0800018310547,209.74000549316406,212.33999633789062,3458300.0,210.54490661621094,0.0
ADI,2025-03-25,210.97999572753906,214.6300048828125,210.97999572753906,213.5800018310547,2549800.0,211.77442932128906,0.0
ADI,2025-03-26,213.14999389648438,214.89999389648438,209.69000244140625,210.52999877929688,2453300.0,208.75021362304688,0.0
ADI,2025-03-27,208.67999267578125,211.0,205.8800048828125,208.94000244140625,2884800.0,207.1736602783203,0.0
ADI,2025-03-28,207.82000732421875,208.05999755859375,200.77000427246094,201.55999755859375,3521400.0,199.85604858398438,0.0
ADI,2025-03-31,200.22999572753906,202.52000427246094,196.8000030517578,201.6699981689453,3803700.0,199.96511840820312,0.0
ADI,2025-04-01,200.25999450683594,200.83999633789062,195.1199951171875,199.17999267578125,3383000.0,197.49615478515625,0.0
ADI,2025-04-02,195.75999450683594,202.3000030517578,195.75999450683594,199.58999633789062,2437500.0,197.9027099609375,0.0
ADI,2025-04-03,191.82000732421875,193.1999969482422,180.39999389648438,180.8800048828125,6970800.0,179.3508758544922,0.0
ADI,2025-04-04,174.61000061035156,176.41000366210938,164.13999938964844,164.60000610351562,9633900.0,163.20851135253906,0.0
ADI,2025-04-07,163.1999969482422,183.30999755859375,158.64999389648438,171.33999633789062,10236500.0,169.8915252685547,0.0
ADI,2025-04-08,175.3800048828125,179.24000549316406,161.8300018310547,166.08999633789062,7640300.0,164.68589782714844,0.0
ADI,2025-04-09,166.0500030517578,198.4600067138672,164.5800018310547,196.6300048828125,10941600.0,194.96774291992188,0.0
ADI,2025-04-10,189.6300048828125,189.6300048828125,170.92999267578125,178.36000061035156,8547900.0,176.85218811035156,0.0
ADI,2025-04-11,172.1300048828125,180.97999572753906,167.1999969482422,179.16000366210938,6528800.0,177.64541625976562,0.0
ADI,2025-04-14,183.25999450683594,185.0,175.5800018310547,178.60000610351562,3912100.0,177.09014892578125,0.0
ADI,2025-04-15,178.60000610351562,182.47000122070312,178.07000732421875,179.5399932861328,3035900.0,178.02220153808594,0.0
ADI,2025-04-16,173.6699981689453,177.36000061035156,170.38999938964844,175.92999267578125,4392800.0,174.4427032470703,0.0
ADI,2025-04-17,177.88999938964844,178.33999633789062,173.5800018310547,176.27000427246094,3341200.0,174.77984619140625,0.0
ADI,2025-04-21,172.64999389648438,175.47000122070312,171.0,174.99000549316406,3650100.0,173.5106658935547,0.0
ADI,2025-04-22,176.77999877929688,179.19000244140625,175.2100067138672,178.5,3735000.0,176.99099731445312,0.0
ADI,2025-04-23,185.99000549316406,187.83999633789062,182.47999572753906,183.11000061035156,4323300.0,181.56202697753906,0.0
ADI,2025-04-24,192.72999572753906,197.52000427246094,191.0500030517578,195.22999572753906,5606700.0,193.57955932617188,0.0
ADI,2025-04-25,192.9499969482422,196.3699951171875,191.69000244140625,194.58999633789062,3206800.0,192.94497680664062,0.0
ADI,2025-04-28,193.36000061035156,196.3699951171875,189.9499969482422,193.72000122070312,3401400.0,192.0823211669922,0.0
ADI,2025-04-29,191.5,194.82000732421875,190.36000061035156,192.6699981689453,3939800.0,191.04119873046875,0.0
ADI,2025-04-30,187.5500030517578,195.33999633789062,186.72999572753906,194.9199981689453,4415400.0,193.27218627929688,0.0
ADI,2025-05-01,196.83999633789062,197.1699981689453,193.44000244140625,193.74000549316406,3439500.0,192.10215759277344,0.0
ADI,2025-05-02,197.86000061035156,199.7100067138672,197.14999389648438,198.58999633789062,3795900.0,196.91116333007812,0.0
ADI,2025-05-05,196.16000366210938,199.72000122070312,195.58999633789062,197.72000122070312,2022700.0,196.0485076904297,0.0
ADI,2025-05-06,194.88999938964844,197.39999389648438,194.25999450683594,195.60000610351562,2535500.0,193.94644165039062,0.0
ADI,2025-05-07,196.6300048828125,200.72000122070312,195.69000244140625,199.86000061035156,2965700.0,198.17041015625,0.0
ADI,2025-05-08,202.25999450683594,206.0399932861328,200.9600067138672,202.77999877929688,3422400.0,201.06573486328125,0.0
ADI,2025-05-09,207.24000549316406,210.13999938964844,206.2899932861328,207.50999450683594,3537500.0,205.7557373046875,0.0
ADI,2025-05-12,222.8699951171875,225.49000549316406,219.10000610351562,223.14999389648438,6358100.0,221.26351928710938,0.0
ADI,2025-05-13,221.97000122070312,227.07000732421875,220.25,226.67999267578125,4373500.0,224.76368713378906,0.0
ADI,2025-05-14,227.63999938964844,228.33999633789062,224.00999450683594,226.82000732421875,4648400.0,224.9025115966797,0.0
ADI,2025-05-15,224.42999267578125,228.8000030517578,224.00999450683594,227.1199951171875,3044800.0,225.19996643066406,0.0
ADI,2025-05-16,227.16000366210938,227.8000030517578,225.52999877929688,227.11000061035156,3617900.0,225.19004821777344,0.0
ADI,2025-05-19,223.63999938964844,226.80999755859375,223.07000732421875,224.5399932861328,3974200.0,222.64178466796875,0.0
ADI,2025-05-20,222.32000732421875,224.60000610351562,221.92999267578125,224.49000549316406,2619200.0,222.5922088623047,0.0
ADI,2025-05-21,222.60000610351562,227.38999938964844,221.3300018310547,222.22000122070312,5091100.0,220.34140014648438,0.0
ADI,2025-05-22,221.4600067138672,224.39999389648438,211.3699951171875,211.92999267578125,8968300.0,210.13836669921875,0.0
ADI,2025-05-23,208.97999572753906,211.0399932861328,206.0,210.47000122070312,4848100.0,208.69073486328125,0.0
ADI,2025-05-27,215.14999389648438,217.8699951171875,212.72999572753906,216.88999938964844,5542200.0,215.05645751953125,0.0
ADI,2025-05-28,217.61000061035156,218.19000244140625,215.4600067138672,215.6199951171875,3853900.0,213.79718017578125,0.0
ADI,2025-05-29,218.05999755859375,218.5,214.0,215.75,3800200.0,213.9261016845703,0.0
ADI,2025-05-30,215.27999877929688,215.83999633789062,210.8000030517578,213.97999572753906,10923400.0,212.17105102539062,0.0
ADI,2025-06-02,212.39999389648438,216.1999969482422,212.22000122070312,215.4499969482422,2233700.0,213.62863159179688,0.0
ADI,2025-06-03,214.02999877929688,218.88999938964844,213.0500030517578,218.42999267578125,3515800.0,216.5834197998047,0.0
ADI,2025-06-04,219.8300018310547,221.19000244140625,217.3300018310547,218.5,4199200.0,217.63925170898438,0.99
ADI,2025-06-05,219.8000030517578,222.58999633789062,217.02000427246094,218.0399932861328,3496200.0,217.18106079101562,0.0
ADI,2025-06-06,220.67999267578125,225.35000610351562,220.6300048828125,222.25999450683594,3246000.0,221.3844451904297,0.0
ADI,2025-06-09,223.82000732421875,229.17999267578125,223.41000366210938,227.66000366210938,4110600.0,226.76316833496094,0.0
ADI,2025-06-10,228.27000427246094,234.75999450683594,228.00999450683594,233.33999633789062,4164800.0,232.42079162597656,0.0
ADI,2025-06-11,234.08999633789062,236.1199951171875,230.27000427246094,232.5399932861328,3311800.0,231.6239471435547,0.0
ADI,2025-06-12,231.52999877929688,233.74000549316406,230.85000610351562,232.1199951171875,2144000.0,231.20559692382812,0.0
ADI,2025-06-13,227.55999755859375,228.94000244140625,224.3800048828125,225.02999877929688,3349600.0,224.14352416992188,0.0
ADI,2025-06-16,228.1300048828125,231.9199981689453,227.5,231.8000030517578,3344900.0,230.88687133789062,0.0
ADI,2025-06-17,229.1999969482422,231.69000244140625,227.30999755859375,227.44000244140625,2726500.0,226.54403686523438,0.0
ADI,2025-06-18,230.4199981689453,233.0800018310547,228.83999633789062,229.64999389648438,2551500.0,228.74533081054688,0.0
ADI,2025-06-20,231.75,232.02000427246094,225.57000732421875,228.35000610351562,5316100.0,227.45045471191406,0.0
ADI,2025-06-23,228.19000244140625,231.30999755859375,226.6999969482422,230.97999572753906,3573500.0,230.07008361816406,0.0
ADI,2025-06-24,233.91000366210938,235.61000061035156,233.2100067138672,234.97999572753906,3636100.0,234.05433654785156,0.0
ADI,2025-06-25,235.60000610351562,236.4499969482422,231.6199951171875,234.67999267578125,3548600.0,233.75550842285156,0.0
ADI,2025-06-26,236.02999877929688,238.22000122070312,235.10000610351562,237.3000030517578,3057800.0,236.36520385742188,0.0
ADI,2025-06-27,237.0,239.07000732421875,234.94000244140625,236.9600067138672,3617800.0,236.02655029296875,0.0
ADI,2025-06-30,237.5399932861328,238.6699981689453,235.66000366210938,238.02000427246094,3258700.0,237.08236694335938,0.0
ADI,2025-07-01,236.5399932861328,241.80999755859375,235.82000732421875,240.63999938964844,3500600.0,239.69203186035156,0.0
ADI,2025-07-02,240.47000122070312,245.44000244140625,240.02999877929688,245.14999389648438,3538300.0,244.18426513671875,0.0
ADI,2025-07-03,245.83999633789062,246.5500030517578,244.17999267578125,245.67999267578125,1837400.0,244.71217346191406,0.0
ADI,2025-07-07,244.80999755859375,245.30999755859375,240.36000061035156,241.80999755859375,2783400.0,240.857421875,0.0
ADI,2025-07-08,243.60000610351562,247.72999572753906,242.66000366210938,245.14999389648438,3964200.0,244.18426513671875,0.0
ADI,2025-07-09,245.58999633789062,246.9199981689453,241.0,242.72000122070312,3339000.0,241.7638397216797,0.0
ADI,2025-07-10,244.77999877929688,245.74000549316406,242.22000122070312,245.1300048828125,2428200.0,244.1643524169922,0.0
ADI,2025-07-11,243.36000061035156,245.77999877929688,242.00999450683594,244.67999267578125,2037700.0,243.7161102294922,0.0
ADI,2025-07-14,243.1300048828125,244.1300048828125,241.42999267578125,243.4600067138672,2045400.0,242.5009307861328,0.0
ADI,2025-07-15,244.99000549316406,245.75999450683594,240.27000427246094,240.4199981689453,3001700.0,239.472900390625,0.0
ADI,2025-07-16,239.75,241.00999450683594,236.27999877929688,240.61000061035156,2842100.0,239.6621551513672,0.0
ADI,2025-07-17,239.94000244140625,241.88999938964844,239.0800018310547,240.97000122070312,2830800.0,240.02073669433594,0.0
ADI,2025-07-18,243.0399932861328,243.60000610351562,240.8300018310547,241.85000610351562,2761600.0,240.89727783203125,0.0
ADI,2025-07-21,243.3300018310547,245.72000122070312,240.35000610351562,240.47999572753906,2997800.0,239.5326690673828,0.0
ADI,2025-07-22,238.7899932861328,241.39999389648438,234.0,235.5,6027500.0,234.57228088378906,0.0
ADI,2025-07-23,230.77000427246094,232.5,222.0,228.0800018310547,7845200.0,227.1815185546875,0.0
ADI,2025-07-24,228.47000122070312,228.47000122070312,223.75999450683594,226.3699951171875,4771000.0,225.47825622558594,0.0
ADI,2025-07-25,226.63999938964844,228.64999389648438,225.17999267578125,227.82000732421875,2695600.0,226.92254638671875,0.0
ADI,2025-07-28,228.91000366210938,231.0399932861328,228.86000061035156,230.77000427246094,3136200.0,229.86093139648438,0.0
ADI,2025-07-29,231.97999572753906,232.63999938964844,229.13999938964844,230.75,2174200.0,229.84100341796875,0.0
ADI,2025-07-30,231.8300018310547,232.1999969482422,229.10000610351562,231.11000061035156,2324100.0,230.1995849609375,0.0
ADI,2025-07-31,228.27999877929688,229.77999877929688,222.3699951171875,224.6300048828125,5339800.0,223.7451171875,0.0
ADI,2025-08-01,222.36000061035156,223.16000366210938,218.85000610351562,221.7100067138672,3740500.0,220.8366241455078,0.0
ADI,2025-08-04,221.4199981689453,223.52999877929688,220.60000610351562,222.39999389648438,2848100.0,221.5238800048828,0.0
ADI,2025-08-05,222.97999572753906,225.0800018310547,219.38999938964844,220.67999267578125,3099000.0,219.81065368652344,0.0
ADI,2025-08-06,220.67999267578125,221.1699981689453,218.3699951171875,220.69000244140625,2547300.0,219.8206329345703,0.0
ADI,2025-08-07,223.10000610351562,225.63999938964844,222.19000244140625,223.1199951171875,2522000.0,222.24105834960938,0.0
ADI,2025-08-08,223.05999755859375,224.94000244140625,221.14999389648438,223.9499969482422,3078200.0,223.06777954101562,0.0
ADI,2025-08-11,225.0,228.32000732421875,223.44000244140625,224.07000732421875,3479200.0,223.18731689453125,0.0
ADI,2025-08-12,226.47999572753906,234.2899932861328,225.42999267578125,232.0399932861328,4979300.0,231.12591552734375,0.0
ADI,2025-08-13,232.97000122070312,238.27000427246094,232.1199951171875,237.6300048828125,3804700.0,236.69390869140625,0.0
ADI,2025-08-14,234.86000061035156,236.8699951171875,232.97000122070312,236.2100067138672,2182100.0,235.2794952392578,0.0
ADI,2025-08-15,237.2100067138672,237.2100067138672,231.0399932861328,231.6300048828125,3826400.0,230.71754455566406,0.0
ADI,2025-08-18,230.5,234.0399932861328,230.5,231.5500030517578,2260100.0,230.63784790039062,0.0
ADI,2025-08-19,231.63999938964844,234.22000122070312,229.80999755859375,230.44000244140625,4569000.0,229.5322265625,0.0
ADI,2025-08-20,239.69000244140625,245.39999389648438,228.11000061035156,244.8699951171875,8529000.0,243.90536499023438,0.0
ADI,2025-08-21,244.0,250.17999267578125,243.49000549316406,246.9499969482422,5991800.0,245.9771728515625,0.0
ADI,2025-08-22,249.17999267578125,257.2099914550781,248.22000122070312,252.1999969482422,4990800.0,251.2064971923828,0.0
ADI,2025-08-25,252.63999938964844,255.27000427246094,251.25999450683594,254.49000549316406,3419100.0,253.48748779296875,0.0
ADI,2025-08-26,254.0,257.7200012207031,253.69000244140625,255.6300048828125,5735100.0,254.6230010986328,0.0
ADI,2025-08-27,254.58999633789062,256.25,252.8699951171875,255.5,3347400.0,254.49349975585938,0.0
ADI,2025-08-28,256.8800048828125,258.1300048828125,254.1699981689453,254.25,4038100.0,253.24842834472656,0.0
ADI,2025-08-29,253.05999755859375,254.25,250.52000427246094,251.30999755859375,3599000.0,250.32000732421875,0.0
ADI,2025-09-02,246.5,248.52000427246094,243.8300018310547,248.32000732421875,3115700.0,248.32000732421875,0.99
ADI,2025-09-03,248.32000732421875,248.8699951171875,241.92999267578125,244.5500030517578,3024500.0,244.5500030517578,0.0
ADI,2025-09-04,243.00999450683594,246.32000732421875,239.5800018310547,246.11000061035156,3574700.0,246.11000061035156,0.0
ADI,2025-09-05,246.22000122070312,249.72999572753906,245.3800048828125,247.07000732421875,2166100.0,247.07000732421875,0.0
ADI,2025-09-08,248.0500030517578,249.42999267578125,246.63999938964844,248.97999572753906,2417900.0,248.97999572753906,0.0
ADI,2025-09-09,248.11000061035156,249.32000732421875,246.52000427246094,248.17999267578125,2154600.0,248.17999267578125,0.0
ADI,2025-09-10,248.3000030517578,249.0500030517578,245.8699951171875,247.2100067138672,2474500.0,247.2100067138672,0.0
ADI,2025-09-11,247.75999450683594,250.0,246.49000549316406,248.24000549316406,2244700.0,248.24000549316406,0.0
ADI,2025-09-12,247.6199951171875,248.22999572753906,244.97999572753906,245.2100067138672,2110000.0,245.2100067138672,0.0
ADI,2025-09-16 16:00:01-04:00,243.17999267578125,247.3199005126953,242.22000122070312,244.10000610351562,2913786.0,244.10000610351562,0.0
ADP,2025-03-17,292.0799865722656,297.8999938964844,291.2200012207031,296.5799865722656,1818300.0,293.5805969238281,0.0
ADP,2025-03-18,295.8500061035156,296.4800109863281,293.0,295.92999267578125,1181000.0,292.9371643066406,0.0
ADP,2025-03-19,295.92999267578125,300.2699890136719,295.92999267578125,298.7900085449219,1291700.0,295.76824951171875,0.0
ADP,2025-03-20,295.1400146484375,299.80999755859375,294.8999938964844,297.510009765625,1602400.0,294.5011901855469,0.0
ADP,2025-03-21,295.1600036621094,295.6600036621094,292.7300109863281,295.32000732421875,3951100.0,292.3333435058594,0.0
ADP,2025-03-24,297.5299987792969,300.2300109863281,296.7300109863281,298.8900146484375,1709100.0,295.86724853515625,0.0
ADP,2025-03-25,299.010009765625,300.0299987792969,297.510009765625,299.3800048828125,1474800.0,296.352294921875,0.0
ADP,2025-03-26,300.4200134277344,307.1400146484375,298.8699951171875,302.4100036621094,1851300.0,299.35162353515625,0.0
ADP,2025-03-27,303.0299987792969,306.25,301.2799987792969,305.42999267578125,1373800.0,302.3410949707031,0.0
ADP,2025-03-28,306.29998779296875,308.8900146484375,300.6499938964844,300.8299865722656,1785400.0,297.7876281738281,0.0
ADP,2025-03-31,301.25,306.3299865722656,300.8999938964844,305.5299987792969,2492500.0,302.4400939941406,0.0
ADP,2025-04-01,305.3800048828125,307.3800048828125,303.5899963378906,306.5400085449219,1199200.0,303.43988037109375,0.0
ADP,2025-04-02,304.92999267578125,307.9700012207031,303.75,307.2300109863281,1089300.0,304.1228942871094,0.0
ADP,2025-04-03,304.69000244140625,309.5,303.4800109863281,305.3900146484375,1998800.0,302.301513671875,0.0
ADP,2025-04-04,305.5799865722656,306.0,285.8999938964844,286.1300048828125,3769200.0,283.23626708984375,0.0
ADP,2025-04-07,284.0899963378906,288.5299987792969,272.6199951171875,281.2200012207031,3541600.0,278.37591552734375,0.0
ADP,2025-04-08,282.79998779296875,286.42999267578125,273.5400085449219,276.760009765625,3130200.0,273.9610595703125,0.0
ADP,2025-04-09,275.1600036621094,295.69000244140625,273.80999755859375,294.69000244140625,3469500.0,291.709716796875,0.0
ADP,2025-04-10,293.1400146484375,297.4700012207031,285.1400146484375,292.2099914550781,3284700.0,289.2547912597656,0.0
ADP,2025-04-11,292.2099914550781,301.3900146484375,290.29998779296875,299.5400085449219,2188000.0,296.51068115234375,0.0
ADP,2025-04-14,299.6499938964844,304.30999755859375,298.7200012207031,301.55999755859375,1806200.0,298.51025390625,0.0
ADP,2025-04-15,301.55999755859375,303.2699890136719,297.79998779296875,298.05999755859375,1763300.0,295.0456237792969,0.0
ADP,2025-04-16,297.9599914550781,299.20001220703125,292.260009765625,294.1400146484375,1406500.0,291.165283203125,0.0
ADP,2025-04-17,295.8800048828125,296.1000061035156,292.9599914550781,293.2799987792969,1667100.0,290.3139953613281,0.0
ADP,2025-04-21,290.7699890136719,293.239990234375,280.3399963378906,284.8500061035156,2315500.0,281.96923828125,0.0
ADP,2025-04-22,288.32000732421875,295.510009765625,286.760009765625,292.8900146484375,1725200.0,289.92791748046875,0.0
ADP,2025-04-23,294.3500061035156,297.6000061035156,291.7300109863281,293.5400085449219,1636100.0,290.57135009765625,0.0
ADP,2025-04-24,293.0400085449219,294.8599853515625,288.9599914550781,294.54998779296875,1686300.0,291.5711364746094,0.0
ADP,2025-04-25,293.0899963378906,294.20001220703125,288.75,291.760009765625,1482000.0,288.8093566894531,0.0
ADP,2025-04-28,291.6499938964844,294.2099914550781,290.3999938964844,293.57000732421875,1669200.0,290.6010437011719,0.0
ADP,2025-04-29,292.3999938964844,296.0199890136719,292.3699951171875,295.7699890136719,1618300.0,292.7787780761719,0.0
ADP,2025-04-30,290.739990234375,301.3599853515625,288.3399963378906,300.6000061035156,3342000.0,297.5599365234375,0.0
ADP,2025-05-01,299.2099914550781,300.32000732421875,293.7300109863281,298.69000244140625,1667400.0,295.66925048828125,0.0
ADP,2025-05-02,301.0199890136719,305.05999755859375,300.0799865722656,303.57000732421875,1720800.0,300.4999084472656,0.0
ADP,2025-05-05,303.29998779296875,305.75,301.45001220703125,303.9599914550781,1232800.0,300.8859558105469,0.0
ADP,2025-05-06,303.2300109863281,304.19000244140625,300.92999267578125,303.3299865722656,1006800.0,300.2622985839844,0.0
ADP,2025-05-07,303.4100036621094,306.20001220703125,302.3800048828125,305.17999267578125,2013000.0,302.0936279296875,0.0
ADP,2025-05-08,306.8999938964844,309.6700134277344,305.19000244140625,307.0899963378906,1164200.0,303.98431396484375,0.0
ADP,2025-05-09,307.0899963378906,308.7099914550781,305.82000732421875,307.7200012207031,851700.0,304.6079406738281,0.0
ADP,2025-05-12,311.82000732421875,312.1400146484375,305.2099914550781,309.3800048828125,1683000.0,306.25115966796875,0.0
ADP,2025-05-13,310.0799865722656,310.8599853515625,308.17999267578125,308.19000244140625,1215300.0,305.0732116699219,0.0
ADP,2025-05-14,306.6600036621094,309.9800109863281,305.510009765625,309.4100036621094,1163100.0,306.2808532714844,0.0
ADP,2025-05-15,309.9599914550781,315.95001220703125,309.9599914550781,315.8500061035156,1696900.0,312.6557312011719,0.0
ADP,2025-05-16,316.44000244140625,319.5,314.3900146484375,319.3699951171875,1489000.0,316.1401062011719,0.0
ADP,2025-05-19,318.7200012207031,323.1700134277344,317.3699951171875,322.9599914550781,1530400.0,319.69378662109375,0.0
ADP,2025-05-20,321.3599853515625,323.1400146484375,320.8299865722656,322.79998779296875,1015000.0,319.535400390625,0.0
ADP,2025-05-21,320.30999755859375,323.6600036621094,320.30999755859375,322.6300048828125,1892300.0,319.3671569824219,0.0
ADP,2025-05-22,322.6000061035156,323.2099914550781,320.1499938964844,321.6499938964844,1273700.0,318.3970642089844,0.0
ADP,2025-05-23,319.07000732421875,321.8299865722656,317.6499938964844,321.0899963378906,962400.0,317.84271240234375,0.0
ADP,2025-05-27,322.8800048828125,326.0,321.82000732421875,325.7099914550781,1745100.0,322.4159851074219,0.0
ADP,2025-05-28,327.32000732421875,327.989990234375,323.7099914550781,324.1400146484375,1158700.0,320.86187744140625,0.0
ADP,2025-05-29,324.20001220703125,325.07000732421875,321.2699890136719,324.1199951171875,921700.0,320.8420715332031,0.0
ADP,2025-05-30,325.17999267578125,326.6000061035156,323.3699951171875,325.5299987792969,2925000.0,322.2378234863281,0.0
ADP,2025-06-02,322.79998779296875,325.9100036621094,321.07000732421875,325.79998779296875,1502400.0,322.5050964355469,0.0
ADP,2025-06-03,324.4599914550781,326.79998779296875,322.9800109863281,326.5299987792969,2155900.0,323.22772216796875,0.0
ADP,2025-06-04,325.7200012207031,327.55999755859375,323.9599914550781,326.2099914550781,1229900.0,322.91094970703125,0.0
ADP,2025-06-05,327.17999267578125,327.79998779296875,324.67999267578125,326.2300109863281,1817400.0,322.9307556152344,0.0
ADP,2025-06-06,328.8500061035156,329.92999267578125,326.1300048828125,326.80999755859375,1183300.0,323.5048828125,0.0
ADP,2025-06-09,325.7200012207031,325.8399963378906,317.79998779296875,318.57000732421875,1462900.0,315.34820556640625,0.0
ADP,2025-06-10,318.5299987792969,319.7200012207031,312.67999267578125,314.5199890136719,1422000.0,311.3391418457031,0.0
ADP,2025-06-11,314.3800048828125,314.3800048828125,310.92999267578125,312.3699951171875,1323600.0,309.2109069824219,0.0
ADP,2025-06-12,312.9599914550781,314.25,305.2799987792969,309.75,1798900.0,306.6174011230469,0.0
ADP,2025-06-13,307.07000732421875,310.8500061035156,305.739990234375,306.82000732421875,2021600.0,305.2345886230469,1.54
ADP,2025-06-16,307.79998779296875,309.69000244140625,306.6300048828125,307.9100036621094,1622300.0,306.3189697265625,0.0
ADP,2025-06-17,308.7699890136719,309.29998779296875,306.8500061035156,307.6199951171875,2356900.0,306.03045654296875,0.0
ADP,2025-06-18,307.6199951171875,308.80999755859375,306.0799865722656,306.7699890136719,1466700.0,305.1848449707031,0.0
ADP,2025-06-20,308.510009765625,308.510009765625,304.0,306.260009765625,3659000.0,304.677490234375,0.0
ADP,2025-06-23,307.260009765625,310.44000244140625,305.760009765625,310.239990234375,1707000.0,308.63690185546875,0.0
ADP,2025-06-24,311.25,311.989990234375,308.1499938964844,311.3999938964844,1309200.0,309.7909240722656,0.0
ADP,2025-06-25,311.0199890136719,311.20001220703125,297.2200012207031,298.19000244140625,2354900.0,296.649169921875,0.0
ADP,2025-06-26,299.239990234375,303.8999938964844,296.75,302.9800109863281,2304100.0,301.4144287109375,0.0
ADP,2025-06-27,302.94000244140625,306.4700012207031,300.8999938964844,303.45001220703125,1931100.0,301.88201904296875,0.0
ADP,2025-06-30,303.3699951171875,308.8800048828125,302.6099853515625,308.3999938964844,2414600.0,306.8064270019531,0.0
ADP,2025-07-01,308.17999267578125,311.989990234375,307.29998779296875,310.1300048828125,1496600.0,308.5274963378906,0.0
ADP,2025-07-02,308.0799865722656,308.75,300.7900085449219,305.04998779296875,1327800.0,303.4737243652344,0.0
ADP,2025-07-03,307.0,309.3999938964844,305.2799987792969,309.20001220703125,1393200.0,307.602294921875,0.0
ADP,2025-07-07,309.17999267578125,310.80999755859375,306.8999938964844,308.3999938964844,1660400.0,306.8064270019531,0.0
ADP,2025-07-08,307.7699890136719,309.2099914550781,305.3999938964844,306.8999938964844,1919200.0,305.3141784667969,0.0
ADP,2025-07-09,308.2099914550781,308.6600036621094,305.260009765625,308.4100036621094,1359600.0,306.8163757324219,0.0
ADP,2025-07-10,307.3500061035156,308.4700012207031,305.32000732421875,305.82000732421875,1421500.0,304.23974609375,0.0
ADP,2025-07-11,305.42999267578125,305.8599853515625,301.8399963378906,302.6499938964844,1097300.0,301.08612060546875,0.0
ADP,2025-07-14,302.19000244140625,303.8399963378906,301.1000061035156,303.3599853515625,1128400.0,301.7924499511719,0.0
ADP,2025-07-15,302.07000732421875,303.2099914550781,298.04998779296875,298.17999267578125,965400.0,296.63922119140625,0.0
ADP,2025-07-16,298.6600036621094,300.70001220703125,296.4599914550781,300.2699890136719,1525500.0,298.7184143066406,0.0
ADP,2025-07-17,299.8800048828125,303.3699951171875,299.8800048828125,302.1199951171875,1313800.0,300.5588684082031,0.0
ADP,2025-07-18,304.2699890136719,304.2699890136719,300.3900146484375,301.7900085449219,1653900.0,300.2305908203125,0.0
ADP,2025-07-21,301.69000244140625,303.29998779296875,300.75,300.8999938964844,949700.0,299.3451843261719,0.0
ADP,2025-07-22,301.6000061035156,306.3299865722656,301.4800109863281,302.9800109863281,1026700.0,301.4144287109375,0.0
ADP,2025-07-23,302.3800048828125,304.510009765625,301.5,304.2300109863281,1135600.0,302.6579895019531,0.0
ADP,2025-07-24,303.9200134277344,307.1000061035156,303.25,306.239990234375,1148000.0,304.6575622558594,0.0
ADP,2025-07-25,307.1600036621094,308.82000732421875,306.1700134277344,308.6300048828125,967200.0,307.0352478027344,0.0
ADP,2025-07-28,308.6000061035156,309.19000244140625,306.30999755859375,306.8900146484375,1184800.0,305.3042297363281,0.0
ADP,2025-07-29,307.9700012207031,309.69000244140625,305.5,308.6400146484375,2670900.0,307.0451965332031,0.0
ADP,2025-07-30,299.30999755859375,315.9800109863281,298.69000244140625,310.94000244140625,2558200.0,309.33331298828125,0.0
ADP,2025-07-31,309.32000732421875,315.260009765625,308.80999755859375,309.5,2030400.0,307.9007263183594,0.0
ADP,2025-08-01,308.0,308.2699890136719,299.55999755859375,300.44000244140625,1791600.0,298.8875427246094,0.0
ADP,2025-08-04,300.54998779296875,303.0899963378906,300.3699951171875,302.260009765625,1560100.0,300.6981506347656,0.0
ADP,2025-08-05,302.17999267578125,302.8900146484375,299.2900085449219,299.44000244140625,1774900.0,297.8927307128906,0.0
ADP,2025-08-06,300.5799865722656,302.4599914550781,298.6600036621094,301.6400146484375,1879400.0,300.08135986328125,0.0
ADP,2025-08-07,303.67999267578125,305.7699890136719,301.5799865722656,303.489990234375,1519900.0,301.9217834472656,0.0
ADP,2025-08-08,304.1300048828125,306.8299865722656,303.6199951171875,305.80999755859375,879400.0,304.22979736328125,0.0
ADP,2025-08-11,304.760009765625,306.94000244140625,302.5,303.7200012207031,1265700.0,302.1506042480469,0.0
ADP,2025-08-12,303.5199890136719,304.20001220703125,299.010009765625,299.6300048828125,1280000.0,298.0817565917969,0.0
ADP,2025-08-13,299.8699951171875,305.1099853515625,299.7300109863281,304.95001220703125,2351700.0,303.374267578125,0.0
ADP,2025-08-14,304.95001220703125,304.9599914550781,301.42999267578125,301.67999267578125,1074400.0,300.1211242675781,0.0
ADP,2025-08-15,301.30999755859375,304.0299987792969,300.05999755859375,301.7900085449219,1362800.0,300.2305908203125,0.0
ADP,2025-08-18,302.0199890136719,303.1600036621094,301.1000061035156,302.6499938964844,1156700.0,301.08612060546875,0.0
ADP,2025-08-19,302.5799865722656,306.7300109863281,302.25,305.7200012207031,1227200.0,304.1402587890625,0.0
ADP,2025-08-20,306.8399963378906,310.0799865722656,305.6700134277344,309.0299987792969,1440600.0,307.43316650390625,0.0
ADP,2025-08-21,308.5299987792969,308.989990234375,304.0400085449219,304.94000244140625,1458700.0,303.3642883300781,0.0
ADP,2025-08-22,306.45001220703125,308.8999938964844,303.3699951171875,307.95001220703125,1150900.0,306.3587646484375,0.0
ADP,2025-08-25,306.7099914550781,307.79998779296875,303.2799987792969,303.8399963378906,1138000.0,302.2699890136719,0.0
ADP,2025-08-26,303.1300048828125,304.6700134277344,302.1199951171875,303.45001220703125,2503400.0,301.88201904296875,0.0
ADP,2025-08-27,302.5299987792969,304.3299865722656,301.9599914550781,303.0899963378906,1109600.0,301.52386474609375,0.0
ADP,2025-08-28,303.0400085449219,304.45001220703125,301.75,304.1000061035156,1488200.0,302.5286560058594,0.0
ADP,2025-08-29,302.6499938964844,305.30999755859375,302.6499938964844,304.04998779296875,1106900.0,302.4788818359375,0.0
ADP,2025-09-02,301.6400146484375,302.45001220703125,298.29998779296875,299.7699890136719,1648300.0,298.22100830078125,0.0
ADP,2025-09-03,296.57000732421875,300.07000732421875,294.5899963378906,298.8599853515625,1447900.0,297.3157043457031,0.0
ADP,2025-09-04,298.9200134277344,301.5799865722656,296.7099914550781,301.19000244140625,1735400.0,299.6336669921875,0.0
ADP,2025-09-05,301.19000244140625,302.67999267578125,293.95001220703125,295.9700012207031,1892500.0,294.4406433105469,0.0
ADP,2025-09-08,296.5799865722656,298.5899963378906,293.510009765625,298.42999267578125,1716600.0,296.887939453125,0.0
ADP,2025-09-09,298.42999267578125,298.8999938964844,296.2200012207031,297.239990234375,1349900.0,295.7040710449219,0.0
ADP,2025-09-10,297.8399963378906,297.8399963378906,290.3800048828125,292.3900146484375,1762100.0,290.879150390625,0.0
ADP,2025-09-11,291.9599914550781,299.2200012207031,291.9599914550781,298.0299987792969,1984800.0,296.489990234375,0.0
ADP,2025-09-12,294.9599914550781,296.8599853515625,292.19000244140625,293.5,1100100.0,293.5,1.54
ADP,2025-09-15,293.57000732421875,294.92999267578125,290.20001220703125,290.8699951171875,1290500.0,290.8699951171875,0.0
ADP,2025-09-16 16:00:01-04:00,290.25,291.9100036621094,282.2699890136719,288.69000244140625,2607177.0,288.69000244140625,0.0
CRWD,2025-03-17,353.0,370.8599853515625,352.5660095214844,364.8299865722656,4255100.0,364.8299865722656,0.0
CRWD,2025-03-18,362.1000061035156,368.4670104980469,356.7099914550781,363.1499938964844,3185600.0,363.1499938964844,0.0
CRWD,2025-03-19,366.2200012207031,381.260009765625,362.2560119628906,375.04998779296875,4056600.0,375.04998779296875,0.0
CRWD,2025-03-20,371.2799987792969,377.489990234375,364.4599914550781,369.0299987792969,2883000.0,369.0299987792969,0.0
CRWD,2025-03-21,358.9100036621094,372.19000244140625,353.0299987792969,362.239990234375,8119500.0,362.239990234375,0.0
CRWD,2025-03-24,370.0,373.6300048828125,361.6600036621094,372.6400146484375,4146900.0,372.6400146484375,0.0
CRWD,2025-03-25,378.0799865722656,392.6940002441406,377.0,384.95001220703125,4258400.0,384.95001220703125,0.0
CRWD,2025-03-26,383.8949890136719,384.77301025390625,370.3599853515625,371.4100036621094,3275300.0,371.4100036621094,0.0
CRWD,2025-03-27,368.7200012207031,371.4599914550781,360.2799987792969,366.55999755859375,2666100.0,366.55999755859375,0.0
CRWD,2025-03-28,365.82000732421875,367.6400146484375,353.4800109863281,357.1099853515625,3457500.0,357.1099853515625,0.0
CRWD,2025-03-31,345.7850036621094,353.6400146484375,337.8900146484375,352.5799865722656,3297000.0,352.5799865722656,0.0
CRWD,2025-04-01,358.94000244140625,363.1700134277344,351.25,362.3800048828125,2682100.0,362.3800048828125,0.0
CRWD,2025-04-02,353.1600036621094,376.2699890136719,353.02899169921875,371.489990234375,2472000.0,371.489990234375,0.0
CRWD,2025-04-03,350.9419860839844,360.9100036621094,341.80999755859375,347.3900146484375,4304400.0,347.3900146484375,0.0
CRWD,2025-04-04,328.0199890136719,334.0450134277344,310.30999755859375,321.6300048828125,7032800.0,321.6300048828125,0.0
CRWD,2025-04-07,300.05999755859375,341.7699890136719,298.0,324.3599853515625,6299600.0,324.3599853515625,0.0
CRWD,2025-04-08,342.7099914550781,351.05999755859375,318.3800048828125,325.0400085449219,5300600.0,325.0400085449219,0.0
CRWD,2025-04-09,324.6000061035156,382.6499938964844,324.489990234375,378.010009765625,7657000.0,378.010009765625,0.0
CRWD,2025-04-10,369.0,375.98699951171875,354.2040100097656,368.6099853515625,4552600.0,368.6099853515625,0.0
CRWD,2025-04-11,366.9800109863281,378.7900085449219,360.65399169921875,377.8999938964844,3383300.0,377.8999938964844,0.0
CRWD,2025-04-14,386.9549865722656,389.25299072265625,372.82000732421875,378.6600036621094,3048000.0,378.6600036621094,0.0
CRWD,2025-04-15,383.3999938964844,400.0199890136719,379.6700134277344,392.79998779296875,5204800.0,392.79998779296875,0.0
CRWD,2025-04-16,386.1099853515625,395.3500061035156,373.4800109863281,379.8399963378906,4186700.0,379.8399963378906,0.0
CRWD,2025-04-17,383.79998779296875,384.94000244140625,373.10101318359375,375.6199951171875,2098300.0,375.6199951171875,0.0
CRWD,2025-04-21,363.79998779296875,372.0899963378906,355.6600036621094,362.69000244140625,2904900.0,362.69000244140625,0.0
CRWD,2025-04-22,368.8399963378906,374.7099914550781,362.8999938964844,368.45001220703125,2577100.0,368.45001220703125,0.0
CRWD,2025-04-23,382.5,396.30499267578125,382.5,385.75,3580600.0,385.75,0.0
CRWD,2025-04-24,386.0,414.8489990234375,386.0,414.04998779296875,4624900.0,414.04998779296875,0.0
CRWD,2025-04-25,414.69000244140625,425.7349853515625,412.6000061035156,424.8800048828125,3335500.0,424.8800048828125,0.0
CRWD,2025-04-28,424.8399963378906,428.0,415.3299865722656,423.0799865722656,2798700.0,423.0799865722656,0.0
CRWD,2025-04-29,424.489990234375,432.3699951171875,423.0799865722656,430.989990234375,2407100.0,430.989990234375,0.0
CRWD,2025-04-30,419.010009765625,429.54998779296875,414.4100036621094,428.8699951171875,3187200.0,428.8699951171875,0.0
CRWD,2025-05-01,431.510009765625,439.6300048828125,427.75,431.8800048828125,3080100.0,431.8800048828125,0.0
CRWD,2025-05-02,438.17999267578125,443.70001220703125,434.3999938964844,440.5799865722656,2708700.0,440.5799865722656,0.0
CRWD,2025-05-05,436.0,451.1499938964844,435.40399169921875,443.4700012207031,3281000.0,443.4700012207031,0.0
CRWD,2025-05-06,432.2019958496094,447.5,430.57000732421875,443.2099914550781,3431200.0,443.2099914550781,0.0
CRWD,2025-05-07,425.4200134277344,429.8399963378906,417.06201171875,422.5199890136719,6673400.0,422.5199890136719,0.0
CRWD,2025-05-08,427.4849853515625,432.906005859375,424.7200012207031,428.6300048828125,3619000.0,428.6300048828125,0.0
CRWD,2025-05-09,418.94500732421875,420.0,404.6300048828125,410.57000732421875,4693300.0,410.57000732421875,0.0
CRWD,2025-05-12,419.69000244140625,429.4700012207031,415.1000061035156,429.44000244140625,3278500.0,429.44000244140625,0.0
CRWD,2025-05-13,428.2099914550781,448.0,427.0,440.20001220703125,3734600.0,440.20001220703125,0.0
CRWD,2025-05-14,442.5,445.4700012207031,431.260009765625,435.94000244140625,2847300.0,435.94000244140625,0.0
CRWD,2025-05-15,423.5899963378906,433.8599853515625,422.0899963378906,431.8399963378906,2531900.0,431.8399963378906,0.0
CRWD,2025-05-16,435.8699951171875,440.8900146484375,431.82000732421875,439.260009765625,2133400.0,439.260009765625,0.0
CRWD,2025-05-19,432.42999267578125,445.5,431.69000244140625,444.3500061035156,2015600.0,444.3500061035156,0.0
CRWD,2025-05-20,441.8900146484375,443.010009765625,436.69500732421875,442.25,2132600.0,442.25,0.0
CRWD,2025-05-21,436.79998779296875,450.6700134277344,432.05999755859375,434.739990234375,4321100.0,434.739990234375,0.0
CRWD,2025-05-22,430.7149963378906,448.8800048828125,430.0,444.07000732421875,2590900.0,444.07000732421875,0.0
CRWD,2025-05-23,438.5,459.92999267578125,437.3999938964844,455.5899963378906,4487800.0,455.5899963378906,0.0
CRWD,2025-05-27,464.0,474.2300109863281,459.6000061035156,472.2200012207031,3997200.0,472.2200012207031,0.0
CRWD,2025-05-28,472.9849853515625,473.4100036621094,465.9800109863281,468.8299865722656,2893400.0,468.8299865722656,0.0
CRWD,2025-05-29,472.0,472.489990234375,453.42498779296875,458.80999755859375,3324000.0,458.80999755859375,0.0
CRWD,2025-05-30,462.0299987792969,473.1199951171875,456.7650146484375,471.3699951171875,4488700.0,471.3699951171875,0.0
CRWD,2025-06-02,471.0,479.9700012207031,465.5249938964844,479.1700134277344,3483400.0,479.1700134277344,0.0
CRWD,2025-06-03,480.7650146484375,491.20001220703125,477.45001220703125,488.760009765625,7632200.0,488.760009765625,0.0
CRWD,2025-06-04,454.75,470.95001220703125,445.260009765625,460.55999755859375,15453600.0,460.55999755859375,0.0
CRWD,2025-06-05,462.32501220703125,468.6000061035156,452.7099914550781,462.94000244140625,6178300.0,462.94000244140625,0.0
CRWD,2025-06-06,463.1199951171875,478.46600341796875,463.1199951171875,468.4100036621094,4343000.0,468.4100036621094,0.0
CRWD,2025-06-09,470.30999755859375,471.7699890136719,458.12799072265625,464.3900146484375,2724600.0,464.3900146484375,0.0
CRWD,2025-06-10,465.489990234375,470.010009765625,457.2300109863281,467.6499938964844,2472500.0,467.6499938964844,0.0
CRWD,2025-06-11,466.0199890136719,479.94000244140625,465.552001953125,476.9800109863281,2756500.0,476.9800109863281,0.0
CRWD,2025-06-12,474.0199890136719,488.7359924316406,473.0,481.7300109863281,3520200.0,481.7300109863281,0.0
CRWD,2025-06-13,475.0,485.4949951171875,473.05999755859375,480.6199951171875,2610700.0,480.6199951171875,0.0
CRWD,2025-06-16,481.8399963378906,487.4599914550781,477.2799987792969,479.3900146484375,2710300.0,479.3900146484375,0.0
CRWD,2025-06-17,479.45001220703125,493.20001220703125,474.0,492.0299987792969,3398700.0,492.0299987792969,0.0
CRWD,2025-06-18,490.7099914550781,490.7099914550781,478.82000732421875,485.1600036621094,2830300.0,485.1600036621094,0.0
CRWD,2025-06-20,484.5400085449219,490.0,474.2900085449219,476.29998779296875,5183100.0,476.29998779296875,0.0
CRWD,2025-06-23,470.7550048828125,494.29998779296875,461.510009765625,491.80999755859375,4431700.0,491.80999755859375,0.0
CRWD,2025-06-24,490.8999938964844,493.5,481.1199951171875,485.3800048828125,3633500.0,485.3800048828125,0.0
CRWD,2025-06-25,488.0799865722656,500.4100036621094,487.5450134277344,494.0899963378906,2957600.0,494.0899963378906,0.0
CRWD,2025-06-26,497.0799865722656,506.3500061035156,494.0899963378906,505.2200012207031,3017000.0,505.2200012207031,0.0
CRWD,2025-06-27,504.5899963378906,505.3699951171875,495.57000732421875,499.3299865722656,3466300.0,499.3299865722656,0.0
CRWD,2025-06-30,502.625,510.0199890136719,499.7200012207031,509.30999755859375,2702800.0,509.30999755859375,0.0
CRWD,2025-07-01,509.3699951171875,516.6199951171875,481.5,492.07000732421875,4089100.0,492.07000732421875,0.0
CRWD,2025-07-02,491.0,496.5,489.1440124511719,496.1000061035156,2113200.0,496.1000061035156,0.0
CRWD,2025-07-03,499.989990234375,517.97998046875,499.989990234375,514.0999755859375,2654000.0,514.0999755859375,0.0
CRWD,2025-07-07,507.70001220703125,508.1549987792969,498.9100036621094,505.4599914550781,3269400.0,505.4599914550781,0.0
CRWD,2025-07-08,507.6400146484375,509.385009765625,497.739990234375,507.7099914550781,2143300.0,507.7099914550781,0.0
CRWD,2025-07-09,512.0,513.9199829101562,507.0400085449219,513.510009765625,1869300.0,513.510009765625,0.0
CRWD,2025-07-10,512.989990234375,514.5,486.57000732421875,487.1099853515625,4178700.0,487.1099853515625,0.0
CRWD,2025-07-11,488.0,489.32598876953125,477.4700012207031,478.45001220703125,3384400.0,478.45001220703125,0.0
CRWD,2025-07-14,466.82000732421875,480.7170104980469,463.5,476.17999267578125,3340500.0,476.17999267578125,0.0
CRWD,2025-07-15,479.0899963378906,480.7200012207031,470.5199890136719,473.2799987792969,2529100.0,473.2799987792969,0.0
CRWD,2025-07-16,475.82000732421875,476.6499938964844,464.8349914550781,470.45001220703125,1980400.0,470.45001220703125,0.0
CRWD,2025-07-17,470.3500061035156,474.30999755859375,466.94000244140625,469.8299865722656,2256600.0,469.8299865722656,0.0
CRWD,2025-07-18,472.30999755859375,477.260009765625,465.760009765625,475.9599914550781,2903400.0,475.9599914550781,0.0
CRWD,2025-07-21,478.7149963378906,490.0400085449219,474.1099853515625,481.5799865722656,3416200.0,481.5799865722656,0.0
CRWD,2025-07-22,481.5,485.45599365234375,470.0,471.2300109863281,1975600.0,471.2300109863281,0.0
CRWD,2025-07-23,471.2300109863281,472.0,454.0400085449219,461.5199890136719,3024000.0,461.5199890136719,0.0
CRWD,2025-07-24,463.9800109863281,468.5,460.1199951171875,462.0299987792969,2486100.0,462.0299987792969,0.0
CRWD,2025-07-25,462.0,470.80999755859375,460.29998779296875,467.9200134277344,1794700.0,467.9200134277344,0.0
CRWD,2025-07-28,471.0,476.57000732421875,468.0,472.17999267578125,1825800.0,472.17999267578125,0.0
CRWD,2025-07-29,473.8699951171875,480.7200012207031,458.0,465.510009765625,2749900.0,465.510009765625,0.0
CRWD,2025-07-30,463.5199890136719,466.67999267578125,453.4200134277344,463.1499938964844,2117500.0,463.1499938964844,0.0
CRWD,2025-07-31,465.760009765625,467.8999938964844,453.760009765625,454.57000732421875,2832800.0,454.57000732421875,0.0
CRWD,2025-08-01,448.95001220703125,454.0,438.0899963378906,446.6600036621094,3014400.0,446.6600036621094,0.0
CRWD,2025-08-04,452.8999938964844,457.489990234375,448.0,454.8599853515625,1882800.0,454.8599853515625,0.0
CRWD,2025-08-05,454.6300048828125,457.79998779296875,438.5,441.75,3104600.0,441.75,0.0
CRWD,2025-08-06,445.0,451.8999938964844,442.010009765625,451.69000244140625,2035700.0,451.69000244140625,0.0
CRWD,2025-08-07,451.69000244140625,451.9849853515625,422.0,425.0,5710100.0,425.0,0.0
CRWD,2025-08-08,431.0,434.5,420.4200134277344,424.489990234375,3632100.0,424.489990234375,0.0
CRWD,2025-08-11,423.82000732421875,434.0,419.739990234375,426.42999267578125,2525400.0,426.42999267578125,0.0
CRWD,2025-08-12,428.010009765625,438.29998779296875,427.489990234375,435.79998779296875,2311000.0,435.79998779296875,0.0
CRWD,2025-08-13,440.0,442.42498779296875,427.8599853515625,432.1199951171875,2461100.0,432.1199951171875,0.0
CRWD,2025-08-14,432.3399963378906,435.0,419.80999755859375,424.8599853515625,2911600.0,424.8599853515625,0.0
CRWD,2025-08-15,425.2799987792969,428.9320068359375,423.0,427.8999938964844,2264400.0,427.8999938964844,0.0
CRWD,2025-08-18,426.0,428.9700012207031,421.6990051269531,426.3399963378906,2252700.0,426.3399963378906,0.0
CRWD,2025-08-19,431.0,436.0,415.8999938964844,418.6000061035156,2786800.0,418.6000061035156,0.0
CRWD,2025-08-20,417.42498779296875,420.94000244140625,409.30999755859375,419.1700134277344,2212600.0,419.1700134277344,0.0
CRWD,2025-08-21,417.7900085449219,417.92999267578125,413.6600036621094,414.05999755859375,1800400.0,414.05999755859375,0.0
CRWD,2025-08-22,415.0,423.9930114746094,412.5509948730469,420.54998779296875,2202300.0,420.54998779296875,0.0
CRWD,2025-08-25,422.6099853515625,426.0,418.5249938964844,418.8299865722656,2413300.0,418.8299865722656,0.0
CRWD,2025-08-26,419.32000732421875,425.0,416.70001220703125,417.6000061035156,3146700.0,417.6000061035156,0.0
CRWD,2025-08-27,421.6000061035156,427.4150085449219,419.9800109863281,422.6099853515625,8119600.0,422.6099853515625,0.0
CRWD,2025-08-28,410.0,442.1700134277344,409.25,442.0,9981800.0,442.0,0.0
CRWD,2025-08-29,444.864990234375,448.0,420.3900146484375,423.70001220703125,5485100.0,423.70001220703125,0.0
CRWD,2025-09-02,417.1090087890625,418.0199890136719,407.69500732421875,413.5,3762800.0,413.5,0.0
CRWD,2025-09-03,412.9849853515625,414.4800109863281,404.2799987792969,413.20001220703125,3036500.0,413.20001220703125,0.0
CRWD,2025-09-04,413.20001220703125,415.489990234375,402.6600036621094,412.4599914550781,2763400.0,412.4599914550781,0.0
CRWD,2025-09-05,414.07000732421875,418.11199951171875,407.05999755859375,417.6300048828125,2169300.0,417.6300048828125,0.0
CRWD,2025-09-08,419.0,428.8450012207031,416.4200134277344,428.05999755859375,2545800.0,428.05999755859375,0.0
CRWD,2025-09-09,428.1700134277344,431.0069885253906,420.6300048828125,423.510009765625,2126800.0,423.510009765625,0.0
CRWD,2025-09-10,427.56500244140625,433.8070068359375,422.1700134277344,424.8699951171875,2278800.0,424.8699951171875,0.0
CRWD,2025-09-11,428.25,438.260009765625,427.1000061035156,433.3800048828125,2411900.0,433.3800048828125,0.0
CRWD,2025-09-12,435.3900146484375,443.0,435.0,436.1000061035156,2764700.0,436.1000061035156,0.0
CRWD,2025-09-16 16:00:01-04:00,444.79998779296875,448.32000732421875,434.80999755859375,444.9800109863281,2902502.0,444.9800109863281,0.0
INTC,2025-03-17,24.420000076293945,26.149999618530273,24.3700008392334,25.690000534057617,160723600.0,25.690000534057617,0.0
INTC,2025-03-18,25.549999237060547,26.40999984741211,25.389999389648438,25.920000076293945,132488800.0,25.920000076293945,0.0
INTC,2025-03-19,24.899999618530273,25.229999542236328,24.030000686645508,24.1200008392334,135491400.0,24.1200008392334,0.0
INTC,2025-03-20,23.770000457763672,24.309999465942383,23.729999542236328,23.959999084472656,68937600.0,23.959999084472656,0.0
INTC,2025-03-21,23.600000381469727,24.700000762939453,23.489999771118164,24.260000228881836,94110700.0,24.260000228881836,0.0
INTC,2025-03-24,24.719999313354492,24.989999771118164,24.1299991607666,24.219999313354492,69169000.0,24.219999313354492,0.0
INTC,2025-03-25,24.18000030517578,24.75,24.110000610351562,24.200000762939453,51743300.0,24.200000762939453,0.0
INTC,2025-03-26,24.25,24.420000076293945,23.25,23.420000076293945,59496700.0,23.420000076293945,0.0
INTC,2025-03-27,23.290000915527344,23.760000228881836,22.860000610351562,23.6200008392334,57720600.0,23.6200008392334,0.0
INTC,2025-03-28,23.350000381469727,23.579999923706055,22.559999465942383,22.709999084472656,58365300.0,22.709999084472656,0.0
INTC,2025-03-31,22.3799991607666,22.75,21.75,22.709999084472656,65832000.0,22.709999084472656,0.0
INTC,2025-04-01,22.559999465942383,22.6200008392334,21.65999984741211,22.049999237060547,64060400.0,22.049999237060547,0.0
INTC,2025-04-02,21.889999389648438,22.3799991607666,21.700000762939453,21.979999542236328,58878800.0,21.979999542236328,0.0
INTC,2025-04-03,21.399999618530273,23.899999618530273,20.860000610351562,22.43000030517578,242972100.0,22.43000030517578,0.0
INTC,2025-04-04,21.700000762939453,22.200000762939453,19.700000762939453,19.850000381469727,175014700.0,19.850000381469727,0.0
INTC,2025-04-07,19.139999389648438,20.670000076293945,18.559999465942383,19.56999969482422,142491200.0,19.56999969482422,0.0
INTC,2025-04-08,20.059999465942383,20.389999389648438,17.670000076293945,18.1299991607666,163982700.0,18.1299991607666,0.0
INTC,2025-04-09,18.06999969482422,21.729999542236328,17.979999542236328,21.530000686645508,224183500.0,21.530000686645508,0.0
INTC,2025-04-10,20.68000030517578,20.81999969482422,19.15999984741211,19.8799991607666,129064900.0,19.8799991607666,0.0
INTC,2025-04-11,19.25,19.799999237060547,18.18000030517578,19.739999771118164,128425800.0,19.739999771118164,0.0
INTC,2025-04-14,20.59000015258789,21.049999237060547,19.979999542236328,20.309999465942383,101964400.0,20.309999465942383,0.0
INTC,2025-04-15,20.200000762939453,20.469999313354492,19.809999465942383,19.850000381469727,64056900.0,19.850000381469727,0.0
INTC,2025-04-16,19.34000015258789,19.43000030517578,18.719999313354492,19.229999542236328,89469700.0,19.229999542236328,0.0
INTC,2025-04-17,18.90999984741211,19.100000381469727,18.559999465942383,18.93000030517578,85646700.0,18.93000030517578,0.0
INTC,2025-04-21,18.93000030517578,18.989999771118164,18.25,18.84000015258789,72409900.0,18.84000015258789,0.0
INTC,2025-04-22,19.059999465942383,19.739999771118164,19.040000915527344,19.510000228881836,83365600.0,19.510000228881836,0.0
INTC,2025-04-23,20.719999313354492,21.030000686645508,20.309999465942383,20.59000015258789,97188100.0,20.59000015258789,0.0
INTC,2025-04-24,21.040000915527344,21.549999237060547,20.8799991607666,21.489999771118164,117086200.0,21.489999771118164,0.0
INTC,2025-04-25,19.729999542236328,20.18000030517578,19.34000015258789,20.049999237060547,147711200.0,20.049999237060547,0.0
INTC,2025-04-28,20.1200008392334,21.079999923706055,20.049999237060547,20.510000228881836,96624400.0,20.510000228881836,0.0
INTC,2025-04-29,20.309999465942383,20.850000381469727,20.219999313354492,20.34000015258789,70031900.0,20.34000015258789,0.0
INTC,2025-04-30,19.709999084472656,20.18000030517578,19.549999237060547,20.100000381469727,68297300.0,20.100000381469727,0.0
INTC,2025-05-01,20.219999313354492,20.649999618530273,19.940000534057617,19.979999542236328,72607500.0,19.979999542236328,0.0
INTC,2025-05-02,20.260000228881836,20.780000686645508,20.209999084472656,20.6200008392334,63298500.0,20.6200008392334,0.0
INTC,2025-05-05,20.389999389648438,20.579999923706055,20.239999771118164,20.270000457763672,44237000.0,20.270000457763672,0.0
INTC,2025-05-06,19.920000076293945,20.1200008392334,19.770000457763672,19.940000534057617,51330800.0,19.940000534057617,0.0
INTC,2025-05-07,19.969999313354492,20.3700008392334,19.81999969482422,20.309999465942383,61002600.0,20.309999465942383,0.0
INTC,2025-05-08,21.010000228881836,21.239999771118164,20.639999389648438,21.0,71651700.0,21.0,0.0
INTC,2025-05-09,21.200000762939453,21.450000762939453,20.829999923706055,21.420000076293945,51768600.0,21.420000076293945,0.0
INTC,2025-05-12,22.18000030517578,22.670000076293945,21.8799991607666,22.18000030517578,94578700.0,22.18000030517578,0.0
INTC,2025-05-13,22.360000610351562,22.8799991607666,22.299999237060547,22.559999465942383,76850400.0,22.559999465942383,0.0
INTC,2025-05-14,22.350000381469727,22.459999084472656,21.459999084472656,21.520000457763672,91584800.0,21.520000457763672,0.0
INTC,2025-05-15,21.229999542236328,21.6299991607666,21.190000534057617,21.549999237060547,66705500.0,21.549999237060547,0.0
INTC,2025-05-16,21.530000686645508,21.760000228881836,21.350000381469727,21.65999984741211,55795100.0,21.65999984741211,0.0
INTC,2025-05-19,21.18000030517578,21.559999465942383,21.049999237060547,21.3799991607666,64279100.0,21.3799991607666,0.0
INTC,2025-05-20,21.329999923706055,21.40999984741211,21.1200008392334,21.270000457763672,48497400.0,21.270000457763672,0.0
INTC,2025-05-21,21.190000534057617,21.6299991607666,20.59000015258789,20.690000534057617,62904700.0,20.690000534057617,0.0
INTC,2025-05-22,20.729999542236328,20.899999618530273,20.510000228881836,20.549999237060547,56077500.0,20.549999237060547,0.0
INTC,2025-05-23,20.15999984741211,20.270000457763672,19.940000534057617,20.049999237060547,68206100.0,20.049999237060547,0.0
INTC,2025-05-27,20.440000534057617,20.670000076293945,20.18000030517578,20.549999237060547,69504600.0,20.549999237060547,0.0
INTC,2025-05-28,20.56999969482422,20.639999389648438,20.329999923706055,20.3700008392334,46096500.0,20.3700008392334,0.0
INTC,2025-05-29,20.540000915527344,20.600000381469727,20.100000381469727,20.25,66372200.0,20.25,0.0
INTC,2025-05-30,20.260000228881836,20.260000228881836,19.309999465942383,19.549999237060547,114281900.0,19.549999237060547,0.0
INTC,2025-06-02,19.479999542236328,19.81999969482422,19.3700008392334,19.739999771118164,67885500.0,19.739999771118164,0.0
INTC,2025-06-03,19.75,20.40999984741211,19.399999618530273,20.290000915527344,80401900.0,20.290000915527344,0.0
INTC,2025-06-04,20.34000015258789,20.5,20.010000228881836,20.25,71166500.0,20.25,0.0
INTC,2025-06-05,20.270000457763672,20.549999237060547,19.850000381469727,19.989999771118164,72458400.0,19.989999771118164,0.0
INTC,2025-06-06,20.170000076293945,20.440000534057617,20.030000686645508,20.059999465942383,70072800.0,20.059999465942383,0.0
INTC,2025-06-09,20.219999313354492,20.959999084472656,20.219999313354492,20.479999542236328,92893900.0,20.479999542236328,0.0
INTC,2025-06-10,20.5,22.440000534057617,20.280000686645508,22.079999923706055,171457000.0,22.079999923706055,0.0
INTC,2025-06-11,21.780000686645508,21.829999923706055,20.3799991607666,20.68000030517578,146784500.0,20.68000030517578,0.0
INTC,2025-06-12,20.5,20.979999542236328,20.40999984741211,20.770000457763672,78175900.0,20.770000457763672,0.0
INTC,2025-06-13,20.329999923706055,20.600000381469727,20.100000381469727,20.139999389648438,87655900.0,20.139999389648438,0.0
INTC,2025-06-16,20.40999984741211,20.93000030517578,20.299999237060547,20.739999771118164,86745100.0,20.739999771118164,0.0
INTC,2025-06-17,20.6299991607666,21.479999542236328,20.6200008392334,20.799999237060547,87512200.0,20.799999237060547,0.0
INTC,2025-06-18,20.809999465942383,21.600000381469727,20.65999984741211,21.489999771118164,94200600.0,21.489999771118164,0.0
INTC,2025-06-20,21.700000762939453,21.889999389648438,20.8799991607666,21.079999923706055,133472800.0,21.079999923706055,0.0
INTC,2025-06-23,21.06999969482422,21.579999923706055,20.729999542236328,21.190000534057617,81461000.0,21.190000534057617,0.0
INTC,2025-06-24,21.34000015258789,22.690000534057617,21.329999923706055,22.549999237060547,130368700.0,22.549999237060547,0.0
INTC,2025-06-25,22.579999923706055,22.770000457763672,22.1299991607666,22.200000762939453,64975100.0,22.200000762939453,0.0
INTC,2025-06-26,22.399999618530273,22.6200008392334,22.209999084472656,22.5,63229300.0,22.5,0.0
INTC,2025-06-27,22.709999084472656,23.3799991607666,22.420000076293945,22.690000534057617,95542400.0,22.690000534057617,0.0
INTC,2025-06-30,22.969999313354492,22.969999313354492,22.270000457763672,22.399999618530273,77102400.0,22.399999618530273,0.0
INTC,2025-07-01,22.329999923706055,23.15999984741211,22.280000686645508,22.850000381469727,79094900.0,22.850000381469727,0.0
INTC,2025-07-02,22.530000686645508,22.770000457763672,21.520000457763672,21.8799991607666,138245300.0,21.8799991607666,0.0
INTC,2025-07-03,22.149999618530273,22.6299991607666,21.989999771118164,22.489999771118164,61176000.0,22.489999771118164,0.0
INTC,2025-07-07,22.209999084472656,22.389999389648438,21.860000610351562,22.0,80725200.0,22.0,0.0
INTC,2025-07-08,22.18000030517578,23.790000915527344,22.1299991607666,23.59000015258789,119545500.0,23.59000015258789,0.0
INTC,2025-07-09,23.290000915527344,23.530000686645508,23.1299991607666,23.440000534057617,70247700.0,23.440000534057617,0.0
INTC,2025-07-10,23.6299991607666,24.040000915527344,23.479999542236328,23.81999969482422,54599800.0,23.81999969482422,0.0
INTC,2025-07-11,23.559999465942383,23.65999984741211,23.15999984741211,23.43000030517578,49367900.0,23.43000030517578,0.0
INTC,2025-07-14,23.239999771118164,23.399999618530273,22.8799991607666,23.299999237060547,48420500.0,23.299999237060547,0.0
INTC,2025-07-15,23.56999969482422,23.780000686645508,22.899999618530273,22.920000076293945,66099400.0,22.920000076293945,0.0
INTC,2025-07-16,22.989999771118164,23.1299991607666,22.25,22.690000534057617,58865900.0,22.690000534057617,0.0
INTC,2025-07-17,22.65999984741211,23.049999237060547,22.59000015258789,22.799999237060547,49384000.0,22.799999237060547,0.0
INTC,2025-07-18,23.219999313354492,23.59000015258789,22.899999618530273,23.100000381469727,60195600.0,23.100000381469727,0.0
INTC,2025-07-21,23.399999618530273,23.829999923706055,23.15999984741211,23.260000228881836,61658000.0,23.260000228881836,0.0
INTC,2025-07-22,23.34000015258789,23.540000915527344,23.079999923706055,23.239999771118164,53969800.0,23.239999771118164,0.0
INTC,2025-07-23,23.260000228881836,23.6200008392334,22.920000076293945,23.489999771118164,68711700.0,23.489999771118164,0.0
INTC,2025-07-24,23.489999771118164,23.579999923706055,22.600000381469727,22.6299991607666,131963300.0,22.6299991607666,0.0
INTC,2025-07-25,20.68000030517578,21.049999237060547,20.360000610351562,20.700000762939453,245077700.0,20.700000762939453,0.0
INTC,2025-07-28,20.81999969482422,21.290000915527344,20.649999618530273,20.68000030517578,86105600.0,20.68000030517578,0.0
INTC,2025-07-29,20.690000534057617,20.850000381469727,20.34000015258789,20.40999984741211,100831500.0,20.40999984741211,0.0
INTC,2025-07-30,20.43000030517578,20.6200008392334,20.079999923706055,20.34000015258789,67420300.0,20.34000015258789,0.0
INTC,2025-07-31,20.170000076293945,20.229999542236328,19.65999984741211,19.799999237060547,90665200.0,19.799999237060547,0.0
INTC,2025-08-01,19.5,19.549999237060547,18.969999313354492,19.309999465942383,86496100.0,19.309999465942383,0.0
INTC,2025-08-04,19.520000457763672,19.59000015258789,19.350000381469727,19.5,69249400.0,19.5,0.0
INTC,2025-08-05,19.700000762939453,20.540000915527344,19.68000030517578,20.190000534057617,97338200.0,20.190000534057617,0.0
INTC,2025-08-06,20.1200008392334,20.479999542236328,19.8700008392334,20.40999984741211,67074200.0,20.40999984741211,0.0
INTC,2025-08-07,20.0,20.440000534057617,19.600000381469727,19.770000457763672,131382800.0,19.770000457763672,0.0
INTC,2025-08-08,20.0,20.020000457763672,19.610000610351562,19.950000762939453,75415000.0,19.950000762939453,0.0
INTC,2025-08-11,20.450000762939453,21.600000381469727,20.440000534057617,20.649999618530273,175545600.0,20.649999618530273,0.0
INTC,2025-08-12,21.200000762939453,21.860000610351562,20.760000228881836,21.809999465942383,134153600.0,21.809999465942383,0.0
INTC,2025-08-13,21.6200008392334,22.299999237060547,21.360000610351562,22.219999313354492,86024400.0,22.219999313354492,0.0
INTC,2025-08-14,21.989999771118164,24.200000762939453,21.899999618530273,23.860000610351562,188052500.0,23.860000610351562,0.0
INTC,2025-08-15,25.010000228881836,25.649999618530273,24.110000610351562,24.559999465942383,310161100.0,24.559999465942383,0.0
INTC,2025-08-18,24.0,24.899999618530273,23.209999084472656,23.65999984741211,212515600.0,23.65999984741211,0.0
INTC,2025-08-19,24.940000534057617,26.530000686645508,24.940000534057617,25.309999465942383,297659200.0,25.309999465942383,0.0
INTC,2025-08-20,24.899999618530273,24.93000030517578,23.329999923706055,23.540000915527344,161149400.0,23.540000915527344,0.0
INTC,2025-08-21,23.530000686645508,23.56999969482422,22.780000686645508,23.5,97718300.0,23.5,0.0
INTC,2025-08-22,23.649999618530273,25.229999542236328,23.649999618530273,24.799999237060547,200266800.0,24.799999237060547,0.0
INTC,2025-08-25,25.5,25.8799991607666,24.440000534057617,24.549999237060547,156825600.0,24.549999237060547,0.0
INTC,2025-08-26,24.579999923706055,24.739999771118164,24.100000381469727,24.350000381469727,78558200.0,24.350000381469727,0.0
INTC,2025-08-27,24.190000534057617,24.989999771118164,24.049999237060547,24.850000381469727,90934400.0,24.850000381469727,0.0
INTC,2025-08-28,24.959999084472656,25.139999389648438,24.610000610351562,24.93000030517578,60035100.0,24.93000030517578,0.0
INTC,2025-08-29,24.760000228881836,24.969999313354492,24.280000686645508,24.350000381469727,63734400.0,24.350000381469727,0.0
INTC,2025-09-02,23.8799991607666,24.239999771118164,23.68000030517578,24.209999084472656,57661800.0,24.209999084472656,0.0
INTC,2025-09-03,24.09000015258789,24.09000015258789,23.719999313354492,24.0,47822900.0,24.0,0.0
INTC,2025-09-04,23.850000381469727,24.639999389648438,23.75,24.610000610351562,59056500.0,24.610000610351562,0.0
INTC,2025-09-05,24.600000381469727,24.709999084472656,24.170000076293945,24.489999771118164,55975300.0,24.489999771118164,0.0
INTC,2025-09-08,24.479999542236328,24.739999771118164,24.1200008392334,24.479999542236328,51122100.0,24.479999542236328,0.0
INTC,2025-09-09,24.530000686645508,24.809999465942383,24.270000457763672,24.440000534057617,42146200.0,24.440000534057617,0.0
INTC,2025-09-10,24.420000076293945,24.8700008392334,24.280000686645508,24.770000457763672,61600700.0,24.770000457763672,0.0
INTC,2025-09-11,24.760000228881836,24.93000030517578,24.56999969482422,24.610000610351562,55536900.0,24.610000610351562,0.0
INTC,2025-09-12,24.610000610351562,24.6299991607666,24.049999237060547,24.079999923706055,52527300.0,24.079999923706055,0.0
INTC,2025-09-16 16:00:01-04:00,24.809999465942383,25.34000015258789,24.690000534057617,25.270000457763672,60028837.0,25.270000457763672,0.0
CDNS,2025-03-17,246.25,258.1400146484375,246.25,255.11000061035156,2772700.0,255.11000061035156,0.0
CDNS,2025-03-18,252.0399932861328,255.99000549316406,251.35000610351562,253.8800048828125,1772700.0,253.8800048828125,0.0
CDNS,2025-03-19,255.0,262.1400146484375,254.0800018310547,258.70001220703125,2735900.0,258.70001220703125,0.0
CDNS,2025-03-20,255.92999267578125,259.8599853515625,254.8800048828125,258.5,1722700.0,258.5,0.0
CDNS,2025-03-21,254.91000366210938,266.95001220703125,252.05999755859375,262.4200134277344,5699800.0,262.4200134277344,0.0
CDNS,2025-03-24,266.0,268.239990234375,264.0,267.1499938964844,2526000.0,267.1499938964844,0.0
CDNS,2025-03-25,267.1499938964844,269.7099914550781,265.9700012207031,269.1099853515625,1253600.0,269.1099853515625,0.0
CDNS,2025-03-26,269.29998779296875,269.29998779296875,262.5199890136719,263.4100036621094,1394900.0,263.4100036621094,0.0
CDNS,2025-03-27,261.9800109863281,263.9800109863281,258.2099914550781,262.5400085449219,1349800.0,262.5400085449219,0.0
CDNS,2025-03-28,262.30999755859375,263.239990234375,255.8699951171875,256.69000244140625,1248900.0,256.69000244140625,0.0
CDNS,2025-03-31,253.08999633789062,254.97000122070312,248.52000427246094,254.3300018310547,2259500.0,254.3300018310547,0.0
CDNS,2025-04-01,252.63999938964844,259.4800109863281,251.82000732421875,258.7900085449219,1421500.0,258.7900085449219,0.0
CDNS,2025-04-02,253.52000427246094,265.7300109863281,253.44000244140625,264.94000244140625,1859500.0,264.94000244140625,0.0
CDNS,2025-04-03,252.33999633789062,255.19000244140625,245.4199981689453,248.91000366210938,2995200.0,248.91000366210938,0.0
CDNS,2025-04-04,243.52999877929688,246.22000122070312,232.3699951171875,232.8800048828125,4203200.0,232.8800048828125,0.0
CDNS,2025-04-07,229.64999389648438,245.66000366210938,221.55999755859375,233.82000732421875,4174300.0,233.82000732421875,0.0
CDNS,2025-04-08,237.80999755859375,244.3000030517578,228.1999969482422,231.63999938964844,2654500.0,231.63999938964844,0.0
CDNS,2025-04-09,230.6999969482422,266.6499938964844,229.60000610351562,264.6499938964844,4256800.0,264.6499938964844,0.0
CDNS,2025-04-10,256.8800048828125,258.54998779296875,244.99000549316406,254.02000427246094,2603500.0,254.02000427246094,0.0
CDNS,2025-04-11,253.52000427246094,260.4200134277344,248.5500030517578,259.4700012207031,1647500.0,259.4700012207031,0.0
CDNS,2025-04-14,264.6000061035156,265.5899963378906,257.6499938964844,260.55999755859375,1453800.0,260.55999755859375,0.0
CDNS,2025-04-15,262.0,266.0799865722656,260.79998779296875,264.30999755859375,1857200.0,264.30999755859375,0.0
CDNS,2025-04-16,256.510009765625,262.0799865722656,254.47999572753906,259.260009765625,2170800.0,259.260009765625,0.0
CDNS,2025-04-17,262.7900085449219,263.1600036621094,257.8800048828125,260.2200012207031,1914600.0,260.2200012207031,0.0
CDNS,2025-04-21,257.0199890136719,257.1600036621094,247.6999969482422,251.55999755859375,1494800.0,251.55999755859375,0.0
CDNS,2025-04-22,255.22999572753906,260.6700134277344,251.9499969482422,258.1499938964844,1389100.0,258.1499938964844,0.0
CDNS,2025-04-23,266.7799987792969,272.80999755859375,264.7900085449219,265.4200134277344,1708400.0,265.4200134277344,0.0
CDNS,2025-04-24,270.30999755859375,283.0,270.0,281.7799987792969,2177700.0,281.7799987792969,0.0
CDNS,2025-04-25,279.989990234375,290.5,279.45001220703125,289.6300048828125,2414000.0,289.6300048828125,0.0
CDNS,2025-04-28,288.0199890136719,289.4100036621094,281.70001220703125,285.739990234375,3416100.0,285.739990234375,0.0
CDNS,2025-04-29,289.6400146484375,303.6000061035156,289.6400146484375,302.2200012207031,3815600.0,302.2200012207031,0.0
CDNS,2025-04-30,294.510009765625,299.9800109863281,293.8500061035156,297.739990234375,2780600.0,297.739990234375,0.0
CDNS,2025-05-01,301.739990234375,304.70001220703125,299.4100036621094,299.7300109863281,2304200.0,299.7300109863281,0.0
CDNS,2025-05-02,305.2699890136719,310.5799865722656,304.19000244140625,308.1499938964844,1935500.0,308.1499938964844,0.0
CDNS,2025-05-05,307.0,311.9800109863281,305.6000061035156,308.8299865722656,1794200.0,308.8299865722656,0.0
CDNS,2025-05-06,302.8900146484375,308.6499938964844,302.2900085449219,305.7799987792969,1643000.0,305.7799987792969,0.0
CDNS,2025-05-07,306.1499938964844,310.8800048828125,304.7699890136719,308.3399963378906,1774300.0,308.3399963378906,0.0
CDNS,2025-05-08,311.2200012207031,313.0,307.70001220703125,307.9599914550781,1609500.0,307.9599914550781,0.0
CDNS,2025-05-09,309.5299987792969,309.5299987792969,303.82000732421875,305.7799987792969,1480000.0,305.7799987792969,0.0
CDNS,2025-05-12,320.0,320.0,308.5799865722656,311.7699890136719,2439800.0,311.7699890136719,0.0
CDNS,2025-05-13,312.4200134277344,319.57000732421875,311.57000732421875,318.6600036621094,1707200.0,318.6600036621094,0.0
CDNS,2025-05-14,316.95001220703125,321.8599853515625,316.7900085449219,319.3900146484375,1463300.0,319.3900146484375,0.0
CDNS,2025-05-15,318.3599853515625,321.8699951171875,317.739990234375,318.7699890136719,1535400.0,318.7699890136719,0.0
CDNS,2025-05-16,320.1600036621094,322.19000244140625,317.17999267578125,321.55999755859375,1575100.0,321.55999755859375,0.0
CDNS,2025-05-19,318.7699890136719,322.2699890136719,317.4100036621094,320.29998779296875,1510700.0,320.29998779296875,0.0
CDNS,2025-05-20,316.9599914550781,321.0,315.3599853515625,320.54998779296875,1374200.0,320.54998779296875,0.0
CDNS,2025-05-21,317.3699951171875,322.6400146484375,316.30999755859375,317.54998779296875,1869500.0,317.54998779296875,0.0
CDNS,2025-05-22,315.510009765625,318.6000061035156,313.9100036621094,316.6300048828125,1480800.0,316.6300048828125,0.0
CDNS,2025-05-23,312.0400085449219,317.2799987792969,311.6499938964844,315.510009765625,1010500.0,315.510009765625,0.0
CDNS,2025-05-27,319.4599914550781,323.2799987792969,318.1000061035156,323.0799865722656,1446700.0,323.0799865722656,0.0
CDNS,2025-05-28,322.8699951171875,323.3900146484375,284.29998779296875,288.6099853515625,7018700.0,288.6099853515625,0.0
CDNS,2025-05-29,293.1099853515625,294.1300048828125,276.6099853515625,284.5,6281800.0,284.5,0.0
CDNS,2025-05-30,284.42999267578125,288.2099914550781,280.3399963378906,287.07000732421875,2901700.0,287.07000732421875,0.0
CDNS,2025-06-02,286.760009765625,292.8699951171875,285.4800109863281,292.5299987792969,1993100.0,292.5299987792969,0.0
CDNS,2025-06-03,289.1199951171875,294.80999755859375,289.1199951171875,293.3299865722656,1617400.0,293.3299865722656,0.0
CDNS,2025-06-04,293.9100036621094,296.0899963378906,291.6199951171875,294.3999938964844,1430300.0,294.3999938964844,0.0
CDNS,2025-06-05,294.3999938964844,302.0,294.3999938964844,296.2900085449219,1904400.0,296.2900085449219,0.0
CDNS,2025-06-06,299.3399963378906,299.6400146484375,295.6499938964844,296.95001220703125,1365700.0,296.95001220703125,0.0
CDNS,2025-06-09,307.5799865722656,310.95001220703125,301.5199890136719,301.6600036621094,2517000.0,301.6600036621094,0.0
CDNS,2025-06-10,302.4100036621094,306.0799865722656,300.4599914550781,305.69000244140625,1603300.0,305.69000244140625,0.0
CDNS,2025-06-11,306.0,309.3900146484375,302.45001220703125,307.20001220703125,1259400.0,307.20001220703125,0.0
CDNS,2025-06-12,306.3999938964844,310.0,306.1000061035156,307.8500061035156,1012800.0,307.8500061035156,0.0
CDNS,2025-06-13,302.0,305.29998779296875,299.6199951171875,300.0,1188800.0,300.0,0.0
CDNS,2025-06-16,300.69000244140625,302.3999938964844,297.0299987792969,300.80999755859375,1697100.0,300.80999755859375,0.0
CDNS,2025-06-17,299.7900085449219,304.44000244140625,298.1300048828125,299.0,1130400.0,299.0,0.0
CDNS,2025-06-18,297.7799987792969,300.1000061035156,295.6099853515625,296.8399963378906,1221000.0,296.8399963378906,0.0
CDNS,2025-06-20,299.6300048828125,300.760009765625,293.8399963378906,295.3999938964844,2373300.0,295.3999938964844,0.0
CDNS,2025-06-23,294.3299865722656,295.82000732421875,289.69000244140625,293.55999755859375,2134500.0,293.55999755859375,0.0
CDNS,2025-06-24,295.8500061035156,297.1400146484375,293.6099853515625,296.79998779296875,1906300.0,296.79998779296875,0.0
CDNS,2025-06-25,297.8299865722656,301.260009765625,295.3299865722656,297.5299987792969,1736800.0,297.5299987792969,0.0
CDNS,2025-06-26,299.0,303.8699951171875,298.3299865722656,303.69000244140625,2128200.0,303.69000244140625,0.0
CDNS,2025-06-27,307.0299987792969,315.8999938964844,304.2900085449219,305.20001220703125,2331800.0,305.20001220703125,0.0
CDNS,2025-06-30,306.1199951171875,310.1199951171875,305.2099914550781,308.1499938964844,1748300.0,308.1499938964844,0.0
CDNS,2025-07-01,306.3500061035156,310.989990234375,304.7300109863281,309.4599914550781,1332100.0,309.4599914550781,0.0
CDNS,2025-07-02,307.2300109863281,312.75,306.0,310.95001220703125,1164600.0,310.95001220703125,0.0
CDNS,2025-07-03,326.4700012207031,330.0899963378906,321.3800048828125,326.80999755859375,2274700.0,326.80999755859375,0.0
CDNS,2025-07-07,326.80999755859375,327.9800109863281,318.79998779296875,320.29998779296875,1824300.0,320.29998779296875,0.0
CDNS,2025-07-08,322.1199951171875,323.7099914550781,319.0199890136719,323.2799987792969,2022900.0,323.2799987792969,0.0
CDNS,2025-07-09,324.1400146484375,325.5400085449219,320.5400085449219,322.9100036621094,1092100.0,322.9100036621094,0.0
CDNS,2025-07-10,325.260009765625,325.260009765625,318.20001220703125,322.6600036621094,1463700.0,322.6600036621094,0.0
CDNS,2025-07-11,321.57000732421875,324.32000732421875,318.1600036621094,320.6000061035156,1201500.0,320.6000061035156,0.0
CDNS,2025-07-14,320.1300048828125,320.9700012207031,314.70001220703125,317.489990234375,1863100.0,317.489990234375,0.0
CDNS,2025-07-15,319.8399963378906,324.489990234375,317.6700134277344,318.0400085449219,1447200.0,318.0400085449219,0.0
CDNS,2025-07-16,318.70001220703125,318.70001220703125,311.0799865722656,314.5799865722656,1595700.0,314.5799865722656,0.0
CDNS,2025-07-17,313.0799865722656,321.2300109863281,311.45001220703125,320.8599853515625,1275800.0,320.8599853515625,0.0
CDNS,2025-07-18,321.3699951171875,322.1499938964844,315.0400085449219,315.57000732421875,1390900.0,315.57000732421875,0.0
CDNS,2025-07-21,315.0400085449219,318.8299865722656,315.0400085449219,316.32000732421875,1042100.0,316.32000732421875,0.0
CDNS,2025-07-22,317.5400085449219,321.69000244140625,313.0,319.6000061035156,1211400.0,319.6000061035156,0.0
CDNS,2025-07-23,320.4800109863281,326.5199890136719,318.489990234375,326.4599914550781,1523600.0,326.4599914550781,0.0
CDNS,2025-07-24,325.55999755859375,327.5,324.3699951171875,324.6400146484375,1649500.0,324.6400146484375,0.0
CDNS,2025-07-25,325.0,335.1600036621094,324.5,332.19000244140625,2718300.0,332.19000244140625,0.0
CDNS,2025-07-28,334.4800109863281,335.0,328.4599914550781,333.760009765625,2682400.0,333.760009765625,0.0
CDNS,2025-07-29,355.0,370.6099853515625,353.0,366.260009765625,4666700.0,366.260009765625,0.0
CDNS,2025-07-30,367.489990234375,374.04998779296875,363.75,371.0299987792969,3894000.0,371.0299987792969,0.0
CDNS,2025-07-31,371.5199890136719,376.45001220703125,363.4700012207031,364.57000732421875,3012700.0,364.57000732421875,0.0
CDNS,2025-08-01,358.0,360.30999755859375,353.010009765625,356.9700012207031,2070000.0,356.9700012207031,0.0
CDNS,2025-08-04,358.7799987792969,364.8900146484375,355.6300048828125,364.8800048828125,1841900.0,364.8800048828125,0.0
CDNS,2025-08-05,366.20001220703125,369.1400146484375,357.70001220703125,360.5,1682100.0,360.5,0.0
CDNS,2025-08-06,361.8599853515625,364.07000732421875,358.70001220703125,360.1600036621094,1058800.0,360.1600036621094,0.0
CDNS,2025-08-07,363.0199890136719,365.3999938964844,349.6600036621094,354.3299865722656,1526600.0,354.3299865722656,0.0
CDNS,2025-08-08,356.42999267578125,357.5899963378906,351.5,352.05999755859375,1373000.0,352.05999755859375,0.0
CDNS,2025-08-11,352.0799865722656,354.1600036621094,346.7699890136719,349.0899963378906,1624500.0,349.0899963378906,0.0
CDNS,2025-08-12,349.0899963378906,353.6600036621094,345.4800109863281,353.6099853515625,1263000.0,353.6099853515625,0.0
CDNS,2025-08-13,356.0400085449219,356.3999938964844,346.0899963378906,349.1199951171875,1208400.0,349.1199951171875,0.0
CDNS,2025-08-14,348.3299865722656,350.0,346.2799987792969,348.9200134277344,1220400.0,348.9200134277344,0.0
CDNS,2025-08-15,349.04998779296875,351.0299987792969,344.7900085449219,349.8800048828125,1567700.0,349.8800048828125,0.0
CDNS,2025-08-18,349.2900085449219,356.9100036621094,348.05999755859375,356.25,1496100.0,356.25,0.0
CDNS,2025-08-19,354.0,355.5,346.05999755859375,346.8800048828125,1825300.0,346.8800048828125,0.0
CDNS,2025-08-20,346.20001220703125,346.44000244140625,339.6199951171875,345.45001220703125,1779500.0,345.45001220703125,0.0
CDNS,2025-08-21,343.4599914550781,348.8399963378906,343.4599914550781,347.57000732421875,1038000.0,347.57000732421875,0.0
CDNS,2025-08-22,348.5400085449219,354.9599914550781,346.7900085449219,349.6300048828125,1198300.0,349.6300048828125,0.0
CDNS,2025-08-25,347.0,349.04998779296875,344.6600036621094,345.19000244140625,1022400.0,345.19000244140625,0.0
CDNS,2025-08-26,344.1400146484375,345.55999755859375,343.1400146484375,344.0299987792969,1718600.0,344.0299987792969,0.0
CDNS,2025-08-27,345.0,347.67999267578125,343.1099853515625,346.8800048828125,1069800.0,346.8800048828125,0.0
CDNS,2025-08-28,347.7200012207031,355.489990234375,347.7200012207031,354.2900085449219,1081300.0,354.2900085449219,0.0
CDNS,2025-08-29,353.6000061035156,355.2300109863281,346.19000244140625,350.42999267578125,1304300.0,350.42999267578125,0.0
CDNS,2025-09-02,343.95001220703125,346.8599853515625,340.6700134277344,342.80999755859375,1202500.0,342.80999755859375,0.0
CDNS,2025-09-03,340.8800048828125,347.42999267578125,340.57000732421875,347.32000732421875,1141100.0,347.32000732421875,0.0
CDNS,2025-09-04,346.92999267578125,350.1199951171875,344.42999267578125,349.3299865722656,905400.0,349.3299865722656,0.0
CDNS,2025-09-05,353.0299987792969,355.30999755859375,345.8800048828125,351.010009765625,1115800.0,351.010009765625,0.0
CDNS,2025-09-08,353.6700134277344,361.3599853515625,353.0,360.6400146484375,1773400.0,360.6400146484375,0.0
CDNS,2025-09-09,362.0,362.7099914550781,356.3999938964844,361.7699890136719,1271800.0,361.7699890136719,0.0
CDNS,2025-09-10,348.5,348.5299987792969,326.3500061035156,338.5299987792969,5847800.0,338.5299987792969,0.0
CDNS,2025-09-11,342.3599853515625,357.760009765625,338.8999938964844,354.70001220703125,3571600.0,354.70001220703125,0.0
CDNS,2025-09-12,353.4700012207031,355.07000732421875,342.0899963378906,343.4800109863281,1616900.0,343.4800109863281,0.0
CDNS,2025-09-16 16:00:01-04:00,350.3699951171875,352.57000732421875,347.94500732421875,349.010009765625,1458807.0,349.010009765625,0.0
MSTR,2025-03-17,292.1499938964844,296.80999755859375,281.6000061035156,294.2699890136719,12998700.0,294.2699890136719,0.0
MSTR,2025-03-18,283.20001220703125,290.989990234375,272.5,283.19000244140625,15398200.0,283.19000244140625,0.0
MSTR,2025-03-19,290.29998779296875,309.0799865722656,287.1199951171875,304.2300109863281,19378800.0,304.2300109863281,0.0
MSTR,2025-03-20,298.7900085449219,309.3999938964844,293.3999938964844,302.07000732421875,15058100.0,302.07000732421875,0.0
MSTR,2025-03-21,295.70001220703125,306.3900146484375,293.04998779296875,304.0,21774000.0,304.0,0.0
MSTR,2025-03-24,316.1400146484375,336.7699890136719,311.3599853515625,335.7200012207031,23099700.0,335.7200012207031,0.0
MSTR,2025-03-25,333.4800109863281,343.5899963378906,329.5,341.80999755859375,15053700.0,341.80999755859375,0.0
MSTR,2025-03-26,336.5,340.3399963378906,319.7300109863281,329.30999755859375,16732400.0,329.30999755859375,0.0
MSTR,2025-03-27,322.5299987792969,333.489990234375,318.0,324.5899963378906,13838300.0,324.5899963378906,0.0
MSTR,2025-03-28,318.3800048828125,320.79998779296875,289.25,289.4100036621094,21058900.0,289.4100036621094,0.0
MSTR,2025-03-31,281.8699951171875,294.8900146484375,272.79998779296875,288.2699890136719,14866300.0,288.2699890136719,0.0
MSTR,2025-04-01,293.5299987792969,307.6000061035156,280.6499938964844,306.0199890136719,16780100.0,306.0199890136719,0.0
MSTR,2025-04-02,297.8599853515625,319.4700012207031,296.9800109863281,312.5400085449219,16293800.0,312.5400085449219,0.0
MSTR,2025-04-03,286.75,299.2200012207031,276.0299987792969,282.2799987792969,18223000.0,282.2799987792969,0.0
MSTR,2025-04-04,285.0199890136719,299.1400146484375,265.29998779296875,293.6099853515625,24847100.0,293.6099853515625,0.0
MSTR,2025-04-07,260.1400146484375,297.6000061035156,252.60000610351562,268.1400146484375,28449300.0,268.1400146484375,0.0
MSTR,2025-04-08,278.1499938964844,282.8399963378906,235.92999267578125,237.9499969482422,22952700.0,237.9499969482422,0.0
MSTR,2025-04-09,242.02000427246094,302.3399963378906,241.69000244140625,296.8599853515625,38346400.0,296.8599853515625,0.0
MSTR,2025-04-10,282.5,288.30999755859375,261.3699951171875,272.3399963378906,19237800.0,272.3399963378906,0.0
MSTR,2025-04-11,281.29998779296875,304.1499938964844,276.29998779296875,299.9800109863281,21334100.0,299.9800109863281,0.0
MSTR,2025-04-14,309.79998779296875,314.6000061035156,300.1000061035156,311.45001220703125,15635400.0,311.45001220703125,0.0
MSTR,2025-04-15,312.2200012207031,319.75,306.80999755859375,310.7200012207031,11217800.0,310.7200012207031,0.0
MSTR,2025-04-16,306.05999755859375,318.6000061035156,304.0,311.6600036621094,12847200.0,311.6600036621094,0.0
MSTR,2025-04-17,313.8900146484375,320.0,306.0,317.20001220703125,13511100.0,317.20001220703125,0.0
MSTR,2025-04-21,324.989990234375,330.989990234375,309.0,317.760009765625,16053200.0,317.760009765625,0.0
MSTR,2025-04-22,328.7099914550781,348.9599914550781,327.010009765625,343.0299987792969,24036500.0,343.0299987792969,0.0
MSTR,2025-04-23,354.70001220703125,355.8299865722656,339.0,345.7300109863281,16690700.0,345.7300109863281,0.0
MSTR,2025-04-24,344.9700012207031,351.0299987792969,343.239990234375,350.3399963378906,10781400.0,350.3399963378906,0.0
MSTR,2025-04-25,354.0,373.2300109863281,353.1199951171875,368.7099914550781,19338600.0,368.7099914550781,0.0
MSTR,2025-04-28,373.2900085449219,373.6600036621094,354.5299987792969,369.25,11490900.0,369.25,0.0
MSTR,2025-04-29,369.0199890136719,383.95001220703125,366.79998779296875,381.45001220703125,13038800.0,381.45001220703125,0.0
MSTR,2025-04-30,373.7799987792969,384.0,362.3900146484375,380.1099853515625,13762900.0,380.1099853515625,0.0
MSTR,2025-05-01,392.2900085449219,403.8999938964844,381.0299987792969,381.6000061035156,16944100.0,381.6000061035156,0.0
MSTR,2025-05-02,393.8800048828125,401.70001220703125,387.510009765625,394.3699951171875,15948000.0,394.3699951171875,0.0
MSTR,2025-05-05,383.3299865722656,391.92999267578125,374.20001220703125,386.5299987792969,14424100.0,386.5299987792969,0.0
MSTR,2025-05-06,378.55999755859375,387.8599853515625,377.7699890136719,385.6000061035156,9695600.0,385.6000061035156,0.0
MSTR,2025-05-07,393.79998779296875,396.3500061035156,388.260009765625,392.4800109863281,10555300.0,392.4800109863281,0.0
MSTR,2025-05-08,408.1700134277344,423.1099853515625,404.5,414.3800048828125,22135600.0,414.3800048828125,0.0
MSTR,2025-05-09,420.0,430.3500061035156,406.2200012207031,416.0299987792969,17161800.0,416.0299987792969,0.0
MSTR,2025-05-12,420.9200134277344,422.0400085449219,400.8299865722656,404.8999938964844,16245500.0,404.8999938964844,0.0
MSTR,2025-05-13,412.54998779296875,422.54998779296875,404.1199951171875,421.6099853515625,12925000.0,421.6099853515625,0.0
MSTR,2025-05-14,420.3999938964844,425.94000244140625,410.4100036621094,416.75,10722700.0,416.75,0.0
MSTR,2025-05-15,411.70001220703125,415.3599853515625,394.1400146484375,397.0299987792969,14674700.0,397.0299987792969,0.0
MSTR,2025-05-16,399.0,406.8999938964844,389.010009765625,399.79998779296875,12461100.0,399.79998779296875,0.0
MSTR,2025-05-19,392.80999755859375,414.5899963378906,392.6199951171875,413.4200134277344,12822000.0,413.4200134277344,0.0
MSTR,2025-05-20,413.5,417.8500061035156,406.1000061035156,416.9200134277344,11532200.0,416.9200134277344,0.0
MSTR,2025-05-21,415.9200134277344,423.3399963378906,395.5299987792969,402.69000244140625,18698500.0,402.69000244140625,0.0
MSTR,2025-05-22,413.20001220703125,426.32000732421875,398.9100036621094,399.4599914550781,16511400.0,399.4599914550781,0.0
MSTR,2025-05-23,391.510009765625,392.19000244140625,367.30999755859375,369.510009765625,21448800.0,369.510009765625,0.0
MSTR,2025-05-27,381.1199951171875,381.29998779296875,364.17999267578125,372.20001220703125,14116000.0,372.20001220703125,0.0
MSTR,2025-05-28,368.5299987792969,370.6499938964844,358.5,364.25,9936800.0,364.25,0.0
MSTR,2025-05-29,370.7900085449219,373.8599853515625,362.739990234375,370.6300048828125,10175500.0,370.6300048828125,0.0
MSTR,2025-05-30,369.0,372.55999755859375,359.1600036621094,369.05999755859375,12564000.0,369.05999755859375,0.0
MSTR,2025-06-02,367.8900146484375,378.42999267578125,367.0199890136719,372.2699890136719,8102800.0,372.2699890136719,0.0
MSTR,2025-06-03,379.3999938964844,391.010009765625,371.3699951171875,387.42999267578125,11351800.0,387.42999267578125,0.0
MSTR,2025-06-04,385.79998779296875,386.1199951171875,375.6600036621094,378.1000061035156,8472200.0,378.1000061035156,0.0
MSTR,2025-06-05,383.8500061035156,385.3800048828125,364.29998779296875,368.7900085449219,11871400.0,368.7900085449219,0.0
MSTR,2025-06-06,377.3999938964844,380.6000061035156,369.7099914550781,374.4700012207031,9384200.0,374.4700012207031,0.0
MSTR,2025-06-09,380.67999267578125,394.7900085449219,377.6000061035156,392.1199951171875,10924600.0,392.1199951171875,0.0
MSTR,2025-06-10,393.239990234375,394.0,383.6000061035156,391.17999267578125,7074800.0,391.17999267578125,0.0
MSTR,2025-06-11,391.2300109863281,392.7699890136719,380.5,387.1099853515625,6812200.0,387.1099853515625,0.0
MSTR,2025-06-12,378.3999938964844,391.2200012207031,373.9800109863281,379.760009765625,9423900.0,379.760009765625,0.0
MSTR,2025-06-13,375.2300109863281,383.55999755859375,370.6199951171875,382.8699951171875,9378900.0,382.8699951171875,0.0
MSTR,2025-06-16,387.6099853515625,388.1499938964844,377.3999938964844,382.25,8105200.0,382.25,0.0
MSTR,2025-06-17,375.260009765625,378.4800109863281,367.0,375.17999267578125,11218500.0,375.17999267578125,0.0
MSTR,2025-06-18,371.42999267578125,374.9100036621094,367.4200134277344,369.0299987792969,9200500.0,369.0299987792969,0.0
MSTR,2025-06-20,372.75,376.1000061035156,365.1099853515625,369.70001220703125,12821800.0,369.70001220703125,0.0
MSTR,2025-06-23,362.4800109863281,370.29998779296875,358.79998779296875,367.17999267578125,10614700.0,367.17999267578125,0.0
MSTR,2025-06-24,373.67999267578125,384.3599853515625,371.0,377.0199890136719,10174900.0,377.0199890136719,0.0
MSTR,2025-06-25,384.8299865722656,389.489990234375,379.30999755859375,388.6700134277344,10606600.0,388.6700134277344,0.0
MSTR,2025-06-26,386.3500061035156,392.6700134277344,384.1499938964844,386.44000244140625,10202300.0,386.44000244140625,0.0
MSTR,2025-06-27,385.2300109863281,397.989990234375,383.4100036621094,383.8800048828125,18694400.0,383.8800048828125,0.0
MSTR,2025-06-30,389.7799987792969,407.3900146484375,384.25,404.2300109863281,13752900.0,404.2300109863281,0.0
MSTR,2025-07-01,395.70001220703125,397.8699951171875,372.9100036621094,373.29998779296875,17289600.0,373.29998779296875,0.0
MSTR,2025-07-02,383.3399963378906,405.29998779296875,379.8800048828125,402.2799987792969,17454400.0,402.2799987792969,0.0
MSTR,2025-07-03,400.8699951171875,414.6000061035156,400.3999938964844,403.989990234375,10013900.0,403.989990234375,0.0
MSTR,2025-07-07,402.6400146484375,405.6400146484375,395.20001220703125,395.6700134277344,8848200.0,395.6700134277344,0.0
MSTR,2025-07-08,399.69000244140625,402.20001220703125,393.2099914550781,396.94000244140625,7022700.0,396.94000244140625,0.0
MSTR,2025-07-09,401.6000061035156,416.3399963378906,395.95001220703125,415.4100036621094,13065400.0,415.4100036621094,0.0
MSTR,2025-07-10,412.57000732421875,422.3999938964844,411.20001220703125,421.739990234375,13208600.0,421.739990234375,0.0
MSTR,2025-07-11,430.5400085449219,438.8399963378906,423.5,434.5799865722656,18448500.0,434.5799865722656,0.0
MSTR,2025-07-14,447.20001220703125,456.45001220703125,440.6499938964844,451.0199890136719,17952500.0,451.0199890136719,0.0
MSTR,2025-07-15,445.2200012207031,456.6600036621094,441.0199890136719,442.30999755859375,14315400.0,442.30999755859375,0.0
MSTR,2025-07-16,448.30999755859375,457.2200012207031,445.55999755859375,455.8999938964844,10575400.0,455.8999938964844,0.0
MSTR,2025-07-17,451.67999267578125,456.0,446.5799865722656,451.3399963378906,8901400.0,451.3399963378906,0.0
MSTR,2025-07-18,451.7200012207031,454.3299865722656,422.2200012207031,423.2200012207031,19105400.0,423.2200012207031,0.0
MSTR,2025-07-21,430.1000061035156,437.0,425.0199890136719,426.2799987792969,9984500.0,426.2799987792969,0.0
MSTR,2025-07-22,428.8500061035156,433.94000244140625,413.6000061035156,426.3999938964844,10524200.0,426.3999938964844,0.0
MSTR,2025-07-23,422.8299865722656,424.0,406.1000061035156,412.6700134277344,12990000.0,412.6700134277344,0.0
MSTR,2025-07-24,414.5799865722656,419.95001220703125,406.1700134277344,414.9200134277344,7407300.0,414.9200134277344,0.0
MSTR,2025-07-25,405.6700134277344,410.95001220703125,402.20001220703125,405.8900146484375,8380200.0,405.8900146484375,0.0
MSTR,2025-07-28,416.95001220703125,417.010009765625,403.4599914550781,403.79998779296875,6996500.0,403.79998779296875,0.0
MSTR,2025-07-29,405.9599914550781,407.0,390.4100036621094,394.6600036621094,10580000.0,394.6600036621094,0.0
MSTR,2025-07-30,396.7799987792969,404.3900146484375,392.5899963378906,395.0400085449219,7543800.0,395.0400085449219,0.0
MSTR,2025-07-31,399.1300048828125,410.80999755859375,397.0799865722656,401.8599853515625,10467500.0,401.8599853515625,0.0
MSTR,2025-08-01,390.4100036621094,392.6400146484375,365.70001220703125,366.6300048828125,21808900.0,366.6300048828125,0.0
MSTR,2025-08-04,372.7699890136719,390.0199890136719,366.20001220703125,389.239990234375,12362400.0,389.239990234375,0.0
MSTR,2025-08-05,384.17999267578125,388.30999755859375,373.3500061035156,375.4599914550781,8467100.0,375.4599914550781,0.0
MSTR,2025-08-06,374.75,384.4200134277344,373.0,383.4100036621094,7242600.0,383.4100036621094,0.0
MSTR,2025-08-07,388.3999938964844,406.239990234375,387.1400146484375,402.010009765625,13051200.0,402.010009765625,0.0
MSTR,2025-08-08,397.6000061035156,409.6499938964844,389.0299987792969,395.1300048828125,11200100.0,395.1300048828125,0.0
MSTR,2025-08-11,403.9200134277344,414.3599853515625,398.9200134277344,400.25,10394400.0,400.25,0.0
MSTR,2025-08-12,400.5,401.6700134277344,390.1400146484375,394.3900146484375,8333600.0,394.3900146484375,0.0
MSTR,2025-08-13,397.7300109863281,399.44000244140625,383.54998779296875,389.8999938964844,10884900.0,389.8999938964844,0.0
MSTR,2025-08-14,380.0,381.0,365.0,372.94000244140625,16461700.0,372.94000244140625,0.0
MSTR,2025-08-15,372.2099914550781,372.6199951171875,360.0299987792969,366.32000732421875,13125300.0,366.32000732421875,0.0
MSTR,2025-08-18,359.95001220703125,367.57000732421875,358.010009765625,363.6000061035156,9002000.0,363.6000061035156,0.0
MSTR,2025-08-19,363.19000244140625,364.6300048828125,333.3999938964844,336.57000732421875,18254600.0,336.57000732421875,0.0
MSTR,2025-08-20,339.3800048828125,345.5,325.55999755859375,344.3699951171875,13807200.0,344.3699951171875,0.0
MSTR,2025-08-21,340.0,343.2699890136719,334.8500061035156,337.5799865722656,8398500.0,337.5799865722656,0.0
MSTR,2025-08-22,335.20001220703125,359.5299987792969,332.6099853515625,358.1300048828125,17386900.0,358.1300048828125,0.0
MSTR,2025-08-25,344.9100036621094,351.510009765625,339.2099914550781,343.20001220703125,10983400.0,343.20001220703125,0.0
MSTR,2025-08-26,341.80999755859375,351.989990234375,340.67999267578125,351.3599853515625,9144200.0,351.3599853515625,0.0
MSTR,2025-08-27,348.67999267578125,351.7699890136719,341.8399963378906,342.05999755859375,8454300.0,342.05999755859375,0.0
MSTR,2025-08-28,346.1600036621094,348.1700134277344,336.6499938964844,338.8399963378906,8116100.0,338.8399963378906,0.0
MSTR,2025-08-29,334.6000061035156,339.6300048828125,332.6400146484375,334.4100036621094,10162300.0,334.4100036621094,0.0
MSTR,2025-09-02,334.92999267578125,348.6000061035156,331.57000732421875,341.6199951171875,11123000.0,341.6199951171875,0.0
MSTR,2025-09-03,341.7699890136719,344.5,327.6099853515625,330.260009765625,9180200.0,330.260009765625,0.0
MSTR,2025-09-04,330.0,332.55999755859375,317.75,327.5899963378906,10530000.0,327.5899963378906,0.0
MSTR,2025-09-05,334.80999755859375,337.20001220703125,320.0,335.8699951171875,14047600.0,335.8699951171875,0.0
MSTR,2025-09-08,328.1099853515625,333.1000061035156,321.5,329.8999938964844,9954500.0,329.8999938964844,0.0
MSTR,2025-09-09,330.2300109863281,331.9599914550781,324.45001220703125,328.5299987792969,6587800.0,328.5299987792969,0.0
MSTR,2025-09-10,332.79998779296875,340.010009765625,321.9599914550781,326.45001220703125,9741400.0,326.45001220703125,0.0
MSTR,2025-09-11,326.8699951171875,329.75,322.7699890136719,326.0199890136719,7506900.0,326.0199890136719,0.0
MSTR,2025-09-12,329.1499938964844,336.1300048828125,327.6000061035156,331.44000244140625,10782600.0,331.44000244140625,0.0
MSTR,2025-09-16 16:00:02-04:00,329.0,335.3999938964844,324.8399963378906,335.0899963378906,8540801.0,335.0899963378906,0.0
DELL,2025-03-17,97.52999877929688,98.81999969482422,96.66000366210938,97.66000366210938,5283200.0,96.64265441894531,0.0
DELL,2025-03-18,96.91999816894531,97.19999694824219,94.7699966430664,96.44000244140625,5792000.0,95.43535614013672,0.0
DELL,2025-03-19,97.0,100.43000030517578,96.8499984741211,98.72000122070312,5460100.0,97.69161224365234,0.0
DELL,2025-03-20,97.95999908447266,101.41999816894531,97.9000015258789,98.91999816894531,4924500.0,97.88951873779297,0.0
DELL,2025-03-21,98.08000183105469,98.41999816894531,96.4000015258789,97.56999969482422,8911100.0,96.55358123779297,0.0
DELL,2025-03-24,100.0,101.5199966430664,99.29000091552734,99.80999755859375,6491800.0,98.77025604248047,0.0
DELL,2025-03-25,100.30999755859375,101.30000305175781,98.51000213623047,98.86000061035156,4807300.0,97.83014678955078,0.0
DELL,2025-03-26,98.73999786376953,100.55000305175781,95.5999984741211,96.26000213623047,5795800.0,95.25724029541016,0.0
DELL,2025-03-27,95.0199966430664,98.37000274658203,93.5999984741211,97.0999984741211,7537800.0,96.0884780883789,0.0
DELL,2025-03-28,94.37999725341797,95.55999755859375,91.51000213623047,92.29000091552734,7225200.0,91.3285903930664,0.0
DELL,2025-03-31,89.2699966430664,91.20999908447266,88.4000015258789,91.1500015258789,7286200.0,90.20046997070312,0.0
DELL,2025-04-01,91.27999877929688,92.80000305175781,89.70999908447266,91.95999908447266,5716700.0,91.00202941894531,0.0
DELL,2025-04-02,89.97000122070312,95.72000122070312,89.83000183105469,95.33000183105469,6245800.0,94.33692169189453,0.0
DELL,2025-04-03,85.75,86.20999908447266,76.72000122070312,77.2300033569336,30868500.0,76.42548370361328,0.0
DELL,2025-04-04,74.66000366210938,74.94000244140625,69.41999816894531,71.62999725341797,17449100.0,70.8838119506836,0.0
DELL,2025-04-07,68.0,77.30000305175781,66.25,75.0,15538400.0,74.21870422363281,0.0
DELL,2025-04-08,77.5,79.45999908447266,71.0,72.58999633789062,12924100.0,71.83380889892578,0.0
DELL,2025-04-09,72.55999755859375,85.47000122070312,71.12000274658203,84.19000244140625,18160000.0,83.31297302246094,0.0
DELL,2025-04-10,80.19999694824219,81.02999877929688,75.94000244140625,78.94000244140625,11279300.0,78.11766052246094,0.0
DELL,2025-04-11,78.5999984741211,82.91999816894531,77.95999908447266,81.93000030517578,8667600.0,81.0765151977539,0.0
DELL,2025-04-14,89.29000091552734,89.29000091552734,84.01000213623047,85.19000244140625,12355200.0,84.30255126953125,0.0
DELL,2025-04-15,84.62000274658203,86.9000015258789,84.31999969482422,85.48999786376953,5728800.0,84.59942626953125,0.0
DELL,2025-04-16,82.80999755859375,85.30000305175781,81.68000030517578,83.36000061035156,5842300.0,82.49161529541016,0.0
DELL,2025-04-17,83.87999725341797,85.41999816894531,82.9000015258789,84.80000305175781,6238300.0,83.91661834716797,0.0
DELL,2025-04-21,83.37999725341797,84.36000061035156,80.73999786376953,82.38999938964844,5595300.0,81.53172302246094,0.0
DELL,2025-04-22,82.9000015258789,85.38999938964844,82.45999908447266,84.08000183105469,4471600.0,83.73770904541016,0.525
DELL,2025-04-23,89.08000183105469,91.88999938964844,88.58999633789062,89.16000366210938,8413100.0,88.79702758789062,0.0
DELL,2025-04-24,89.87999725341797,94.68000030517578,89.44000244140625,94.4000015258789,6367200.0,94.01569366455078,0.0
DELL,2025-04-25,94.45999908447266,95.44999694824219,93.94000244140625,94.88999938964844,4466700.0,94.50370025634766,0.0
DELL,2025-04-28,94.56999969482422,95.63999938964844,93.11000061035156,94.47000122070312,3920200.0,94.08541107177734,0.0
DELL,2025-04-29,93.66000366210938,94.55999755859375,93.11000061035156,93.77999877929688,4474000.0,93.3982162475586,0.0
DELL,2025-04-30,86.81999969482422,92.08999633789062,86.76000213623047,91.76000213623047,9891200.0,91.38644409179688,0.0
DELL,2025-05-01,93.56999969482422,95.19999694824219,91.79000091552734,91.94999694824219,6333100.0,91.5756607055664,0.0
DELL,2025-05-02,94.2300033569336,95.83999633789062,93.83999633789062,94.58999633789062,5970500.0,94.20491790771484,0.0
DELL,2025-05-05,93.9000015258789,95.63999938964844,93.52999877929688,94.36000061035156,4938000.0,93.9758529663086,0.0
DELL,2025-05-06,92.66000366210938,94.7300033569336,92.52999877929688,93.94999694824219,5015400.0,93.56752014160156,0.0
DELL,2025-05-07,93.86000061035156,96.04000091552734,92.87999725341797,95.79000091552734,5211600.0,95.40003204345703,0.0
DELL,2025-05-08,97.44000244140625,97.4800033569336,95.68000030517578,96.22000122070312,4575900.0,95.82828521728516,0.0
DELL,2025-05-09,97.44999694824219,97.94000244140625,95.63999938964844,95.91000366210938,4367400.0,95.51954650878906,0.0
DELL,2025-05-12,101.0,104.08000183105469,101.0,103.41999816894531,7927700.0,102.99897003173828,0.0
DELL,2025-05-13,103.88999938964844,108.5,103.88999938964844,107.8499984741211,7063500.0,107.41093444824219,0.0
DELL,2025-05-14,109.5,111.75,109.5,111.0199966430664,7639100.0,110.56803131103516,0.0
DELL,2025-05-15,108.94999694824219,111.51000213623047,108.56999969482422,110.87000274658203,4488800.0,110.41864776611328,0.0
DELL,2025-05-16,111.5,114.5999984741211,111.08999633789062,114.19000244140625,5466600.0,113.72512817382812,0.0
DELL,2025-05-19,111.41999816894531,115.06999969482422,111.41999816894531,114.27999877929688,4594700.0,113.81475830078125,0.0
DELL,2025-05-20,113.95999908447266,115.5,113.19000244140625,114.2300033569336,4150600.0,113.76496887207031,0.0
DELL,2025-05-21,113.54000091552734,116.12999725341797,111.55999755859375,111.93000030517578,5859900.0,111.47432708740234,0.0
DELL,2025-05-22,112.4000015258789,112.9800033569336,110.66000366210938,111.94999694824219,4013700.0,111.4942398071289,0.0
DELL,2025-05-23,109.66999816894531,112.69000244140625,108.80999755859375,112.11000061035156,3916900.0,111.65359497070312,0.0
DELL,2025-05-27,114.4800033569336,115.05000305175781,113.19000244140625,113.98999786376953,5512100.0,113.52593994140625,0.0
DELL,2025-05-28,114.1500015258789,115.29000091552734,113.30999755859375,113.7699966430664,4618400.0,113.30683135986328,0.0
DELL,2025-05-29,115.19000244140625,115.45999908447266,111.30000305175781,113.62999725341797,14396000.0,113.16740417480469,0.0
DELL,2025-05-30,112.4800033569336,116.97000122070312,109.19999694824219,111.2699966430664,19208000.0,110.81700897216797,0.0
DELL,2025-06-02,110.98999786376953,111.66999816894531,106.37999725341797,108.08000183105469,9027600.0,107.63999938964844,0.0
DELL,2025-06-03,108.5,112.44000244140625,108.01000213623047,111.9000015258789,6643900.0,111.44445037841797,0.0
DELL,2025-06-04,112.87000274658203,114.25,111.30000305175781,112.69999694824219,4536200.0,112.2411880493164,0.0
DELL,2025-06-05,113.0,114.22000122070312,111.18000030517578,111.81999969482422,5435000.0,111.36477661132812,0.0
DELL,2025-06-06,112.83000183105469,115.23999786376953,112.83000183105469,113.75,4037500.0,113.28691864013672,0.0
DELL,2025-06-09,114.51000213623047,116.62999725341797,114.20999908447266,114.22000122070312,5123700.0,113.7550048828125,0.0
DELL,2025-06-10,114.80000305175781,115.05000305175781,111.76000213623047,113.25,8661400.0,112.78895568847656,0.0
DELL,2025-06-11,114.4000015258789,114.44999694824219,110.91000366210938,111.23999786376953,5436500.0,110.7871322631836,0.0
DELL,2025-06-12,112.0199966430664,113.5199966430664,110.56999969482422,113.4000015258789,5597700.0,112.93834686279297,0.0
DELL,2025-06-13,111.3499984741211,111.75,109.16999816894531,109.55999755859375,5137500.0,109.11397552490234,0.0
DELL,2025-06-16,111.23999786376953,114.37000274658203,111.0,113.73999786376953,5292300.0,113.2769546508789,0.0
DELL,2025-06-17,112.79000091552734,117.70999908447266,112.68000030517578,115.93000030517578,5968200.0,115.45804595947266,0.0
DELL,2025-06-18,115.61000061035156,118.81999969482422,115.55000305175781,116.55999755859375,4671200.0,116.0854721069336,0.0
DELL,2025-06-20,118.31999969482422,119.75,117.62000274658203,119.37000274658203,9568400.0,118.88404083251953,0.0
DELL,2025-06-23,118.8499984741211,119.37999725341797,115.95999908447266,118.0199966430664,5987400.0,117.5395278930664,0.0
DELL,2025-06-24,119.80000305175781,121.83000183105469,119.16000366210938,120.58999633789062,5034500.0,120.09906768798828,0.0
DELL,2025-06-25,120.80999755859375,122.30000305175781,120.25,120.45999908447266,3977600.0,119.96959686279297,0.0
DELL,2025-06-26,122.69999694824219,127.1500015258789,122.2699966430664,125.9800033569336,9434800.0,125.46713256835938,0.0
DELL,2025-06-27,123.77999877929688,125.05999755859375,122.5199966430664,123.98999786376953,7362000.0,123.4852294921875,0.0
DELL,2025-06-30,124.16000366210938,124.48999786376953,122.12999725341797,122.5999984741211,5427000.0,122.10088348388672,0.0
DELL,2025-07-01,122.05999755859375,123.16000366210938,120.11000061035156,121.7300033569336,4105000.0,121.23443603515625,0.0
DELL,2025-07-02,121.36000061035156,124.31999969482422,120.11000061035156,123.4800033569336,3937800.0,122.97731018066406,0.0
DELL,2025-07-03,124.19000244140625,126.18000030517578,123.69000244140625,125.22000122070312,3725600.0,124.71022033691406,0.0
DELL,2025-07-07,125.06999969482422,127.02999877929688,123.77999877929688,124.7699966430664,4070200.0,124.26205444335938,0.0
DELL,2025-07-08,126.12000274658203,126.75,122.29000091552734,124.38999938964844,3317300.0,123.88359832763672,0.0
DELL,2025-07-09,124.58999633789062,127.0,124.54000091552734,126.62999725341797,3966200.0,126.1144790649414,0.0
DELL,2025-07-10,127.0,128.32000732421875,126.33999633789062,127.91000366210938,5368800.0,127.38927459716797,0.0
DELL,2025-07-11,127.56999969482422,127.62999725341797,125.69999694824219,126.83000183105469,3560200.0,126.31366729736328,0.0
DELL,2025-07-14,126.19999694824219,126.5,123.77999877929688,125.66999816894531,3626900.0,125.15838623046875,0.0
DELL,2025-07-15,127.18000030517578,128.61000061035156,125.01000213623047,125.69000244140625,4041700.0,125.17831420898438,0.0
DELL,2025-07-16,125.5,125.5,120.66000366210938,123.56999969482422,5955900.0,123.06694030761719,0.0
DELL,2025-07-17,123.7300033569336,124.44000244140625,121.87000274658203,123.87999725341797,3763700.0,123.37567138671875,0.0
DELL,2025-07-18,125.27999877929688,131.99000549316406,124.83000183105469,131.24000549316406,11025200.0,130.70571899414062,0.0
DELL,2025-07-21,130.6199951171875,130.97999572753906,128.58999633789062,128.9600067138672,5560200.0,128.43499755859375,0.0
DELL,2025-07-22,128.0,128.07000732421875,123.18000030517578,124.33000183105469,6278000.0,124.33000183105469,0.525
DELL,2025-07-23,125.54000091552734,127.9000015258789,125.27999877929688,127.22000122070312,4175700.0,127.22000122070312,0.0
DELL,2025-07-24,127.61000061035156,129.47000122070312,127.1500015258789,128.35000610351562,3785000.0,128.35000610351562,0.0
DELL,2025-07-25,127.95999908447266,131.8300018310547,127.70999908447266,131.22000122070312,4301000.0,131.22000122070312,0.0
DELL,2025-07-28,131.9499969482422,133.89999389648438,131.16000366210938,133.86000061035156,4846600.0,133.86000061035156,0.0
DELL,2025-07-29,134.91000366210938,136.02000427246094,132.52000427246094,133.50999450683594,4013200.0,133.50999450683594,0.0
DELL,2025-07-30,133.42999267578125,135.19000244140625,132.60000610351562,133.5399932861328,3765800.0,133.5399932861328,0.0
DELL,2025-07-31,135.1999969482422,136.13999938964844,132.2100067138672,132.69000244140625,3876200.0,132.69000244140625,0.0
DELL,2025-08-01,128.3800048828125,129.25,125.41000366210938,127.31999969482422,5521000.0,127.31999969482422,0.0
DELL,2025-08-04,128.63999938964844,130.7100067138672,127.88999938964844,130.22999572753906,2765300.0,130.22999572753906,0.0
DELL,2025-08-05,131.38999938964844,131.8800048828125,126.69999694824219,130.47999572753906,4754800.0,130.47999572753906,0.0
DELL,2025-08-06,127.98999786376953,129.8000030517578,123.87999725341797,128.13999938964844,6250900.0,128.13999938964844,0.0
DELL,2025-08-07,130.1699981689453,134.0,130.10000610351562,133.92999267578125,5691200.0,133.92999267578125,0.0
DELL,2025-08-08,135.0,138.86000061035156,134.0,137.61000061035156,5458600.0,137.61000061035156,0.0
DELL,2025-08-11,138.0,140.47999572753906,137.02000427246094,138.32000732421875,4402800.0,138.32000732421875,0.0
DELL,2025-08-12,139.49000549316406,142.11000061035156,138.6699981689453,141.63999938964844,4856200.0,141.63999938964844,0.0
DELL,2025-08-13,140.32000732421875,140.60000610351562,136.05999755859375,139.13999938964844,6025200.0,139.13999938964844,0.0
DELL,2025-08-14,137.11000061035156,139.82000732421875,136.75,138.86000061035156,3813800.0,138.86000061035156,0.0
DELL,2025-08-15,140.7100067138672,141.14999389648438,137.42999267578125,138.27999877929688,3448200.0,138.27999877929688,0.0
DELL,2025-08-18,138.27999877929688,139.3800048828125,137.72000122070312,138.1300048828125,3202500.0,138.1300048828125,0.0
DELL,2025-08-19,137.8800048828125,138.7100067138672,134.5800018310547,135.1999969482422,3570100.0,135.1999969482422,0.0
DELL,2025-08-20,134.0,134.0,126.83999633789062,128.47999572753906,7222700.0,128.47999572753906,0.0
DELL,2025-08-21,129.30999755859375,130.30999755859375,127.55000305175781,127.83000183105469,4057800.0,127.83000183105469,0.0
DELL,2025-08-22,128.85000610351562,132.0500030517578,128.1199951171875,130.83999633789062,3786000.0,130.83999633789062,0.0
DELL,2025-08-25,130.49000549316406,132.14999389648438,129.77000427246094,131.00999450683594,3202700.0,131.00999450683594,0.0
DELL,2025-08-26,131.19000244140625,132.5,130.27000427246094,130.99000549316406,3735700.0,130.99000549316406,0.0
DELL,2025-08-27,130.92999267578125,132.6699981689453,130.64999389648438,132.5,3799300.0,132.5,0.0
DELL,2025-08-28,133.6999969482422,135.17999267578125,132.74000549316406,134.0500030517578,11144100.0,134.0500030517578,0.0
DELL,2025-08-29,124.02999877929688,124.9000015258789,119.62999725341797,122.1500015258789,24363200.0,122.1500015258789,0.0
DELL,2025-09-02,119.11000061035156,121.37999725341797,117.69999694824219,120.95999908447266,8969900.0,120.95999908447266,0.0
DELL,2025-09-03,121.69999694824219,124.02999877929688,120.9000015258789,124.0199966430664,5966800.0,124.0199966430664,0.0
DELL,2025-09-04,124.02999877929688,127.3499984741211,122.91999816894531,126.66999816894531,7053800.0,126.66999816894531,0.0
DELL,2025-09-05,127.25,128.4199981689453,123.27999877929688,124.83000183105469,6413100.0,124.83000183105469,0.0
DELL,2025-09-08,125.30000305175781,125.61000061035156,122.79000091552734,123.0,5187100.0,123.0,0.0
DELL,2025-09-09,120.87000274658203,121.70999908447266,118.1500015258789,121.29000091552734,10704400.0,121.29000091552734,0.0
DELL,2025-09-10,123.43000030517578,127.12000274658203,123.41999816894531,124.44999694824219,8447200.0,124.44999694824219,0.0
DELL,2025-09-11,124.91000366210938,128.75999450683594,124.5199966430664,125.37000274658203,6159400.0,125.37000274658203,0.0
DELL,2025-09-12,125.9000015258789,127.63999938964844,124.97000122070312,125.04000091552734,4363800.0,125.04000091552734,0.0
DELL,2025-09-16 16:00:02-04:00,127.63999938964844,128.6898956298828,125.91999816894531,127.68000030517578,3685167.0,127.68000030517578,0.0
MSI,2025-03-17,416.79998779296875,423.8999938964844,415.3999938964844,421.5899963378906,856500.0,419.5260925292969,0.0
MSI,2025-03-18,420.2799987792969,423.42999267578125,419.44000244140625,421.8999938964844,567200.0,419.8345642089844,0.0
MSI,2025-03-19,422.5899963378906,424.9700012207031,420.010009765625,424.3599853515625,495100.0,422.2825012207031,0.0
MSI,2025-03-20,422.19000244140625,425.1600036621094,419.19000244140625,422.2799987792969,556900.0,420.2126770019531,0.0
MSI,2025-03-21,422.3399963378906,424.8900146484375,419.0899963378906,422.7099914550781,1140500.0,420.6405944824219,0.0
MSI,2025-03-24,427.489990234375,430.3699951171875,424.489990234375,429.3399963378906,575400.0,427.2381286621094,0.0
MSI,2025-03-25,429.95001220703125,435.45001220703125,427.989990234375,429.19000244140625,612600.0,427.0888671875,0.0
MSI,2025-03-26,430.8800048828125,436.2900085449219,428.7300109863281,431.2300109863281,598300.0,429.118896484375,0.0
MSI,2025-03-27,430.6700134277344,433.55999755859375,427.0,432.3299865722656,660700.0,430.2134704589844,0.0
MSI,2025-03-28,433.2699890136719,434.489990234375,431.6700134277344,432.989990234375,833500.0,430.8702392578125,0.0
MSI,2025-03-31,431.510009765625,439.7699890136719,431.510009765625,437.80999755859375,1224300.0,435.66668701171875,0.0
MSI,2025-04-01,436.3800048828125,439.6700134277344,433.989990234375,435.989990234375,1014100.0,433.8555908203125,0.0
MSI,2025-04-02,431.6600036621094,439.5799865722656,430.44000244140625,436.989990234375,822700.0,434.8506774902344,0.0
MSI,2025-04-03,427.94000244140625,441.2099914550781,427.94000244140625,435.5,1497700.0,433.36798095703125,0.0
MSI,2025-04-04,428.7099914550781,439.8800048828125,401.7099914550781,402.1300048828125,1726300.0,400.1613464355469,0.0
MSI,2025-04-07,402.1499938964844,416.70001220703125,388.8999938964844,403.1199951171875,1958400.0,401.146484375,0.0
MSI,2025-04-08,407.0,418.19000244140625,390.1400146484375,394.7200012207031,1311600.0,392.7876281738281,0.0
MSI,2025-04-09,393.1300048828125,419.94000244140625,391.0899963378906,417.19000244140625,1563500.0,415.14764404296875,0.0
MSI,2025-04-10,414.6300048828125,420.0899963378906,404.7300109863281,414.8699951171875,1061400.0,412.8389892578125,0.0
MSI,2025-04-11,415.9200134277344,424.6400146484375,410.70001220703125,422.3699951171875,789900.0,420.3022766113281,0.0
MSI,2025-04-14,425.0,429.1099853515625,423.3500061035156,426.45001220703125,999600.0,424.3623046875,0.0
MSI,2025-04-15,428.95001220703125,431.739990234375,427.5899963378906,430.6400146484375,691400.0,428.53179931640625,0.0
MSI,2025-04-16,425.7300109863281,430.70001220703125,418.8999938964844,420.45001220703125,619700.0,418.39166259765625,0.0
MSI,2025-04-17,425.9100036621094,426.3599853515625,419.4100036621094,420.95001220703125,651900.0,418.88922119140625,0.0
MSI,2025-04-21,417.55999755859375,418.3299865722656,408.2699890136719,412.3500061035156,567300.0,410.3313293457031,0.0
MSI,2025-04-22,416.2900085449219,421.3699951171875,414.2200012207031,419.7900085449219,842000.0,417.7348937988281,0.0
MSI,2025-04-23,423.6099853515625,429.6400146484375,422.17999267578125,424.1600036621094,601400.0,422.08349609375,0.0
MSI,2025-04-24,422.9800109863281,429.25,421.5299987792969,428.1400146484375,425000.0,426.0440368652344,0.0
MSI,2025-04-25,430.0,430.5899963378906,425.5400085449219,430.2200012207031,436300.0,428.11383056640625,0.0
MSI,2025-04-28,430.1199951171875,433.8299865722656,428.510009765625,431.010009765625,661700.0,428.89996337890625,0.0
MSI,2025-04-29,430.2200012207031,438.1400146484375,430.2200012207031,435.760009765625,509800.0,433.626708984375,0.0
MSI,2025-04-30,435.8399963378906,441.54998779296875,430.9800109863281,440.3900146484375,795100.0,438.23406982421875,0.0
MSI,2025-05-01,440.5,444.3699951171875,438.7699890136719,439.1600036621094,981700.0,437.01007080078125,0.0
MSI,2025-05-02,417.3500061035156,420.7699890136719,397.0,406.4200134277344,2340600.0,404.43035888671875,0.0
MSI,2025-05-05,405.94000244140625,407.1700134277344,399.05999755859375,405.3699951171875,1157000.0,403.3854675292969,0.0
MSI,2025-05-06,402.1600036621094,413.7900085449219,400.5,412.6400146484375,1023300.0,410.6199035644531,0.0
MSI,2025-05-07,411.32000732421875,418.0199890136719,411.32000732421875,415.1499938964844,949000.0,413.11761474609375,0.0
MSI,2025-05-08,417.55999755859375,418.20001220703125,409.2099914550781,410.3699951171875,940800.0,408.36102294921875,0.0
MSI,2025-05-09,411.57000732421875,411.57000732421875,404.2200012207031,406.5,940600.0,404.50994873046875,0.0
MSI,2025-05-12,408.20001220703125,413.1300048828125,401.3599853515625,412.9100036621094,1034600.0,410.8885803222656,0.0
MSI,2025-05-13,412.9100036621094,418.2200012207031,411.94000244140625,413.2799987792969,850000.0,411.25677490234375,0.0
MSI,2025-05-14,415.0,418.5299987792969,411.6099853515625,415.20001220703125,924100.0,413.1673583984375,0.0
MSI,2025-05-15,417.7200012207031,425.70001220703125,417.5,425.5799865722656,906600.0,423.4965515136719,0.0
MSI,2025-05-16,425.1300048828125,425.3599853515625,420.70001220703125,424.17999267578125,1659000.0,422.1034240722656,0.0
MSI,2025-05-19,423.92999267578125,427.17999267578125,422.29998779296875,425.2900085449219,771500.0,423.2079772949219,0.0
MSI,2025-05-20,424.5799865722656,426.4100036621094,422.0,422.92999267578125,653000.0,420.8594970703125,0.0
MSI,2025-05-21,422.0400085449219,428.8699951171875,421.0899963378906,426.44000244140625,1116400.0,424.35235595703125,0.0
MSI,2025-05-22,426.70001220703125,428.55999755859375,420.75,421.7200012207031,623800.0,419.65545654296875,0.0
MSI,2025-05-23,420.05999755859375,421.29998779296875,416.9700012207031,418.9200134277344,563200.0,416.8691711425781,0.0
MSI,2025-05-27,421.4100036621094,425.2099914550781,419.8299865722656,420.44000244140625,923900.0,418.3817138671875,0.0
MSI,2025-05-28,421.2099914550781,425.0,417.8999938964844,420.8299865722656,1098400.0,418.7698059082031,0.0
MSI,2025-05-29,419.79998779296875,421.7300109863281,412.3599853515625,418.42999267578125,864500.0,416.3815612792969,0.0
MSI,2025-05-30,418.0,418.0,409.6700134277344,415.3800048828125,3176700.0,413.34649658203125,0.0
MSI,2025-06-02,415.1300048828125,419.2300109863281,413.1499938964844,419.1700134277344,767200.0,417.1179504394531,0.0
MSI,2025-06-03,416.92999267578125,425.0799865722656,416.92999267578125,422.2099914550781,1196300.0,420.1430358886719,0.0
MSI,2025-06-04,424.1199951171875,424.5199890136719,417.3699951171875,417.3999938964844,1068200.0,415.3565673828125,0.0
MSI,2025-06-05,418.8599853515625,419.75,413.2200012207031,416.1199951171875,993000.0,414.0828552246094,0.0
MSI,2025-06-06,418.1199951171875,421.2200012207031,416.5799865722656,417.9200134277344,594700.0,415.87408447265625,0.0
MSI,2025-06-09,416.5400085449219,417.79998779296875,411.760009765625,412.7699890136719,616400.0,410.749267578125,0.0
MSI,2025-06-10,412.9700012207031,414.1400146484375,410.4800109863281,412.239990234375,677300.0,410.22186279296875,0.0
MSI,2025-06-11,412.3999938964844,413.0299987792969,407.4800109863281,409.07000732421875,840900.0,407.0673828125,0.0
MSI,2025-06-12,412.0400085449219,414.510009765625,407.8299865722656,413.07000732421875,643700.0,411.04779052734375,0.0
MSI,2025-06-13,411.57000732421875,413.510009765625,406.9700012207031,408.1000061035156,718100.0,407.17657470703125,1.09
MSI,2025-06-16,408.07000732421875,412.3299865722656,406.4100036621094,407.4599914550781,1015300.0,406.5379943847656,0.0
MSI,2025-06-17,407.2900085449219,408.5199890136719,404.0299987792969,406.4100036621094,863000.0,405.4903869628906,0.0
MSI,2025-06-18,406.79998779296875,407.5299987792969,403.9200134277344,404.739990234375,972000.0,403.82415771484375,0.0
MSI,2025-06-20,406.04998779296875,411.20001220703125,404.3699951171875,406.25,1457800.0,405.33074951171875,0.0
MSI,2025-06-23,407.239990234375,410.8699951171875,404.8699951171875,410.8699951171875,1268100.0,409.9402770996094,0.0
MSI,2025-06-24,411.3299865722656,419.70001220703125,409.7300109863281,418.3500061035156,979100.0,417.40338134765625,0.0
MSI,2025-06-25,417.3299865722656,420.3900146484375,416.6700134277344,419.0,660800.0,418.0519104003906,0.0
MSI,2025-06-26,420.489990234375,421.3299865722656,411.6000061035156,415.2699890136719,724800.0,414.330322265625,0.0
MSI,2025-06-27,415.3500061035156,419.239990234375,414.739990234375,418.6600036621094,908800.0,417.7126770019531,0.0
MSI,2025-06-30,420.2099914550781,421.92999267578125,417.7300109863281,420.4599914550781,1477900.0,419.5085754394531,0.0
MSI,2025-07-01,420.8699951171875,427.3999938964844,417.57000732421875,425.6499938964844,1220900.0,424.6868591308594,0.0
MSI,2025-07-02,423.82000732421875,424.8299865722656,416.5400085449219,422.2699890136719,826700.0,421.3144836425781,0.0
MSI,2025-07-03,422.70001220703125,426.3399963378906,421.1600036621094,424.8399963378906,494700.0,423.8786926269531,0.0
MSI,2025-07-07,424.80999755859375,428.0,423.8500061035156,426.3699951171875,610100.0,425.40521240234375,0.0
MSI,2025-07-08,422.1300048828125,425.2900085449219,415.7900085449219,417.3599853515625,895800.0,416.41558837890625,0.0
MSI,2025-07-09,417.0199890136719,418.9800109863281,415.1199951171875,417.8800048828125,698900.0,416.9344482421875,0.0
MSI,2025-07-10,415.8500061035156,419.8599853515625,414.239990234375,417.7200012207031,701900.0,416.7748107910156,0.0
MSI,2025-07-11,415.9800109863281,418.760009765625,415.1000061035156,416.0299987792969,720300.0,415.088623046875,0.0
MSI,2025-07-14,415.32000732421875,417.2699890136719,413.2099914550781,413.6199951171875,638100.0,412.68408203125,0.0
MSI,2025-07-15,413.3299865722656,416.2699890136719,408.6000061035156,408.7300109863281,817800.0,407.8051452636719,0.0
MSI,2025-07-16,412.95001220703125,416.4100036621094,410.57000732421875,416.2900085449219,973500.0,415.3480529785156,0.0
MSI,2025-07-17,415.2099914550781,422.5,413.8699951171875,421.0400085449219,793600.0,420.0872802734375,0.0
MSI,2025-07-18,423.2099914550781,424.1400146484375,420.3500061035156,420.4599914550781,741400.0,419.5085754394531,0.0
MSI,2025-07-21,419.4599914550781,424.75,417.0199890136719,420.9100036621094,642400.0,419.95758056640625,0.0
MSI,2025-07-22,421.19000244140625,424.0799865722656,419.2699890136719,421.2699890136719,542500.0,420.3167419433594,0.0
MSI,2025-07-23,420.8800048828125,423.760009765625,419.6400146484375,422.1700134277344,615700.0,421.2147521972656,0.0
MSI,2025-07-24,423.75,425.5299987792969,421.75,424.8299865722656,569600.0,423.8686828613281,0.0
MSI,2025-07-25,424.8699951171875,428.32000732421875,424.29998779296875,428.0,633200.0,427.0315246582031,0.0
MSI,2025-07-28,427.0899963378906,430.5,425.3999938964844,429.9700012207031,974100.0,428.9970703125,0.0
MSI,2025-07-29,430.760009765625,436.2699890136719,427.2900085449219,433.95001220703125,814100.0,432.96807861328125,0.0
MSI,2025-07-30,433.3900146484375,437.55999755859375,433.0,436.07000732421875,1101300.0,435.0832824707031,0.0
MSI,2025-07-31,436.4200134277344,441.7200012207031,436.4200134277344,438.9800109863281,1440600.0,437.9866943359375,0.0
MSI,2025-08-01,438.5299987792969,440.739990234375,429.7099914550781,436.7099914550781,1176400.0,435.7218017578125,0.0
MSI,2025-08-04,436.6300048828125,446.1499938964844,435.8500061035156,439.9700012207031,1043700.0,438.9744567871094,0.0
MSI,2025-08-05,439.5400085449219,442.79998779296875,433.7300109863281,434.04998779296875,1205900.0,433.0678405761719,0.0
MSI,2025-08-06,433.6499938964844,442.7300109863281,433.0400085449219,442.1199951171875,669300.0,441.11956787109375,0.0
MSI,2025-08-07,445.0,446.739990234375,440.489990234375,445.1000061035156,1143500.0,444.09283447265625,0.0
MSI,2025-08-08,451.82000732421875,458.3399963378906,434.6400146484375,453.4100036621094,1617500.0,452.384033203125,0.0
MSI,2025-08-11,456.25,466.239990234375,454.1300048828125,460.94000244140625,1538800.0,459.8970031738281,0.0
MSI,2025-08-12,463.0,474.1099853515625,461.739990234375,471.20001220703125,1636500.0,470.1337890625,0.0
MSI,2025-08-13,471.2900085449219,472.0,467.7799987792969,470.20001220703125,913600.0,469.13604736328125,0.0
MSI,2025-08-14,467.32000732421875,468.1199951171875,461.0400085449219,461.6099853515625,976100.0,460.5654602050781,0.0
MSI,2025-08-15,461.3599853515625,462.30999755859375,457.4599914550781,460.30999755859375,1274700.0,459.2684326171875,0.0
MSI,2025-08-18,460.239990234375,462.3900146484375,459.20001220703125,461.17999267578125,733100.0,460.1364440917969,0.0
MSI,2025-08-19,461.260009765625,467.8599853515625,459.9800109863281,460.4100036621094,1140900.0,459.3681945800781,0.0
MSI,2025-08-20,462.0,463.7300109863281,459.4700012207031,462.1300048828125,834300.0,461.0843200683594,0.0
MSI,2025-08-21,460.80999755859375,463.3599853515625,457.989990234375,462.42999267578125,789800.0,461.38360595703125,0.0
MSI,2025-08-22,464.0799865722656,466.75,460.82000732421875,461.9100036621094,610600.0,460.86480712890625,0.0
MSI,2025-08-25,462.79998779296875,464.80999755859375,458.8999938964844,460.67999267578125,496000.0,459.6375732421875,0.0
MSI,2025-08-26,460.94000244140625,461.0,451.6300048828125,455.6199951171875,2148400.0,454.5890197753906,0.0
MSI,2025-08-27,457.1499938964844,466.489990234375,455.1700134277344,464.4100036621094,729400.0,463.3591613769531,0.0
MSI,2025-08-28,462.55999755859375,470.5400085449219,462.07000732421875,470.1000061035156,972700.0,469.0362854003906,0.0
MSI,2025-08-29,470.1400146484375,474.20001220703125,469.0799865722656,472.4599914550781,961000.0,471.39093017578125,0.0
MSI,2025-09-02,469.9599914550781,479.2300109863281,466.70001220703125,479.0,1615000.0,477.9161376953125,0.0
MSI,2025-09-03,477.5,479.44000244140625,470.260009765625,474.1600036621094,796300.0,473.08709716796875,0.0
MSI,2025-09-04,476.6499938964844,478.8900146484375,475.5799865722656,478.6199951171875,608200.0,477.5369873046875,0.0
MSI,2025-09-05,479.0299987792969,480.19000244140625,475.2900085449219,478.9800109863281,631200.0,477.89617919921875,0.0
MSI,2025-09-08,477.75,478.82000732421875,474.1700134277344,478.3699951171875,935200.0,477.2875671386719,0.0
MSI,2025-09-09,477.1000061035156,478.79998779296875,473.0299987792969,477.92999267578125,597500.0,476.8485412597656,0.0
MSI,2025-09-10,477.55999755859375,484.0899963378906,476.5,481.70001220703125,701100.0,480.61004638671875,0.0
MSI,2025-09-11,481.04998779296875,492.2200012207031,480.2799987792969,490.29998779296875,1046600.0,489.1905517578125,0.0
MSI,2025-09-12,487.9700012207031,487.9700012207031,481.2900085449219,481.7099914550781,793100.0,480.6199951171875,0.0
MSI,2025-09-15,,,,,,,1.09
MSI,2025-09-16 16:00:02-04:00,482.0,484.2300109863281,475.25,476.8399963378906,1021513.0,476.8399963378906,0.0
SNPS,2025-03-17,445.0,460.80999755859375,440.0,453.510009765625,1489100.0,453.510009765625,0.0
SNPS,2025-03-18,448.80999755859375,454.5899963378906,445.0199890136719,447.989990234375,1020100.0,447.989990234375,0.0
SNPS,2025-03-19,447.17999267578125,455.489990234375,440.82000732421875,450.2799987792969,1108300.0,450.2799987792969,0.0
SNPS,2025-03-20,446.8900146484375,453.92999267578125,443.19000244140625,449.989990234375,810200.0,449.989990234375,0.0
SNPS,2025-03-21,441.20001220703125,454.6099853515625,438.1199951171875,448.6000061035156,3362100.0,448.6000061035156,0.0
SNPS,2025-03-24,456.82000732421875,464.2200012207031,455.5400085449219,457.7699890136719,974200.0,457.7699890136719,0.0
SNPS,2025-03-25,457.42999267578125,458.6400146484375,453.7099914550781,457.2300109863281,759000.0,457.2300109863281,0.0
SNPS,2025-03-26,454.3500061035156,460.44000244140625,447.1099853515625,449.8999938964844,749100.0,449.8999938964844,0.0
SNPS,2025-03-27,445.4800109863281,450.5799865722656,440.42999267578125,446.2300109863281,699000.0,446.2300109863281,0.0
SNPS,2025-03-28,446.9200134277344,448.04998779296875,437.05999755859375,437.95001220703125,941500.0,437.95001220703125,0.0
SNPS,2025-03-31,429.0199890136719,431.69000244140625,423.0799865722656,428.8500061035156,1371100.0,428.8500061035156,0.0
SNPS,2025-04-01,430.1099853515625,436.7200012207031,423.1700134277344,435.94000244140625,985800.0,435.94000244140625,0.0
SNPS,2025-04-02,426.1600036621094,443.6199951171875,425.0,438.54998779296875,1111200.0,438.54998779296875,0.0
SNPS,2025-04-03,417.67999267578125,421.1300048828125,404.0799865722656,417.760009765625,2133600.0,417.760009765625,0.0
SNPS,2025-04-04,403.0,408.94000244140625,387.4100036621094,388.1300048828125,2513200.0,388.1300048828125,0.0
SNPS,2025-04-07,375.9599914550781,402.0,365.739990234375,380.8999938964844,3060100.0,380.8999938964844,0.0
SNPS,2025-04-08,391.3900146484375,403.19000244140625,376.2300109863281,381.5899963378906,2191500.0,381.5899963378906,0.0
SNPS,2025-04-09,380.8800048828125,432.5400085449219,375.9700012207031,428.70001220703125,2146100.0,428.70001220703125,0.0
SNPS,2025-04-10,415.32000732421875,417.7300109863281,391.6099853515625,406.8900146484375,1537600.0,406.8900146484375,0.0
SNPS,2025-04-11,407.07000732421875,425.7099914550781,402.8299865722656,421.2099914550781,1745600.0,421.2099914550781,0.0
SNPS,2025-04-14,428.8999938964844,430.54998779296875,416.0,421.9800109863281,1119500.0,421.9800109863281,0.0
SNPS,2025-04-15,423.0899963378906,430.32000732421875,422.2300109863281,425.6499938964844,1016100.0,425.6499938964844,0.0
SNPS,2025-04-16,416.19000244140625,423.55999755859375,408.6199951171875,415.6499938964844,1064000.0,415.6499938964844,0.0
SNPS,2025-04-17,421.3800048828125,421.7799987792969,412.1000061035156,413.32000732421875,1002400.0,413.32000732421875,0.0
SNPS,2025-04-21,406.260009765625,407.2900085449219,396.0299987792969,402.3599853515625,901400.0,402.3599853515625,0.0
SNPS,2025-04-22,407.69000244140625,417.1600036621094,402.8599853515625,413.3999938964844,946500.0,413.3999938964844,0.0
SNPS,2025-04-23,432.3399963378906,441.3800048828125,420.1700134277344,422.2300109863281,1008100.0,422.2300109863281,0.0
SNPS,2025-04-24,426.1600036621094,440.19000244140625,423.0,438.8999938964844,1093000.0,438.8999938964844,0.0
SNPS,2025-04-25,435.6400146484375,447.30999755859375,433.30999755859375,446.6199951171875,1032100.0,446.6199951171875,0.0
SNPS,2025-04-28,444.3900146484375,447.4599914550781,436.8800048828125,443.9700012207031,1117100.0,443.9700012207031,0.0
SNPS,2025-04-29,445.8299865722656,462.42999267578125,444.239990234375,460.7699890136719,1415400.0,460.7699890136719,0.0
SNPS,2025-04-30,449.6700134277344,460.7099914550781,448.6499938964844,459.010009765625,1338900.0,459.010009765625,0.0
SNPS,2025-05-01,462.4700012207031,467.7300109863281,457.70001220703125,459.3599853515625,1137700.0,459.3599853515625,0.0
SNPS,2025-05-02,469.8500061035156,476.44000244140625,467.5899963378906,472.2799987792969,1293700.0,472.2799987792969,0.0
SNPS,2025-05-05,469.1700134277344,482.8699951171875,465.5899963378906,477.4100036621094,1074600.0,477.4100036621094,0.0
SNPS,2025-05-06,468.760009765625,478.5400085449219,467.8599853515625,473.54998779296875,834200.0,473.54998779296875,0.0
SNPS,2025-05-07,474.1499938964844,483.8599853515625,473.1099853515625,480.5400085449219,899300.0,480.5400085449219,0.0
SNPS,2025-05-08,485.0,491.32000732421875,482.7200012207031,484.5,1011800.0,484.5,0.0
SNPS,2025-05-09,487.1099853515625,487.8399963378906,479.0400085449219,482.8999938964844,571500.0,482.8999938964844,0.0
SNPS,2025-05-12,503.6600036621094,506.6600036621094,497.04998779296875,505.5899963378906,1099700.0,505.5899963378906,0.0
SNPS,2025-05-13,506.5799865722656,516.5800170898438,505.5799865722656,515.7100219726562,823400.0,515.7100219726562,0.0
SNPS,2025-05-14,512.3599853515625,518.0800170898438,512.3599853515625,517.6599731445312,881600.0,517.6599731445312,0.0
SNPS,2025-05-15,516.6300048828125,521.0999755859375,512.1900024414062,514.47998046875,826600.0,514.47998046875,0.0
SNPS,2025-05-16,514.47998046875,516.6699829101562,509.739990234375,514.4299926757812,948100.0,514.4299926757812,0.0
SNPS,2025-05-19,507.5,518.469970703125,504.1400146484375,516.010009765625,848600.0,516.010009765625,0.0
SNPS,2025-05-20,512.5,515.72998046875,508.0,515.6099853515625,740800.0,515.6099853515625,0.0
SNPS,2025-05-21,507.2200012207031,514.02001953125,501.2799987792969,501.4599914550781,866100.0,501.4599914550781,0.0
SNPS,2025-05-22,500.739990234375,506.5899963378906,497.1199951171875,503.4800109863281,774900.0,503.4800109863281,0.0
SNPS,2025-05-23,495.32000732421875,501.9700012207031,493.7300109863281,498.8500061035156,670000.0,498.8500061035156,0.0
SNPS,2025-05-27,507.1400146484375,515.0800170898438,504.3599853515625,511.7900085449219,1251900.0,511.7900085449219,0.0
SNPS,2025-05-28,511.0199890136719,514.989990234375,445.0,462.42999267578125,4806200.0,462.42999267578125,0.0
SNPS,2025-05-29,473.0,487.989990234375,437.69000244140625,454.989990234375,4314300.0,454.989990234375,0.0
SNPS,2025-05-30,450.3599853515625,465.760009765625,447.4800109863281,463.9800109863281,3356200.0,463.9800109863281,0.0
SNPS,2025-06-02,459.9200134277344,466.4599914550781,452.489990234375,466.1499938964844,1299300.0,466.1499938964844,0.0
SNPS,2025-06-03,464.55999755859375,471.9599914550781,461.1199951171875,466.260009765625,1295200.0,466.260009765625,0.0
SNPS,2025-06-04,467.32000732421875,474.2200012207031,463.6000061035156,473.19000244140625,972400.0,473.19000244140625,0.0
SNPS,2025-06-05,475.6000061035156,490.6700134277344,472.8800048828125,482.20001220703125,1676800.0,482.20001220703125,0.0
SNPS,2025-06-06,486.32000732421875,490.760009765625,482.4800109863281,486.0,943200.0,486.0,0.0
SNPS,2025-06-09,503.8800048828125,512.0,495.010009765625,495.7699890136719,1612100.0,495.7699890136719,0.0
SNPS,2025-06-10,495.7699890136719,504.5299987792969,493.2799987792969,504.3999938964844,1085000.0,504.3999938964844,0.0
SNPS,2025-06-11,503.25,505.9800109863281,498.239990234375,500.7300109863281,1104800.0,500.7300109863281,0.0
SNPS,2025-06-12,497.260009765625,500.8900146484375,494.7200012207031,494.989990234375,867800.0,494.989990234375,0.0
SNPS,2025-06-13,486.44000244140625,488.6499938964844,477.5299987792969,478.8599853515625,1162500.0,478.8599853515625,0.0
SNPS,2025-06-16,480.5,482.8299865722656,473.75,479.4100036621094,1386400.0,479.4100036621094,0.0
SNPS,2025-06-17,477.80999755859375,484.5299987792969,473.82000732421875,475.3999938964844,765500.0,475.3999938964844,0.0
SNPS,2025-06-18,473.3299865722656,478.489990234375,468.760009765625,473.6199951171875,1040500.0,473.6199951171875,0.0
SNPS,2025-06-20,480.0,482.5299987792969,468.5400085449219,470.5299987792969,1510900.0,470.5299987792969,0.0
SNPS,2025-06-23,468.8900146484375,474.20001220703125,460.8900146484375,470.9800109863281,897500.0,470.9800109863281,0.0
SNPS,2025-06-24,474.29998779296875,481.0,472.55999755859375,478.9800109863281,866200.0,478.9800109863281,0.0
SNPS,2025-06-25,478.9800109863281,487.67999267578125,474.0,487.2699890136719,867900.0,487.2699890136719,0.0
SNPS,2025-06-26,489.010009765625,496.7099914550781,486.05999755859375,495.70001220703125,1019300.0,495.70001220703125,0.0
SNPS,2025-06-27,500.010009765625,521.6900024414062,500.010009765625,502.6300048828125,2153600.0,502.6300048828125,0.0
SNPS,2025-06-30,505.8900146484375,517.4000244140625,503.9200134277344,512.6799926757812,1343700.0,512.6799926757812,0.0
SNPS,2025-07-01,509.2200012207031,522.8499755859375,506.0799865722656,521.780029296875,1512800.0,521.780029296875,0.0
SNPS,2025-07-02,517.1799926757812,526.0900268554688,514.0,523.1099853515625,979100.0,523.1099853515625,0.0
SNPS,2025-07-03,544.7000122070312,555.0,536.3499755859375,548.739990234375,2020000.0,548.739990234375,0.0
SNPS,2025-07-07,544.1099853515625,545.0800170898438,534.3400268554688,536.52001953125,1391000.0,536.52001953125,0.0
SNPS,2025-07-08,540.6699829101562,552.3499755859375,538.97998046875,551.510009765625,1314800.0,551.510009765625,0.0
SNPS,2025-07-09,552.3800048828125,554.4199829101562,544.0599975585938,550.9500122070312,839900.0,550.9500122070312,0.0
SNPS,2025-07-10,552.489990234375,569.4400024414062,545.8300170898438,566.1900024414062,1775200.0,566.1900024414062,0.0
SNPS,2025-07-11,563.969970703125,572.9099731445312,559.1400146484375,559.280029296875,1358500.0,559.280029296875,0.0
SNPS,2025-07-14,575.0,579.0,542.489990234375,549.530029296875,5084300.0,549.530029296875,0.0
SNPS,2025-07-15,553.8900146484375,570.3800048828125,549.0,569.0999755859375,3178400.0,569.0999755859375,0.0
SNPS,2025-07-16,569.25,574.97998046875,550.6199951171875,571.2000122070312,7936000.0,571.2000122070312,0.0
SNPS,2025-07-17,567.510009765625,590.0,563.0,589.010009765625,3621100.0,589.010009765625,0.0
SNPS,2025-07-18,588.2100219726562,600.9000244140625,578.8699951171875,584.760009765625,3682300.0,584.760009765625,0.0
SNPS,2025-07-21,587.5900268554688,596.4299926757812,582.6500244140625,591.4600219726562,2445000.0,591.4600219726562,0.0
SNPS,2025-07-22,583.9199829101562,617.0,578.8699951171875,615.1300048828125,2890600.0,615.1300048828125,0.0
SNPS,2025-07-23,612.7999877929688,618.489990234375,605.030029296875,614.4199829101562,2002300.0,614.4199829101562,0.0
SNPS,2025-07-24,611.5499877929688,615.0499877929688,606.3099975585938,609.6799926757812,1414300.0,609.6799926757812,0.0
SNPS,2025-07-25,611.6500244140625,611.6500244140625,600.8599853515625,601.5499877929688,1819800.0,601.5499877929688,0.0
SNPS,2025-07-28,605.280029296875,607.7100219726562,588.3699951171875,592.6300048828125,1770500.0,592.6300048828125,0.0
SNPS,2025-07-29,614.0599975585938,647.2000122070312,613.5800170898438,635.8099975585938,3293600.0,635.8099975585938,0.0
SNPS,2025-07-30,635.1400146484375,651.72998046875,632.6699829101562,645.3499755859375,1919000.0,645.3499755859375,0.0
SNPS,2025-07-31,644.780029296875,646.2899780273438,632.739990234375,633.469970703125,1165900.0,633.469970703125,0.0
SNPS,2025-08-01,617.5499877929688,625.3099975585938,608.0999755859375,618.6500244140625,1300400.0,618.6500244140625,0.0
SNPS,2025-08-04,622.4199829101562,636.6099853515625,615.7899780273438,636.02001953125,1121700.0,636.02001953125,0.0
SNPS,2025-08-05,634.77001953125,636.25,624.0800170898438,628.5,1032200.0,628.5,0.0
SNPS,2025-08-06,627.5,630.2899780273438,615.9500122070312,625.8800048828125,1016300.0,625.8800048828125,0.0
SNPS,2025-08-07,632.8300170898438,632.989990234375,608.1900024414062,620.3300170898438,1428600.0,620.3300170898438,0.0
SNPS,2025-08-08,625.0,625.22998046875,618.3599853515625,619.4199829101562,700600.0,619.4199829101562,0.0
SNPS,2025-08-11,620.4000244140625,623.469970703125,613.6500244140625,616.1199951171875,956000.0,616.1199951171875,0.0
SNPS,2025-08-12,615.4199829101562,627.1199951171875,609.1599731445312,625.7999877929688,1168400.0,625.7999877929688,0.0
SNPS,2025-08-13,628.75,628.8900146484375,612.6900024414062,618.5700073242188,1012400.0,618.5700073242188,0.0
SNPS,2025-08-14,616.5,619.7899780273438,612.1699829101562,616.3599853515625,954200.0,616.3599853515625,0.0
SNPS,2025-08-15,616.3599853515625,620.0,606.3099975585938,617.9099731445312,881800.0,617.9099731445312,0.0
SNPS,2025-08-18,617.9099731445312,626.239990234375,615.1199951171875,625.3300170898438,749600.0,625.3300170898438,0.0
SNPS,2025-08-19,620.6099853515625,624.8200073242188,611.0,612.7899780273438,1170700.0,612.7899780273438,0.0
SNPS,2025-08-20,611.0900268554688,613.8300170898438,595.0999755859375,601.1300048828125,1659500.0,601.1300048828125,0.0
SNPS,2025-08-21,597.1900024414062,603.9400024414062,593.0499877929688,598.1699829101562,1145600.0,598.1699829101562,0.0
SNPS,2025-08-22,600.3599853515625,612.97998046875,597.47998046875,606.52001953125,863200.0,606.52001953125,0.0
SNPS,2025-08-25,604.969970703125,605.3400268554688,596.0999755859375,597.0,783800.0,597.0,0.0
SNPS,2025-08-26,595.9299926757812,600.1300048828125,593.0,596.0,1224400.0,596.0,0.0
SNPS,2025-08-27,596.9400024414062,603.8699951171875,593.3200073242188,603.1699829101562,916200.0,603.1699829101562,0.0
SNPS,2025-08-28,605.030029296875,614.6300048828125,604.989990234375,612.1699829101562,902200.0,612.1699829101562,0.0
SNPS,2025-08-29,608.97998046875,612.0,601.9400024414062,603.52001953125,992800.0,603.52001953125,0.0
SNPS,2025-09-02,589.0499877929688,596.8200073242188,584.010009765625,592.010009765625,1399600.0,592.010009765625,0.0
SNPS,2025-09-03,590.760009765625,593.7000122070312,586.77001953125,592.1199951171875,973700.0,592.1199951171875,0.0
SNPS,2025-09-04,591.989990234375,602.8499755859375,584.0,601.9600219726562,1012900.0,601.9600219726562,0.0
SNPS,2025-09-05,609.77001953125,615.75,594.6099853515625,598.1400146484375,1388900.0,598.1400146484375,0.0
SNPS,2025-09-08,600.9199829101562,615.7899780273438,599.219970703125,609.0800170898438,1729500.0,609.0800170898438,0.0
SNPS,2025-09-09,610.9400024414062,614.8900146484375,602.5,604.3699951171875,2236200.0,604.3699951171875,0.0
SNPS,2025-09-10,427.79998779296875,429.6400146484375,380.8399963378906,387.7799987792969,21155800.0,387.7799987792969,0.0
SNPS,2025-09-11,415.9700012207031,439.67999267578125,405.5,438.1000061035156,15275600.0,438.1000061035156,0.0
SNPS,2025-09-12,443.82000732421875,444.19000244140625,421.94000244140625,425.45001220703125,6689000.0,425.45001220703125,0.0
SNPS,2025-09-15,431.5,433.989990234375,416.7900085449219,419.20001220703125,4424100.0,419.20001220703125,0.0
SNPS,2025-09-16 16:00:00-04:00,420.54998779296875,427.3699951171875,417.0,425.9700012207031,2990825.0,425.9700012207031,0.0
NET,2025-03-17,115.66999816894531,118.05000305175781,115.29000091552734,116.0199966430664,2793500.0,116.0199966430664,0.0
NET,2025-03-18,115.4800033569336,116.16000366210938,111.91000366210938,115.12000274658203,2447200.0,115.12000274658203,0.0
NET,2025-03-19,115.76000213623047,119.18000030517578,113.91999816894531,117.58000183105469,2976700.0,117.58000183105469,0.0
NET,2025-03-20,117.62999725341797,120.55999755859375,116.68000030517578,117.94000244140625,2476700.0,117.94000244140625,0.0
NET,2025-03-21,116.30000305175781,119.56999969482422,115.11399841308594,119.22000122070312,4325300.0,119.22000122070312,0.0
NET,2025-03-24,122.62999725341797,124.95800018310547,121.1500015258789,123.93000030517578,3111500.0,123.93000030517578,0.0
NET,2025-03-25,131.7899932861328,132.41000366210938,126.05999755859375,127.5,6072400.0,127.5,0.0
NET,2025-03-26,127.52999877929688,127.7020034790039,120.4000015258789,121.1500015258789,2559800.0,121.1500015258789,0.0
NET,2025-03-27,119.0,121.0999984741211,115.80799865722656,118.56999969482422,2272800.0,118.56999969482422,0.0
NET,2025-03-28,117.30000305175781,117.84300231933594,112.4000015258789,114.91999816894531,3142900.0,114.91999816894531,0.0
NET,2025-03-31,110.25,112.9020004272461,106.0999984741211,112.69000244140625,4112700.0,112.69000244140625,0.0
NET,2025-04-01,114.16500091552734,115.7300033569336,111.33999633789062,115.66000366210938,3443100.0,115.66000366210938,0.0
NET,2025-04-02,112.57499694824219,120.32499694824219,112.5,119.55000305175781,4236300.0,119.55000305175781,0.0
NET,2025-04-03,112.5999984741211,113.22000122070312,105.30400085449219,107.38999938964844,4932100.0,107.38999938964844,0.0
NET,2025-04-04,101.25,102.5,94.16000366210938,97.08000183105469,6615000.0,97.08000183105469,0.0
NET,2025-04-07,90.9749984741211,103.38999938964844,89.41999816894531,98.36000061035156,6550000.0,98.36000061035156,0.0
NET,2025-04-08,103.58999633789062,105.26499938964844,95.79000091552734,97.44999694824219,5387200.0,97.44999694824219,0.0
NET,2025-04-09,97.23500061035156,115.41999816894531,96.41000366210938,112.55999755859375,7228600.0,112.55999755859375,0.0
NET,2025-04-10,108.29000091552734,108.9800033569336,102.0999984741211,105.5,3856000.0,105.5,0.0
NET,2025-04-11,105.56500244140625,107.2699966430664,102.83499908447266,106.25,3133400.0,106.25,0.0
NET,2025-04-14,110.0,111.69000244140625,106.0999984741211,107.12000274658203,2540100.0,107.12000274658203,0.0
NET,2025-04-15,107.16999816894531,110.29000091552734,106.18000030517578,109.13999938964844,2015100.0,109.13999938964844,0.0
NET,2025-04-16,109.0250015258789,113.66000366210938,107.68000030517578,109.55000305175781,4085400.0,109.55000305175781,0.0
NET,2025-04-17,110.80000305175781,110.9000015258789,106.80000305175781,107.9000015258789,1931800.0,107.9000015258789,0.0
NET,2025-04-21,105.66000366210938,106.44000244140625,100.25,102.11000061035156,2377400.0,102.11000061035156,0.0
NET,2025-04-22,104.19999694824219,107.43000030517578,103.0,106.80999755859375,2483300.0,106.80999755859375,0.0
NET,2025-04-23,113.18000030517578,118.0,112.12000274658203,112.80000305175781,3592200.0,112.80000305175781,0.0
NET,2025-04-24,112.9000015258789,119.66000366210938,112.9000015258789,118.87000274658203,2607300.0,118.87000274658203,0.0
NET,2025-04-25,117.88600158691406,121.08999633789062,117.83000183105469,121.0,2596700.0,121.0,0.0
NET,2025-04-28,121.41000366210938,122.5,118.06199645996094,121.0,2069800.0,121.0,0.0
NET,2025-04-29,120.88999938964844,122.87000274658203,120.48999786376953,122.2300033569336,1710200.0,122.2300033569336,0.0
NET,2025-04-30,118.70999908447266,120.93000030517578,117.07499694824219,120.77999877929688,2646900.0,120.77999877929688,0.0
NET,2025-05-01,125.69999694824219,125.9800033569336,122.5,122.61000061035156,3230800.0,122.61000061035156,0.0
NET,2025-05-02,125.11499786376953,126.05000305175781,123.41999816894531,124.2300033569336,2625200.0,124.2300033569336,0.0
NET,2025-05-05,122.58999633789062,126.24500274658203,122.38999938964844,124.63999938964844,2837400.0,124.63999938964844,0.0
NET,2025-05-06,122.0,123.48100280761719,120.45500183105469,122.29000091552734,2596700.0,122.29000091552734,0.0
NET,2025-05-07,122.08000183105469,122.73999786376953,120.55000305175781,121.70999908447266,2141500.0,121.70999908447266,0.0
NET,2025-05-08,123.80999755859375,126.2699966430664,121.45500183105469,124.30999755859375,5434900.0,124.30999755859375,0.0
NET,2025-05-09,133.6199951171875,136.38999938964844,130.1999969482422,132.33999633789062,9048300.0,132.33999633789062,0.0
NET,2025-05-12,139.0,143.27999877929688,136.32000732421875,142.36000061035156,5052300.0,142.36000061035156,0.0
NET,2025-05-13,143.4199981689453,151.32000732421875,143.0,150.36000061035156,5130100.0,150.36000061035156,0.0
NET,2025-05-14,152.0,154.6199951171875,150.4499969482422,154.49000549316406,4488300.0,154.49000549316406,0.0
NET,2025-05-15,152.94000244140625,154.47000122070312,150.593994140625,152.8000030517578,2942200.0,152.8000030517578,0.0
NET,2025-05-16,152.68499755859375,157.50999450683594,152.41000366210938,157.19000244140625,5379700.0,157.19000244140625,0.0
NET,2025-05-19,154.44000244140625,158.6699981689453,154.02999877929688,157.52000427246094,3505800.0,157.52000427246094,0.0
NET,2025-05-20,156.3000030517578,157.8800048828125,155.27699279785156,157.4199981689453,2705500.0,157.4199981689453,0.0
NET,2025-05-21,156.13999938964844,160.20899963378906,155.2100067138672,156.52000427246094,2817600.0,156.52000427246094,0.0
NET,2025-05-22,157.36000061035156,160.47999572753906,155.89999389648438,158.2100067138672,2084700.0,158.2100067138672,0.0
NET,2025-05-23,155.1699981689453,159.17999267578125,154.92999267578125,158.0399932861328,1677300.0,158.0399932861328,0.0
NET,2025-05-27,160.0,162.8000030517578,159.2760009765625,161.75999450683594,2908400.0,161.75999450683594,0.0
NET,2025-05-28,162.0,163.00999450683594,161.2899932861328,161.97999572753906,3388200.0,161.97999572753906,0.0
NET,2025-05-29,164.80999755859375,165.49000549316406,159.75999450683594,164.16000366210938,3110500.0,164.16000366210938,0.0
NET,2025-05-30,163.6199951171875,166.52000427246094,161.1199951171875,165.88999938964844,3895300.0,165.88999938964844,0.0
NET,2025-06-02,165.0,170.0,162.27499389648438,169.6999969482422,2694400.0,169.6999969482422,0.0
NET,2025-06-03,169.82000732421875,173.19000244140625,167.72999572753906,172.57000732421875,2724200.0,172.57000732421875,0.0
NET,2025-06-04,172.5800018310547,174.48699951171875,170.6199951171875,170.9199981689453,2294800.0,170.9199981689453,0.0
NET,2025-06-05,172.0,181.11599731445312,170.74000549316406,176.3300018310547,5247500.0,176.3300018310547,0.0
NET,2025-06-06,178.38999938964844,181.80999755859375,176.14999389648438,179.6699981689453,2773500.0,179.6699981689453,0.0
NET,2025-06-09,180.2100067138672,180.2100067138672,173.14999389648438,177.8000030517578,2637400.0,177.8000030517578,0.0
NET,2025-06-10,179.47999572753906,181.8000030517578,176.2899932861328,179.33999633789062,2836300.0,179.33999633789062,0.0
NET,2025-06-11,179.0,181.5,177.43499755859375,179.7100067138672,2259500.0,179.7100067138672,0.0
NET,2025-06-12,176.0,181.49000549316406,168.1199951171875,170.80999755859375,7894000.0,170.80999755859375,0.0
NET,2025-06-13,167.125,173.91000366210938,167.125,171.97000122070312,6261000.0,171.97000122070312,0.0
NET,2025-06-16,174.11500549316406,179.47000122070312,173.8040008544922,179.27000427246094,4303600.0,179.27000427246094,0.0
NET,2025-06-17,178.27000427246094,182.58999633789062,176.02000427246094,181.22999572753906,3658600.0,181.22999572753906,0.0
NET,2025-06-18,181.72000122070312,182.97999572753906,178.86000061035156,181.39999389648438,2952100.0,181.39999389648438,0.0
NET,2025-06-20,182.25,184.8459930419922,178.88999938964844,179.3000030517578,2667400.0,179.3000030517578,0.0
NET,2025-06-23,178.61000061035156,184.92999267578125,175.25,183.8699951171875,3419000.0,183.8699951171875,0.0
NET,2025-06-24,185.9600067138672,187.89999389648438,183.61000061035156,186.42999267578125,2027500.0,186.42999267578125,0.0
NET,2025-06-25,187.6699981689453,192.0,187.41000366210938,190.1199951171875,2630300.0,190.1199951171875,0.0
NET,2025-06-26,192.0,192.4600067138672,188.35000610351562,190.9600067138672,2271400.0,190.9600067138672,0.0
NET,2025-06-27,191.7100067138672,194.7100067138672,189.0,194.0500030517578,4904700.0,194.0500030517578,0.0
NET,2025-06-30,195.55499267578125,196.1999969482422,192.32000732421875,195.8300018310547,2898100.0,195.8300018310547,0.0
NET,2025-07-01,195.3000030517578,198.00999450683594,180.64999389648438,184.9499969482422,5634000.0,184.9499969482422,0.0
NET,2025-07-02,182.96499633789062,187.11300659179688,181.64100646972656,185.63999938964844,3190600.0,185.63999938964844,0.0
NET,2025-07-03,185.85000610351562,191.85000610351562,185.85000610351562,191.27000427246094,1848800.0,191.27000427246094,0.0
NET,2025-07-07,190.3300018310547,194.14999389648438,188.8000030517578,192.85000610351562,2171600.0,192.85000610351562,0.0
NET,2025-07-08,194.0,194.88999938964844,187.77000427246094,192.80999755859375,2444000.0,192.80999755859375,0.0
NET,2025-07-09,194.4199981689453,195.89999389648438,192.25,193.49000549316406,2347900.0,193.49000549316406,0.0
NET,2025-07-10,194.0800018310547,194.48500061035156,179.5500030517578,181.9199981689453,3861800.0,181.9199981689453,0.0
NET,2025-07-11,182.42999267578125,185.3800048828125,180.10899353027344,181.38999938964844,2781800.0,181.38999938964844,0.0
NET,2025-07-14,179.94000244140625,184.89999389648438,178.50599670410156,182.89999389648438,2759200.0,182.89999389648438,0.0
NET,2025-07-15,184.24000549316406,187.75,180.6999969482422,186.97000122070312,2619900.0,186.97000122070312,0.0
NET,2025-07-16,188.77000427246094,190.1199951171875,186.0800018310547,189.80999755859375,3095800.0,189.80999755859375,0.0
NET,2025-07-17,190.47999572753906,193.10000610351562,189.0850067138672,191.25,3594100.0,191.25,0.0
NET,2025-07-18,191.7100067138672,197.35000610351562,191.5279998779297,197.35000610351562,4216600.0,197.35000610351562,0.0
NET,2025-07-21,198.3000030517578,200.76499938964844,195.0399932861328,197.75999450683594,3624200.0,197.75999450683594,0.0
NET,2025-07-22,196.6300048828125,197.22000122070312,188.64999389648438,190.5500030517578,3961400.0,190.5500030517578,0.0
NET,2025-07-23,190.02000427246094,190.8300018310547,186.0800018310547,189.14999389648438,2861500.0,189.14999389648438,0.0
NET,2025-07-24,190.1999969482422,192.6199951171875,186.72000122070312,191.5800018310547,2623000.0,191.5800018310547,0.0
NET,2025-07-25,191.89999389648438,200.00999450683594,191.5800018310547,198.4199981689453,2698700.0,198.4199981689453,0.0
NET,2025-07-28,200.91000366210938,202.33999633789062,198.6199951171875,199.41000366210938,3517600.0,199.41000366210938,0.0
NET,2025-07-29,200.0,202.36000061035156,197.67999267578125,199.42999267578125,2834700.0,199.42999267578125,0.0
NET,2025-07-30,200.4499969482422,203.0800018310547,199.0,200.85000610351562,2735000.0,200.85000610351562,0.0
NET,2025-07-31,204.77000427246094,210.97999572753906,203.0,207.67999267578125,6792800.0,207.67999267578125,0.0
NET,2025-08-01,198.66000366210938,211.27000427246094,192.8000030517578,200.11000061035156,6449400.0,200.11000061035156,0.0
NET,2025-08-04,204.57000732421875,211.75,202.7100067138672,208.8000030517578,3658200.0,208.8000030517578,0.0
NET,2025-08-05,209.0,215.5800018310547,204.6999969482422,207.80999755859375,3039500.0,207.80999755859375,0.0
NET,2025-08-06,209.4499969482422,215.5500030517578,208.47500610351562,215.52999877929688,2325100.0,215.52999877929688,0.0
NET,2025-08-07,218.16000366210938,219.0,204.3300018310547,210.44000244140625,2702100.0,210.44000244140625,0.0
NET,2025-08-08,210.58999633789062,211.7899932861328,204.1999969482422,204.60000610351562,1767200.0,204.60000610351562,0.0
NET,2025-08-11,202.11000061035156,206.1199951171875,200.10000610351562,201.1699981689453,2066400.0,201.1699981689453,0.0
NET,2025-08-12,202.47000122070312,204.0,197.22999572753906,202.3300018310547,2247700.0,202.3300018310547,0.0
NET,2025-08-13,204.0,204.52000427246094,195.85499572753906,199.33999633789062,2746000.0,199.33999633789062,0.0
NET,2025-08-14,195.97000122070312,198.16600036621094,192.9550018310547,195.3800048828125,2535700.0,195.3800048828125,0.0
NET,2025-08-15,195.6300048828125,202.89999389648438,195.0,200.91000366210938,2121900.0,200.91000366210938,0.0
NET,2025-08-18,199.99000549316406,203.30999755859375,196.55999755859375,202.3699951171875,2203800.0,202.3699951171875,0.0
NET,2025-08-19,201.7899932861328,203.0,193.50999450683594,196.50999450683594,2190800.0,196.50999450683594,0.0
NET,2025-08-20,195.0,195.5,184.52000427246094,193.1999969482422,3190600.0,193.1999969482422,0.0
NET,2025-08-21,191.0,193.49000549316406,190.2899932861328,192.77000427246094,1667000.0,192.77000427246094,0.0
NET,2025-08-22,192.3000030517578,197.99000549316406,190.4759979248047,196.1699981689453,1416700.0,196.1699981689453,0.0
NET,2025-08-25,196.5,197.4600067138672,194.1300048828125,195.8800048828125,1246500.0,195.8800048828125,0.0
NET,2025-08-26,196.39999389648438,201.5,195.94000244140625,198.5500030517578,2750300.0,198.5500030517578,0.0
NET,2025-08-27,201.39999389648438,205.64999389648438,199.75999450683594,205.24000549316406,2433600.0,205.24000549316406,0.0
NET,2025-08-28,205.8000030517578,215.64999389648438,205.8000030517578,213.4199981689453,2733100.0,213.4199981689453,0.0
NET,2025-08-29,212.47999572753906,214.4340057373047,206.0,208.7100067138672,2095100.0,208.7100067138672,0.0
NET,2025-09-02,202.64999389648438,208.7100067138672,199.38999938964844,208.0500030517578,1894000.0,208.0500030517578,0.0
NET,2025-09-03,208.77999877929688,208.9709930419922,203.86000061035156,205.7100067138672,1382400.0,205.7100067138672,0.0
NET,2025-09-04,204.99000549316406,211.13999938964844,200.6699981689453,209.97999572753906,1780000.0,209.97999572753906,0.0
NET,2025-09-05,212.11000061035156,214.7100067138672,208.4600067138672,214.42999267578125,1638300.0,214.42999267578125,0.0
NET,2025-09-08,216.6999969482422,220.99000549316406,216.22999572753906,217.9199981689453,2390300.0,217.9199981689453,0.0
NET,2025-09-09,217.9199981689453,219.1999969482422,214.85000610351562,218.55999755859375,1671500.0,218.55999755859375,0.0
NET,2025-09-10,219.97000122070312,225.2899932861328,219.50999450683594,222.97000122070312,2216000.0,222.97000122070312,0.0
NET,2025-09-11,224.89999389648438,230.10000610351562,223.08999633789062,224.63999938964844,3132400.0,224.63999938964844,0.0
NET,2025-09-12,223.8000030517578,225.52000427246094,220.42999267578125,221.32000732421875,1552400.0,221.32000732421875,0.0
NET,2025-09-15,220.57000732421875,229.5399932861328,220.50999450683594,226.00999450683594,1877300.0,226.00999450683594,0.0
NET,2025-09-16 16:00:02-04:00,225.0,225.1614990234375,218.38999938964844,219.24000549316406,2281248.0,219.24000549316406,0.0
FI,2025-03-17,213.52000427246094,218.85000610351562,213.27000427246094,218.16000366210938,2063800.0,218.16000366210938,0.0
FI,2025-03-18,217.14999389648438,218.4499969482422,215.8000030517578,216.94000244140625,2402100.0,216.94000244140625,0.0
FI,2025-03-19,216.91000366210938,221.74000549316406,216.57000732421875,220.35000610351562,3475400.0,220.35000610351562,0.0
FI,2025-03-20,218.6699981689453,222.67999267578125,218.55999755859375,221.7899932861328,2298900.0,221.7899932861328,0.0
FI,2025-03-21,220.32000732421875,221.6199951171875,217.35000610351562,218.08999633789062,3538000.0,218.08999633789062,0.0
FI,2025-03-24,220.9199981689453,223.3000030517578,219.94000244140625,221.7899932861328,1685800.0,221.7899932861328,0.0
FI,2025-03-25,222.38999938964844,223.36000061035156,221.07000732421875,222.6199951171875,1935300.0,222.6199951171875,0.0
FI,2025-03-26,223.39999389648438,224.2100067138672,220.80999755859375,221.69000244140625,1690200.0,221.69000244140625,0.0
FI,2025-03-27,220.92999267578125,222.24000549316406,218.6999969482422,219.17999267578125,3964500.0,219.17999267578125,0.0
FI,2025-03-28,218.83999633789062,220.3800048828125,214.92999267578125,216.1300048828125,2499700.0,216.1300048828125,0.0
FI,2025-03-31,215.6999969482422,221.8300018310547,214.27999877929688,220.8300018310547,4243900.0,220.8300018310547,0.0
FI,2025-04-01,220.3699951171875,222.3000030517578,217.1300048828125,222.00999450683594,3372200.0,222.00999450683594,0.0
FI,2025-04-02,221.91000366210938,227.0,221.39999389648438,226.14999389648438,4440000.0,226.14999389648438,0.0
FI,2025-04-03,218.1699981689453,222.6199951171875,216.63999938964844,216.89999389648438,3704800.0,216.89999389648438,0.0
FI,2025-04-04,209.39999389648438,211.27999877929688,198.50999450683594,198.60000610351562,4944200.0,198.60000610351562,0.0
FI,2025-04-07,192.1999969482422,202.85000610351562,186.6699981689453,198.44000244140625,5346100.0,198.44000244140625,0.0
FI,2025-04-08,206.57000732421875,208.1999969482422,191.44000244140625,195.58999633789062,4478700.0,195.58999633789062,0.0
FI,2025-04-09,192.1699981689453,211.6300048828125,191.1199951171875,210.3800048828125,5111900.0,210.3800048828125,0.0
FI,2025-04-10,207.33999633789062,208.36000061035156,198.44000244140625,204.3800048828125,3427300.0,204.3800048828125,0.0
FI,2025-04-11,203.25999450683594,209.8699951171875,200.80999755859375,208.13999938964844,2784700.0,208.13999938964844,0.0
FI,2025-04-14,212.0,213.64999389648438,209.92999267578125,212.24000549316406,2421000.0,212.24000549316406,0.0
FI,2025-04-15,213.5500030517578,215.14999389648438,211.39999389648438,212.8300018310547,2120700.0,212.8300018310547,0.0
FI,2025-04-16,212.6300048828125,214.32000732421875,208.6999969482422,210.11000061035156,2351000.0,210.11000061035156,0.0
FI,2025-04-17,209.75,212.5800018310547,204.5500030517578,208.66000366210938,3571300.0,208.66000366210938,0.0
FI,2025-04-21,208.63999938964844,209.74000549316406,204.33999633789062,207.4600067138672,2843400.0,207.4600067138672,0.0
FI,2025-04-22,210.0,214.8000030517578,208.5,214.2899932861328,2618600.0,214.2899932861328,0.0
FI,2025-04-23,219.5,221.5,216.25,217.10000610351562,3563700.0,217.10000610351562,0.0
FI,2025-04-24,193.0399932861328,198.67999267578125,176.24000549316406,176.89999389648438,17074800.0,176.89999389648438,0.0
FI,2025-04-25,181.14999389648438,182.07000732421875,177.3300018310547,177.52999877929688,7894300.0,177.52999877929688,0.0
FI,2025-04-28,179.0,183.44000244140625,176.5,178.02999877929688,4924700.0,178.02999877929688,0.0
FI,2025-04-29,177.63999938964844,185.6999969482422,177.63999938964844,185.2899932861328,5115100.0,185.2899932861328,0.0
FI,2025-04-30,182.77999877929688,185.27999877929688,180.0,184.57000732421875,3471900.0,184.57000732421875,0.0
FI,2025-05-01,183.8800048828125,185.0399932861328,182.2899932861328,183.02000427246094,2955000.0,183.02000427246094,0.0
FI,2025-05-02,185.11000061035156,187.0399932861328,182.91000366210938,184.3699951171875,3723600.0,184.3699951171875,0.0
FI,2025-05-05,183.88999938964844,186.74000549316406,181.75,185.5,2376300.0,185.5,0.0
FI,2025-05-06,183.16000366210938,186.8300018310547,183.16000366210938,184.9499969482422,2519800.0,184.9499969482422,0.0
FI,2025-05-07,185.33999633789062,186.38999938964844,181.97000122070312,182.19000244140625,3483100.0,182.19000244140625,0.0
FI,2025-05-08,183.9199981689453,184.8800048828125,180.88999938964844,181.38999938964844,6664800.0,181.38999938964844,0.0
FI,2025-05-09,181.33999633789062,184.5500030517578,180.8800048828125,184.07000732421875,3882000.0,184.07000732421875,0.0
FI,2025-05-12,187.22999572753906,187.5500030517578,184.9199981689453,186.82000732421875,3096500.0,186.82000732421875,0.0
FI,2025-05-13,188.10000610351562,191.91000366210938,187.89999389648438,191.0,4664500.0,191.0,0.0
FI,2025-05-14,190.5500030517578,191.27999877929688,187.33999633789062,189.86000061035156,3791300.0,189.86000061035156,0.0
FI,2025-05-15,189.32000732421875,190.86000061035156,157.35000610351562,159.1300048828125,23336300.0,159.1300048828125,0.0
FI,2025-05-16,159.5,167.99000549316406,159.5,166.66000366210938,11453600.0,166.66000366210938,0.0
FI,2025-05-19,166.0500030517578,169.32000732421875,165.75,169.13999938964844,5834900.0,169.13999938964844,0.0
FI,2025-05-20,169.0,169.72999572753906,165.5399932861328,165.8699951171875,5133700.0,165.8699951171875,0.0
FI,2025-05-21,166.92999267578125,167.6999969482422,162.16000366210938,162.22000122070312,6022800.0,162.22000122070312,0.0
FI,2025-05-22,162.1699981689453,163.0,160.89999389648438,161.33999633789062,5427600.0,161.33999633789062,0.0
FI,2025-05-23,159.67999267578125,160.9499969482422,158.55999755859375,159.33999633789062,8355700.0,159.33999633789062,0.0
FI,2025-05-27,161.3000030517578,161.75,159.3699951171875,160.13999938964844,8277800.0,160.13999938964844,0.0
FI,2025-05-28,160.1999969482422,160.77999877929688,156.3000030517578,160.74000549316406,6227800.0,160.74000549316406,0.0
FI,2025-05-29,160.77000427246094,161.5399932861328,158.50999450683594,159.6199951171875,8233800.0,159.6199951171875,0.0
FI,2025-05-30,159.7100067138672,162.8300018310547,159.0,162.7899932861328,11958300.0,162.7899932861328,0.0
FI,2025-06-02,161.75999450683594,162.33999633789062,159.8800048828125,162.0,6515000.0,162.0,0.0
FI,2025-06-03,161.02000427246094,162.2100067138672,157.57000732421875,162.11000061035156,7628600.0,162.11000061035156,0.0
FI,2025-06-04,162.1999969482422,164.69000244140625,161.9499969482422,164.16000366210938,4522000.0,164.16000366210938,0.0
FI,2025-06-05,164.2899932861328,165.72000122070312,163.66000366210938,165.3800048828125,4120100.0,165.3800048828125,0.0
FI,2025-06-06,166.85000610351562,167.88999938964844,165.39999389648438,166.7100067138672,4271500.0,166.7100067138672,0.0
FI,2025-06-09,167.38999938964844,169.66000366210938,166.57000732421875,166.94000244140625,4373300.0,166.94000244140625,0.0
FI,2025-06-10,166.52000427246094,169.55999755859375,166.32000732421875,168.80999755859375,3872000.0,168.80999755859375,0.0
FI,2025-06-11,168.22000122070312,168.83999633789062,166.3300018310547,168.07000732421875,3347700.0,168.07000732421875,0.0
FI,2025-06-12,167.72000122070312,168.25,166.49000549316406,168.02000427246094,2352000.0,168.02000427246094,0.0
FI,2025-06-13,164.64999389648438,166.0,162.3800048828125,163.02000427246094,3499800.0,163.02000427246094,0.0
FI,2025-06-16,163.97000122070312,165.77000427246094,163.3800048828125,164.88999938964844,3074100.0,164.88999938964844,0.0
FI,2025-06-17,164.1699981689453,165.33999633789062,163.27000427246094,163.44000244140625,2957800.0,163.44000244140625,0.0
FI,2025-06-18,163.64999389648438,164.1999969482422,159.75999450683594,161.36000061035156,5640800.0,161.36000061035156,0.0
FI,2025-06-20,162.3300018310547,164.5800018310547,161.77999877929688,163.3800048828125,8513500.0,163.3800048828125,0.0
FI,2025-06-23,169.0399932861328,170.74000549316406,166.5,170.5399932861328,7169800.0,170.5399932861328,0.0
FI,2025-06-24,177.0,177.36000061035156,171.67999267578125,172.66000366210938,6884900.0,172.66000366210938,0.0
FI,2025-06-25,174.75,174.75,170.1999969482422,170.36000061035156,4125600.0,170.36000061035156,0.0
FI,2025-06-26,170.3699951171875,171.55999755859375,169.35000610351562,171.36000061035156,3052900.0,171.36000061035156,0.0
FI,2025-06-27,171.5399932861328,173.5,170.67999267578125,172.3300018310547,3935000.0,172.3300018310547,0.0
FI,2025-06-30,173.05999755859375,173.5,171.05999755859375,172.41000366210938,3289100.0,172.41000366210938,0.0
FI,2025-07-01,171.38999938964844,173.08999633789062,170.8000030517578,172.67999267578125,3152000.0,172.67999267578125,0.0
FI,2025-07-02,172.64999389648438,173.5,170.5500030517578,172.4499969482422,2784500.0,172.4499969482422,0.0
FI,2025-07-03,173.42999267578125,175.7899932861328,172.77999877929688,175.5500030517578,2211400.0,175.5500030517578,0.0
FI,2025-07-07,175.25,175.9199981689453,172.60000610351562,173.30999755859375,2964200.0,173.30999755859375,0.0
FI,2025-07-08,172.89999389648438,173.5,168.66000366210938,170.4199981689453,3965400.0,170.4199981689453,0.0
FI,2025-07-09,171.17999267578125,171.77000427246094,169.7899932861328,170.9499969482422,3323900.0,170.9499969482422,0.0
FI,2025-07-10,170.7100067138672,171.0800018310547,168.5399932861328,169.6999969482422,4338100.0,169.6999969482422,0.0
FI,2025-07-11,168.72000122070312,169.75,164.0500030517578,165.52000427246094,6294100.0,165.52000427246094,0.0
FI,2025-07-14,166.64999389648438,168.92999267578125,165.3800048828125,167.0,4080400.0,167.0,0.0
FI,2025-07-15,166.16000366210938,167.02999877929688,164.22000122070312,164.4199981689453,4376400.0,164.4199981689453,0.0
FI,2025-07-16,164.8300018310547,165.94000244140625,164.08999633789062,165.7100067138672,3564700.0,165.7100067138672,0.0
FI,2025-07-17,166.25,167.8000030517578,166.0,167.35000610351562,5478300.0,167.35000610351562,0.0
FI,2025-07-18,167.75,168.02000427246094,165.66000366210938,165.74000549316406,3994300.0,165.74000549316406,0.0
FI,2025-07-21,166.8699951171875,167.07000732421875,164.88999938964844,165.4600067138672,4710200.0,165.4600067138672,0.0
FI,2025-07-22,165.5,167.38999938964844,164.61000061035156,165.97999572753906,4729700.0,165.97999572753906,0.0
FI,2025-07-23,137.0,143.25,128.22000122070312,143.0,29008100.0,143.0,0.0
FI,2025-07-24,143.30999755859375,144.17999267578125,139.25,140.0800018310547,12905000.0,140.0800018310547,0.0
FI,2025-07-25,141.0,142.14999389648438,138.38999938964844,142.02999877929688,7783800.0,142.02999877929688,0.0
FI,2025-07-28,142.1300048828125,144.0500030517578,139.25,139.94000244140625,7907100.0,139.94000244140625,0.0
FI,2025-07-29,140.16000366210938,142.63999938964844,140.05999755859375,142.5,6644500.0,142.5,0.0
FI,2025-07-30,141.6199951171875,142.8300018310547,139.91000366210938,140.85000610351562,5181100.0,140.85000610351562,0.0
FI,2025-07-31,139.13999938964844,141.3800048828125,138.75999450683594,138.94000244140625,5669300.0,138.94000244140625,0.0
FI,2025-08-01,138.44000244140625,138.80999755859375,134.82000732421875,135.3300018310547,5451800.0,135.3300018310547,0.0
FI,2025-08-04,135.27999877929688,136.5,134.3800048828125,136.14999389648438,4981700.0,136.14999389648438,0.0
FI,2025-08-05,136.22000122070312,136.6999969482422,133.80999755859375,134.27999877929688,5427800.0,134.27999877929688,0.0
FI,2025-08-06,134.5,136.47000122070312,134.00999450683594,134.0399932861328,5699900.0,134.0399932861328,0.0
FI,2025-08-07,134.75999450683594,135.4499969482422,131.05999755859375,132.6999969482422,6307200.0,132.6999969482422,0.0
FI,2025-08-08,133.50999450683594,134.42999267578125,131.64999389648438,133.24000549316406,3928100.0,133.24000549316406,0.0
FI,2025-08-11,133.69000244140625,135.1999969482422,131.63999938964844,132.22000122070312,3477100.0,132.22000122070312,0.0
FI,2025-08-12,132.82000732421875,133.3000030517578,131.82000732421875,132.32000732421875,3002100.0,132.32000732421875,0.0
FI,2025-08-13,132.58999633789062,135.2899932861328,132.22000122070312,134.2899932861328,4260100.0,134.2899932861328,0.0
FI,2025-08-14,134.0,134.72999572753906,132.6699981689453,134.6199951171875,4159200.0,134.6199951171875,0.0
FI,2025-08-15,135.6699981689453,137.86000061035156,135.00999450683594,136.6999969482422,4221600.0,136.6999969482422,0.0
FI,2025-08-18,136.64999389648438,137.64999389648438,135.50999450683594,137.05999755859375,3793700.0,137.05999755859375,0.0
FI,2025-08-19,137.58999633789062,140.2100067138672,137.05999755859375,139.11000061035156,4670000.0,139.11000061035156,0.0
FI,2025-08-20,139.02999877929688,140.4199981689453,138.11000061035156,139.9600067138672,3749800.0,139.9600067138672,0.0
FI,2025-08-21,139.42999267578125,140.19000244140625,137.82000732421875,140.0,3595900.0,140.0,0.0
FI,2025-08-22,139.6999969482422,140.08999633789062,136.7899932861328,139.67999267578125,6162700.0,139.67999267578125,0.0
FI,2025-08-25,139.64999389648438,139.94000244140625,137.0399932861328,137.25999450683594,2783200.0,137.25999450683594,0.0
FI,2025-08-26,137.0,138.1999969482422,136.72000122070312,137.8800048828125,4108400.0,137.8800048828125,0.0
FI,2025-08-27,137.60000610351562,138.6699981689453,137.38999938964844,137.97999572753906,3614900.0,137.97999572753906,0.0
FI,2025-08-28,138.22999572753906,138.47000122070312,136.24000549316406,137.64999389648438,3853500.0,137.64999389648438,0.0
FI,2025-08-29,137.8000030517578,138.85000610351562,137.42999267578125,138.17999267578125,3769800.0,138.17999267578125,0.0
FI,2025-09-02,137.57000732421875,138.49000549316406,134.02999877929688,136.77999877929688,4914000.0,136.77999877929688,0.0
FI,2025-09-03,136.4499969482422,137.6999969482422,135.9600067138672,136.77000427246094,3329400.0,136.77000427246094,0.0
FI,2025-09-04,136.5800018310547,136.75,135.24000549316406,136.17999267578125,3336800.0,136.17999267578125,0.0
FI,2025-09-05,136.3699951171875,138.6199951171875,134.25,135.0500030517578,3575200.0,135.0500030517578,0.0
FI,2025-09-08,134.60000610351562,135.38999938964844,132.47000122070312,135.2100067138672,5130200.0,135.2100067138672,0.0
FI,2025-09-09,135.52999877929688,136.42999267578125,134.69000244140625,136.41000366210938,4124200.0,136.41000366210938,0.0
FI,2025-09-10,136.0,136.60000610351562,131.9600067138672,132.13999938964844,4828900.0,132.13999938964844,0.0
FI,2025-09-11,132.91000366210938,136.13999938964844,132.58999633789062,135.6999969482422,3859000.0,135.6999969482422,0.0
FI,2025-09-12,135.5800018310547,135.8000030517578,134.27999877929688,134.32000732421875,2913400.0,134.32000732421875,0.0
FI,2025-09-16 16:00:02-04:00,131.47000122070312,133.94749450683594,130.75999450683594,132.75,3374106.0,132.75,0.0
SNOW,2025-03-17,156.2949981689453,157.90499877929688,154.0800018310547,156.38999938964844,3380500.0,156.38999938964844,0.0
SNOW,2025-03-18,154.89999389648438,155.69000244140625,149.8300018310547,154.36000061035156,4955900.0,154.36000061035156,0.0
SNOW,2025-03-19,155.0,158.10000610351562,153.6199951171875,155.9600067138672,4559200.0,155.9600067138672,0.0
SNOW,2025-03-20,155.3300018310547,158.82000732421875,154.2899932861328,157.19000244140625,2717300.0,157.19000244140625,0.0
SNOW,2025-03-21,154.6699981689453,158.72000122070312,153.00999450683594,158.38999938964844,3608200.0,158.38999938964844,0.0
SNOW,2025-03-24,161.34500122070312,166.4199981689453,160.7899932861328,163.1699981689453,3885000.0,163.1699981689453,0.0
SNOW,2025-03-25,162.6699981689453,166.7899932861328,161.75,162.8300018310547,3378600.0,162.8300018310547,0.0
SNOW,2025-03-26,163.25,163.69500732421875,158.6699981689453,159.74000549316406,3451900.0,159.74000549316406,0.0
SNOW,2025-03-27,157.7899932861328,159.11000061035156,155.05999755859375,156.97999572753906,2647000.0,156.97999572753906,0.0
SNOW,2025-03-28,154.24000549316406,155.63999938964844,148.38999938964844,150.6300048828125,4654500.0,150.6300048828125,0.0
SNOW,2025-03-31,145.85000610351562,147.22000122070312,141.9199981689453,146.16000366210938,6219100.0,146.16000366210938,0.0
SNOW,2025-04-01,148.36000061035156,150.00999450683594,144.7550048828125,149.5399932861328,3426800.0,149.5399932861328,0.0
SNOW,2025-04-02,146.02499389648438,155.6999969482422,145.01300048828125,153.91000366210938,5980800.0,153.91000366210938,0.0
SNOW,2025-04-03,144.6999969482422,146.02999877929688,138.1300048828125,139.89999389648438,7967100.0,139.89999389648438,0.0
SNOW,2025-04-04,133.30999755859375,134.7100067138672,125.48999786376953,130.52999877929688,8219300.0,130.52999877929688,0.0
SNOW,2025-04-07,120.69999694824219,137.80999755859375,120.0999984741211,131.0399932861328,8650900.0,131.0399932861328,0.0
SNOW,2025-04-08,138.0500030517578,140.17999267578125,130.80299377441406,133.50999450683594,6930600.0,133.50999450683594,0.0
SNOW,2025-04-09,132.4499969482422,151.9499969482422,129.85000610351562,151.14999389648438,8999100.0,151.14999389648438,0.0
SNOW,2025-04-10,148.25,148.77999877929688,140.1300048828125,144.4499969482422,4087900.0,144.4499969482422,0.0
SNOW,2025-04-11,145.6300048828125,145.6300048828125,140.6699981689453,144.9600067138672,4085800.0,144.9600067138672,0.0
SNOW,2025-04-14,149.0,150.68499755859375,143.8699951171875,144.5500030517578,2753100.0,144.5500030517578,0.0
SNOW,2025-04-15,144.7100067138672,147.1999969482422,144.1999969482422,146.5399932861328,2391000.0,146.5399932861328,0.0
SNOW,2025-04-16,144.4499969482422,148.81500244140625,143.64999389648438,146.0800018310547,3043400.0,146.0800018310547,0.0
SNOW,2025-04-17,146.5,146.60000610351562,142.18499755859375,143.42999267578125,2487300.0,143.42999267578125,0.0
SNOW,2025-04-21,142.0,142.13999938964844,135.37899780273438,137.0,3362100.0,137.0,0.0
SNOW,2025-04-22,138.35000610351562,141.49000549316406,137.36000061035156,140.22999572753906,2765200.0,140.22999572753906,0.0
SNOW,2025-04-23,146.30999755859375,151.8300018310547,146.30999755859375,147.38999938964844,5693200.0,147.38999938964844,0.0
SNOW,2025-04-24,149.2100067138672,159.1699981689453,149.0850067138672,158.66000366210938,6855500.0,158.66000366210938,0.0
SNOW,2025-04-25,157.8000030517578,160.57000732421875,156.10000610351562,158.39999389648438,4164100.0,158.39999389648438,0.0
SNOW,2025-04-28,158.27999877929688,159.8800048828125,156.52000427246094,158.9600067138672,2019000.0,158.9600067138672,0.0
SNOW,2025-04-29,159.50999450683594,161.60000610351562,158.38999938964844,160.35000610351562,2329400.0,160.35000610351562,0.0
SNOW,2025-04-30,156.0,159.5500030517578,154.375,159.49000549316406,3406600.0,159.49000549316406,0.0
SNOW,2025-05-01,168.39500427246094,169.38999938964844,164.38299560546875,165.36000061035156,5105900.0,165.36000061035156,0.0
SNOW,2025-05-02,167.55999755859375,169.71800231933594,166.1060028076172,167.66000366210938,3332700.0,167.66000366210938,0.0
SNOW,2025-05-05,166.5,170.1999969482422,165.5,167.8699951171875,2496000.0,167.8699951171875,0.0
SNOW,2025-05-06,165.47999572753906,169.8249969482422,164.24000549316406,168.4499969482422,2294000.0,168.4499969482422,0.0
SNOW,2025-05-07,168.75,171.6699981689453,167.32000732421875,170.55999755859375,1960900.0,170.55999755859375,0.0
SNOW,2025-05-08,173.0,176.4199981689453,171.52999877929688,173.97000122070312,3462500.0,173.97000122070312,0.0
SNOW,2025-05-09,175.0,176.35800170898438,172.0,174.13999938964844,2595500.0,174.13999938964844,0.0
SNOW,2025-05-12,181.16000366210938,182.6999969482422,177.6699981689453,180.5399932861328,4276500.0,180.5399932861328,0.0
SNOW,2025-05-13,180.6999969482422,184.2899932861328,179.97000122070312,181.02000427246094,4143900.0,181.02000427246094,0.0
SNOW,2025-05-14,181.74000549316406,183.5,180.14999389648438,181.4499969482422,4642300.0,181.4499969482422,0.0
SNOW,2025-05-15,180.0,183.32000732421875,178.6699981689453,182.97000122070312,3122800.0,182.97000122070312,0.0
SNOW,2025-05-16,182.60000610351562,184.25,181.6699981689453,183.0800018310547,3440000.0,183.0800018310547,0.0
SNOW,2025-05-19,181.91000366210938,183.10000610351562,179.94000244140625,182.0500030517578,3828000.0,182.0500030517578,0.0
SNOW,2025-05-20,183.5,183.60000610351562,181.5,182.8800048828125,4228500.0,182.8800048828125,0.0
SNOW,2025-05-21,180.91000366210938,184.08999633789062,178.91000366210938,179.1199951171875,11101400.0,179.1199951171875,0.0
SNOW,2025-05-22,192.0,204.0,191.99000549316406,203.17999267578125,26194100.0,203.17999267578125,0.0
SNOW,2025-05-23,198.5050048828125,205.39999389648438,197.6999969482422,200.0500030517578,11909700.0,200.0500030517578,0.0
SNOW,2025-05-27,202.60000610351562,208.30999755859375,202.0500030517578,206.35000610351562,9639000.0,206.35000610351562,0.0
SNOW,2025-05-28,207.0,209.8000030517578,203.8699951171875,204.39999389648438,4370900.0,204.39999389648438,0.0
SNOW,2025-05-29,206.2899932861328,206.7100067138672,201.0800018310547,202.30999755859375,3800900.0,202.30999755859375,0.0
SNOW,2025-05-30,202.19000244140625,206.0,199.75,205.6699981689453,7077500.0,205.6699981689453,0.0
SNOW,2025-06-02,205.6699981689453,210.44000244140625,204.41000366210938,210.1699981689453,4476900.0,210.1699981689453,0.0
SNOW,2025-06-03,210.5,210.82000732421875,207.1999969482422,209.14999389648438,4063000.0,209.14999389648438,0.0
SNOW,2025-06-04,213.4250030517578,214.8300018310547,205.2899932861328,209.60000610351562,6648500.0,209.60000610351562,0.0
SNOW,2025-06-05,211.22999572753906,214.3699951171875,208.88999938964844,210.10000610351562,5230300.0,210.10000610351562,0.0
SNOW,2025-06-06,211.4499969482422,213.0,209.39999389648438,210.83999633789062,3798900.0,210.83999633789062,0.0
SNOW,2025-06-09,211.30999755859375,212.08999633789062,208.5,210.85000610351562,3548200.0,210.85000610351562,0.0
SNOW,2025-06-10,210.0749969482422,212.39700317382812,206.22000122070312,208.24000549316406,3598100.0,208.24000549316406,0.0
SNOW,2025-06-11,207.99000549316406,210.1999969482422,205.22999572753906,208.61000061035156,5140200.0,208.61000061035156,0.0
SNOW,2025-06-12,206.13999938964844,213.10000610351562,206.13999938964844,211.27999877929688,5138800.0,211.27999877929688,0.0
SNOW,2025-06-13,208.0,212.3000030517578,207.44000244140625,208.17999267578125,3636500.0,208.17999267578125,0.0
SNOW,2025-06-16,210.30999755859375,211.0,207.0500030517578,209.1199951171875,2579600.0,209.1199951171875,0.0
SNOW,2025-06-17,208.0,210.29800415039062,206.25999450683594,209.4499969482422,2217900.0,209.4499969482422,0.0
SNOW,2025-06-18,210.36000061035156,212.6999969482422,209.47000122070312,212.0800018310547,4218200.0,212.0800018310547,0.0
SNOW,2025-06-20,213.35000610351562,215.99000549316406,210.85000610351562,211.99000549316406,4246300.0,211.99000549316406,0.0
SNOW,2025-06-23,209.625,214.8800048828125,207.36000061035156,213.7100067138672,3146800.0,213.7100067138672,0.0
SNOW,2025-06-24,219.48500061035156,224.61000061035156,219.25,223.13999938964844,7206500.0,223.13999938964844,0.0
SNOW,2025-06-25,223.19000244140625,225.68299865722656,219.99000549316406,221.52000427246094,3550200.0,221.52000427246094,0.0
SNOW,2025-06-26,222.0500030517578,222.7899932861328,215.52999877929688,221.9199981689453,5086100.0,221.9199981689453,0.0
SNOW,2025-06-27,222.4250030517578,224.42999267578125,219.82000732421875,222.61000061035156,4924400.0,222.61000061035156,0.0
SNOW,2025-06-30,224.39999389648438,225.50999450683594,222.61000061035156,223.77000427246094,3492400.0,223.77000427246094,0.0
SNOW,2025-07-01,218.89999389648438,223.16000366210938,214.4199981689453,215.97000122070312,5398100.0,215.97000122070312,0.0
SNOW,2025-07-02,215.61000061035156,218.2899932861328,214.52000427246094,217.33999633789062,2363700.0,217.33999633789062,0.0
SNOW,2025-07-03,217.74000549316406,222.60499572753906,217.74000549316406,221.49000549316406,2761800.0,221.49000549316406,0.0
SNOW,2025-07-07,221.42999267578125,225.86000061035156,220.17999267578125,225.7899932861328,4090000.0,225.7899932861328,0.0
SNOW,2025-07-08,225.60000610351562,226.60000610351562,220.83999633789062,223.5,3412500.0,223.5,0.0
SNOW,2025-07-09,224.60000610351562,224.75,220.92999267578125,221.89999389648438,2658400.0,221.89999389648438,0.0
SNOW,2025-07-10,221.8300018310547,222.3000030517578,213.2239990234375,214.4199981689453,4794700.0,214.4199981689453,0.0
SNOW,2025-07-11,213.47999572753906,215.49000549316406,209.4600067138672,210.83999633789062,3868600.0,210.83999633789062,0.0
SNOW,2025-07-14,209.86500549316406,214.94000244140625,208.60000610351562,213.52000427246094,2863800.0,213.52000427246094,0.0
SNOW,2025-07-15,213.75,215.10000610351562,212.25,212.7899932861328,3249100.0,212.7899932861328,0.0
SNOW,2025-07-16,212.97999572753906,214.0,209.2530059814453,211.94000244140625,2789100.0,211.94000244140625,0.0
SNOW,2025-07-17,211.75,214.02999877929688,210.30999755859375,211.5800018310547,2681800.0,211.5800018310547,0.0
SNOW,2025-07-18,212.69000244140625,217.5399932861328,212.1999969482422,216.88999938964844,3384200.0,216.88999938964844,0.0
SNOW,2025-07-21,217.0,218.72000122070312,214.25999450683594,215.64999389648438,2922500.0,215.64999389648438,0.0
SNOW,2025-07-22,214.90499877929688,216.60000610351562,211.39999389648438,212.25,2537000.0,212.25,0.0
SNOW,2025-07-23,211.77000427246094,213.61000061035156,210.39999389648438,212.55999755859375,1692500.0,212.55999755859375,0.0
SNOW,2025-07-24,214.50999450683594,217.0,212.11000061035156,215.02000427246094,2226100.0,215.02000427246094,0.0
SNOW,2025-07-25,215.4250030517578,220.9199981689453,215.13999938964844,219.50999450683594,3259100.0,219.50999450683594,0.0
SNOW,2025-07-28,219.92999267578125,222.3000030517578,216.9199981689453,218.6699981689453,3441500.0,218.6699981689453,0.0
SNOW,2025-07-29,220.36000061035156,220.60000610351562,217.00999450683594,218.75999450683594,2487900.0,218.75999450683594,0.0
SNOW,2025-07-30,218.75,222.19000244140625,217.7100067138672,220.27999877929688,3175300.0,220.27999877929688,0.0
SNOW,2025-07-31,225.1300048828125,229.27000427246094,220.94000244140625,223.5,6227700.0,223.5,0.0
SNOW,2025-08-01,216.8000030517578,216.8000030517578,202.8699951171875,205.02000427246094,8578000.0,205.02000427246094,0.0
SNOW,2025-08-04,207.6999969482422,210.41000366210938,205.64999389648438,208.47999572753906,3422700.0,208.47999572753906,0.0
SNOW,2025-08-05,208.25,209.88999938964844,204.66000366210938,205.77000427246094,4003900.0,205.77000427246094,0.0
SNOW,2025-08-06,205.97000122070312,211.0,205.8000030517578,210.5399932861328,3236600.0,210.5399932861328,0.0
SNOW,2025-08-07,215.0,215.38999938964844,200.8000030517578,206.39999389648438,4619400.0,206.39999389648438,0.0
SNOW,2025-08-08,205.7899932861328,206.39999389648438,191.3300018310547,191.72999572753906,8616100.0,191.72999572753906,0.0
SNOW,2025-08-11,192.16000366210938,196.72999572753906,191.1199951171875,191.8000030517578,5214000.0,191.8000030517578,0.0
SNOW,2025-08-12,191.75,194.0,188.0,193.05999755859375,3942400.0,193.05999755859375,0.0
SNOW,2025-08-13,194.125,198.24000549316406,193.0,196.8699951171875,4429400.0,196.8699951171875,0.0
SNOW,2025-08-14,195.94000244140625,197.5,193.7050018310547,194.89999389648438,2791000.0,194.89999389648438,0.0
SNOW,2025-08-15,195.25,200.33999633789062,194.8000030517578,199.0800018310547,3344900.0,199.0800018310547,0.0
SNOW,2025-08-18,197.47000122070312,198.63999938964844,196.11000061035156,198.24000549316406,2378900.0,198.24000549316406,0.0
SNOW,2025-08-19,199.38999938964844,199.9499969482422,191.3209991455078,192.6300048828125,3582700.0,192.6300048828125,0.0
SNOW,2025-08-20,197.61000061035156,197.77000427246094,189.99000549316406,194.8000030517578,4945600.0,194.8000030517578,0.0
SNOW,2025-08-21,192.80999755859375,195.2899932861328,191.24000549316406,194.67999267578125,2848400.0,194.67999267578125,0.0
SNOW,2025-08-22,195.16000366210938,199.91000366210938,193.8699951171875,196.80999755859375,3107900.0,196.80999755859375,0.0
SNOW,2025-08-25,199.0,200.47000122070312,194.6699981689453,194.67999267578125,3770600.0,194.67999267578125,0.0
SNOW,2025-08-26,195.1999969482422,196.5,193.4199981689453,194.35000610351562,4665900.0,194.35000610351562,0.0
SNOW,2025-08-27,201.75,202.5399932861328,196.66000366210938,200.38999938964844,17841900.0,200.38999938964844,0.0
SNOW,2025-08-28,222.0,249.99000549316406,218.08999633789062,241.0,42167400.0,241.0,0.0
SNOW,2025-08-29,236.92999267578125,241.5,233.2899932861328,238.66000366210938,11742100.0,238.66000366210938,0.0
SNOW,2025-09-02,234.0,235.25999450683594,228.39999389648438,233.60000610351562,7218000.0,233.60000610351562,0.0
SNOW,2025-09-03,234.85000610351562,236.5,227.843994140625,229.3300018310547,6749000.0,229.3300018310547,0.0
SNOW,2025-09-04,222.6999969482422,224.0500030517578,215.0500030517578,221.89999389648438,13280000.0,221.89999389648438,0.0
SNOW,2025-09-05,223.9199981689453,226.5,221.19000244140625,225.5800018310547,5889400.0,225.5800018310547,0.0
SNOW,2025-09-08,226.83999633789062,230.9499969482422,225.9949951171875,226.52000427246094,4519500.0,226.52000427246094,0.0
SNOW,2025-09-09,223.0,225.8300018310547,222.10000610351562,225.55999755859375,3949400.0,225.55999755859375,0.0
SNOW,2025-09-10,229.89999389648438,232.2100067138672,224.02000427246094,225.85000610351562,5142100.0,225.85000610351562,0.0
SNOW,2025-09-11,226.11000061035156,228.66000366210938,223.41099548339844,224.52999877929688,4152500.0,224.52999877929688,0.0
SNOW,2025-09-12,224.5,224.81500244140625,220.80999755859375,221.14999389648438,2629300.0,221.14999389648438,0.0
SNOW,2025-09-16 16:00:02-04:00,221.24000549316406,222.34500122070312,215.9499969482422,215.9499969482422,6706922.0,215.9499969482422,0.0
INFY,2025-03-17,18.59000015258789,18.700000762939453,18.389999389648438,18.56999969482422,10044500.0,18.31146812438965,0.0
INFY,2025-03-18,18.690000534057617,18.690000534057617,18.389999389648438,18.450000762939453,13070400.0,18.193140029907227,0.0
INFY,2025-03-19,18.540000915527344,18.670000076293945,18.440000534057617,18.56999969482422,9710800.0,18.31146812438965,0.0
INFY,2025-03-20,18.329999923706055,18.389999389648438,17.899999618530273,18.059999465942383,19376100.0,17.808568954467773,0.0
INFY,2025-03-21,18.40999984741211,18.43000030517578,18.170000076293945,18.31999969482422,18677600.0,18.06494903564453,0.0
INFY,2025-03-24,18.6299991607666,18.6299991607666,18.5,18.59000015258789,7515800.0,18.33119010925293,0.0
INFY,2025-03-25,18.889999389648438,19.020000457763672,18.790000915527344,18.829999923706055,11605900.0,18.567848205566406,0.0
INFY,2025-03-26,18.6200008392334,18.790000915527344,18.600000381469727,18.65999984741211,7391100.0,18.40021514892578,0.0
INFY,2025-03-27,18.700000762939453,18.780000686645508,18.600000381469727,18.670000076293945,6249500.0,18.410076141357422,0.0
INFY,2025-03-28,18.3700008392334,18.479999542236328,18.110000610351562,18.170000076293945,7866100.0,17.917037963867188,0.0
INFY,2025-03-31,18.0,18.290000915527344,17.8700008392334,18.25,12408200.0,17.99592399597168,0.0
INFY,2025-04-01,18.190000534057617,18.209999084472656,17.950000762939453,18.200000762939453,13574900.0,17.94662094116211,0.0
INFY,2025-04-02,18.149999618530273,18.43000030517578,18.1200008392334,18.389999389648438,9782300.0,18.133974075317383,0.0
INFY,2025-04-03,17.559999465942383,17.75,17.280000686645508,17.350000381469727,16271300.0,17.10845375061035,0.0
INFY,2025-04-04,16.799999237060547,16.899999618530273,16.5,16.579999923706055,19389000.0,16.34917449951172,0.0
INFY,2025-04-07,16.40999984741211,17.43000030517578,16.350000381469727,16.780000686645508,23309900.0,16.546390533447266,0.0
INFY,2025-04-08,17.040000915527344,17.170000076293945,16.229999542236328,16.420000076293945,12944700.0,16.1914005279541,0.0
INFY,2025-04-09,16.149999618530273,17.770000457763672,16.149999618530273,17.65999984741211,20797800.0,17.41413688659668,0.0
INFY,2025-04-10,17.260000228881836,17.309999465942383,16.5,16.979999542236328,25884800.0,16.74360466003418,0.0
INFY,2025-04-11,16.760000228881836,16.950000762939453,16.479999542236328,16.8799991607666,15133500.0,16.644996643066406,0.0
INFY,2025-04-14,17.170000076293945,17.170000076293945,16.8799991607666,17.010000228881836,20142000.0,16.7731876373291,0.0
INFY,2025-04-15,16.889999389648438,17.059999465942383,16.860000610351562,17.030000686645508,16826200.0,16.792909622192383,0.0
INFY,2025-04-16,16.600000381469727,16.850000381469727,16.530000686645508,16.579999923706055,21244700.0,16.34917449951172,0.0
INFY,2025-04-17,16.219999313354492,16.450000762939453,15.819999694824219,16.139999389648438,20714100.0,15.915298461914062,0.0
INFY,2025-04-21,16.860000610351562,16.8799991607666,16.389999389648438,16.579999923706055,20614300.0,16.34917449951172,0.0
INFY,2025-04-22,16.65999984741211,16.93000030517578,16.65999984741211,16.860000610351562,10459300.0,16.625276565551758,0.0
INFY,2025-04-23,17.360000610351562,17.549999237060547,17.18000030517578,17.229999542236328,12569300.0,16.990123748779297,0.0
INFY,2025-04-24,17.270000457763672,17.450000762939453,17.239999771118164,17.360000610351562,10165700.0,17.118314743041992,0.0
INFY,2025-04-25,17.399999618530273,17.440000534057617,17.260000228881836,17.399999618530273,7574000.0,17.157756805419922,0.0
INFY,2025-04-28,17.360000610351562,17.450000762939453,17.149999618530273,17.329999923706055,7546900.0,17.08873176574707,0.0
INFY,2025-04-29,17.43000030517578,17.649999618530273,17.360000610351562,17.56999969482422,7769600.0,17.325389862060547,0.0
INFY,2025-04-30,17.549999237060547,17.6200008392334,17.290000915527344,17.600000381469727,7085500.0,17.35497283935547,0.0
INFY,2025-05-01,17.719999313354492,17.760000228881836,17.59000015258789,17.600000381469727,7752700.0,17.35497283935547,0.0
INFY,2025-05-02,17.8700008392334,18.020000457763672,17.8700008392334,17.8799991607666,8940500.0,17.631074905395508,0.0
INFY,2025-05-05,17.84000015258789,17.979999542236328,17.84000015258789,17.850000381469727,5659500.0,17.60149383544922,0.0
INFY,2025-05-06,17.850000381469727,17.989999771118164,17.739999771118164,17.770000457763672,8333400.0,17.522607803344727,0.0
INFY,2025-05-07,17.690000534057617,17.760000228881836,17.6299991607666,17.709999084472656,5479000.0,17.463441848754883,0.0
INFY,2025-05-08,17.670000076293945,17.770000457763672,17.450000762939453,17.489999771118164,11433300.0,17.246503829956055,0.0
INFY,2025-05-09,17.719999313354492,17.760000228881836,17.40999984741211,17.489999771118164,8642400.0,17.246503829956055,0.0
INFY,2025-05-12,18.860000610351562,18.920000076293945,18.5,18.649999618530273,16249500.0,18.39035415649414,0.0
INFY,2025-05-13,18.280000686645508,18.450000762939453,18.270000457763672,18.3799991607666,8599700.0,18.124113082885742,0.0
INFY,2025-05-14,18.530000686645508,18.540000915527344,18.389999389648438,18.459999084472656,8648200.0,18.202999114990234,0.0
INFY,2025-05-15,18.65999984741211,18.790000915527344,18.610000610351562,18.719999313354492,8079100.0,18.459379196166992,0.0
INFY,2025-05-16,18.34000015258789,18.399999618530273,18.110000610351562,18.309999465942383,12914100.0,18.05508804321289,0.0
INFY,2025-05-19,18.100000381469727,18.389999389648438,18.09000015258789,18.329999923706055,9394400.0,18.074810028076172,0.0
INFY,2025-05-20,18.270000457763672,18.299999237060547,18.15999984741211,18.239999771118164,7065500.0,17.98606300354004,0.0
INFY,2025-05-21,18.15999984741211,18.350000381469727,18.079999923706055,18.15999984741211,7863200.0,17.907176971435547,0.0
INFY,2025-05-22,17.90999984741211,18.139999389648438,17.809999465942383,18.040000915527344,8345000.0,17.788848876953125,0.0
INFY,2025-05-23,17.950000762939453,18.209999084472656,17.950000762939453,18.110000610351562,10086500.0,17.857873916625977,0.0
INFY,2025-05-27,18.290000915527344,18.510000228881836,18.270000457763672,18.489999771118164,9014400.0,18.232582092285156,0.0
INFY,2025-05-28,18.3700008392334,18.450000762939453,18.31999969482422,18.360000610351562,6625900.0,18.104393005371094,0.0
INFY,2025-05-29,18.530000686645508,18.59000015258789,18.389999389648438,18.459999084472656,8526600.0,18.202999114990234,0.0
INFY,2025-05-30,18.270000457763672,18.270000457763672,18.079999923706055,18.190000534057617,12638500.0,18.190000534057617,0.257
INFY,2025-06-02,18.06999969482422,18.209999084472656,18.0,18.190000534057617,8475400.0,18.190000534057617,0.0
INFY,2025-06-03,18.020000457763672,18.1200008392334,17.93000030517578,18.040000915527344,11219600.0,18.040000915527344,0.0
INFY,2025-06-04,18.040000915527344,18.100000381469727,17.81999969482422,17.850000381469727,7541700.0,17.850000381469727,0.0
INFY,2025-06-05,18.0,18.0,17.850000381469727,17.93000030517578,9590900.0,17.93000030517578,0.0
INFY,2025-06-06,18.190000534057617,18.260000228881836,18.149999618530273,18.200000762939453,6425900.0,18.200000762939453,0.0
INFY,2025-06-09,18.229999542236328,18.360000610351562,18.219999313354492,18.290000915527344,5386700.0,18.290000915527344,0.0
INFY,2025-06-10,18.56999969482422,18.670000076293945,18.450000762939453,18.510000228881836,9545800.0,18.510000228881836,0.0
INFY,2025-06-11,18.8799991607666,18.93000030517578,18.600000381469727,18.610000610351562,15531200.0,18.610000610351562,0.0
INFY,2025-06-12,18.479999542236328,18.6299991607666,18.389999389648438,18.559999465942383,11362600.0,18.559999465942383,0.0
INFY,2025-06-13,18.479999542236328,18.559999465942383,18.3700008392334,18.420000076293945,10471900.0,18.420000076293945,0.0
INFY,2025-06-16,18.729999542236328,18.81999969482422,18.700000762939453,18.75,9604100.0,18.75,0.0
INFY,2025-06-17,18.75,18.860000610351562,18.670000076293945,18.670000076293945,10128900.0,18.670000076293945,0.0
INFY,2025-06-18,18.649999618530273,18.65999984741211,18.43000030517578,18.43000030517578,10915900.0,18.43000030517578,0.0
INFY,2025-06-20,18.329999923706055,18.3700008392334,17.68000030517578,17.68000030517578,37327100.0,17.68000030517578,0.0
INFY,2025-06-23,17.860000610351562,18.100000381469727,17.829999923706055,18.100000381469727,15272800.0,18.100000381469727,0.0
INFY,2025-06-24,18.149999618530273,18.309999465942383,18.149999618530273,18.299999237060547,8763700.0,18.299999237060547,0.0
INFY,2025-06-25,18.56999969482422,18.639999389648438,18.489999771118164,18.510000228881836,10846500.0,18.510000228881836,0.0
INFY,2025-06-26,18.6299991607666,18.670000076293945,18.520000457763672,18.600000381469727,14327700.0,18.600000381469727,0.0
INFY,2025-06-27,18.639999389648438,18.65999984741211,18.40999984741211,18.520000457763672,13502100.0,18.520000457763672,0.0
INFY,2025-06-30,18.549999237060547,18.559999465942383,18.459999084472656,18.530000686645508,12743100.0,18.530000686645508,0.0
INFY,2025-07-01,18.709999084472656,18.979999542236328,18.559999465942383,18.899999618530273,15010100.0,18.899999618530273,0.0
INFY,2025-07-02,18.75,18.889999389648438,18.670000076293945,18.8799991607666,9428300.0,18.8799991607666,0.0
INFY,2025-07-03,18.899999618530273,18.979999542236328,18.860000610351562,18.959999084472656,4267300.0,18.959999084472656,0.0
INFY,2025-07-07,18.860000610351562,18.959999084472656,18.760000228881836,18.81999969482422,8790400.0,18.81999969482422,0.0
INFY,2025-07-08,18.889999389648438,19.059999465942383,18.81999969482422,18.889999389648438,10832400.0,18.889999389648438,0.0
INFY,2025-07-09,18.989999771118164,19.0,18.719999313354492,18.81999969482422,13092800.0,18.81999969482422,0.0
INFY,2025-07-10,18.360000610351562,18.420000076293945,18.059999465942383,18.100000381469727,27407300.0,18.100000381469727,0.0
INFY,2025-07-11,18.299999237060547,18.350000381469727,18.18000030517578,18.190000534057617,16461200.0,18.190000534057617,0.0
INFY,2025-07-14,18.010000228881836,18.1200008392334,17.899999618530273,18.010000228881836,14495200.0,18.010000228881836,0.0
INFY,2025-07-15,18.25,18.31999969482422,18.200000762939453,18.219999313354492,14013600.0,18.219999313354492,0.0
INFY,2025-07-16,18.469999313354492,18.510000228881836,18.34000015258789,18.5,15715300.0,18.5,0.0
INFY,2025-07-17,18.360000610351562,18.520000457763672,18.280000686645508,18.469999313354492,13528000.0,18.469999313354492,0.0
INFY,2025-07-18,18.350000381469727,18.3799991607666,18.139999389648438,18.209999084472656,9706800.0,18.209999084472656,0.0
INFY,2025-07-21,18.190000534057617,18.34000015258789,18.170000076293945,18.190000534057617,11469300.0,18.190000534057617,0.0
INFY,2025-07-22,18.1200008392334,18.299999237060547,18.100000381469727,18.260000228881836,18870500.0,18.260000228881836,0.0
INFY,2025-07-23,18.459999084472656,18.829999923706055,18.399999618530273,18.450000762939453,24739700.0,18.450000762939453,0.0
INFY,2025-07-24,17.8799991607666,17.8799991607666,17.59000015258789,17.68000030517578,14675700.0,17.68000030517578,0.0
INFY,2025-07-25,17.459999084472656,17.459999084472656,17.25,17.3700008392334,19087800.0,17.3700008392334,0.0
INFY,2025-07-28,17.31999969482422,17.34000015258789,17.059999465942383,17.15999984741211,21715200.0,17.15999984741211,0.0
INFY,2025-07-29,17.280000686645508,17.290000915527344,17.110000610351562,17.209999084472656,11563700.0,17.209999084472656,0.0
INFY,2025-07-30,17.1200008392334,17.1299991607666,16.889999389648438,16.950000762939453,13278800.0,16.950000762939453,0.0
INFY,2025-07-31,17.010000228881836,17.020000457763672,16.709999084472656,16.719999313354492,15926400.0,16.719999313354492,0.0
INFY,2025-08-01,16.649999618530273,16.649999618530273,16.3700008392334,16.40999984741211,20078400.0,16.40999984741211,0.0
INFY,2025-08-04,16.549999237060547,16.68000030517578,16.440000534057617,16.479999542236328,18306000.0,16.479999542236328,0.0
INFY,2025-08-05,16.469999313354492,16.489999771118164,16.190000534057617,16.200000762939453,22539900.0,16.200000762939453,0.0
INFY,2025-08-06,16.139999389648438,16.190000534057617,15.970000267028809,16.06999969482422,16992500.0,16.06999969482422,0.0
INFY,2025-08-07,16.170000076293945,16.329999923706055,15.979999542236328,16.020000457763672,19616500.0,16.020000457763672,0.0
INFY,2025-08-08,16.09000015258789,16.1200008392334,15.960000038146973,15.989999771118164,13909900.0,15.989999771118164,0.0
INFY,2025-08-11,15.989999771118164,16.170000076293945,15.920000076293945,15.979999542236328,20161800.0,15.979999542236328,0.0
INFY,2025-08-12,15.979999542236328,16.1200008392334,15.90999984741211,16.06999969482422,18403100.0,16.06999969482422,0.0
INFY,2025-08-13,16.139999389648438,16.420000076293945,16.079999923706055,16.3799991607666,27608700.0,16.3799991607666,0.0
INFY,2025-08-14,16.329999923706055,16.40999984741211,16.110000610351562,16.360000610351562,18675100.0,16.360000610351562,0.0
INFY,2025-08-15,16.399999618530273,16.65999984741211,16.399999618530273,16.559999465942383,9000900.0,16.559999465942383,0.0
INFY,2025-08-18,16.360000610351562,16.43000030517578,16.260000228881836,16.40999984741211,11116100.0,16.40999984741211,0.0
INFY,2025-08-19,16.479999542236328,16.68000030517578,16.459999084472656,16.600000381469727,18923300.0,16.600000381469727,0.0
INFY,2025-08-20,17.06999969482422,17.190000534057617,16.969999313354492,17.010000228881836,22949600.0,17.010000228881836,0.0
INFY,2025-08-21,16.90999984741211,17.059999465942383,16.889999389648438,17.049999237060547,19974100.0,17.049999237060547,0.0
INFY,2025-08-22,17.0,17.3799991607666,16.979999542236328,17.34000015258789,33953400.0,17.34000015258789,0.0
INFY,2025-08-25,17.43000030517578,17.450000762939453,17.299999237060547,17.329999923706055,17187400.0,17.329999923706055,0.0
INFY,2025-08-26,17.170000076293945,17.329999923706055,17.1299991607666,17.219999313354492,14770200.0,17.219999313354492,0.0
INFY,2025-08-27,17.229999542236328,17.389999389648438,17.15999984741211,17.360000610351562,10264900.0,17.360000610351562,0.0
INFY,2025-08-28,16.989999771118164,17.040000915527344,16.889999389648438,17.0,28336300.0,17.0,0.0
INFY,2025-08-29,16.729999542236328,16.889999389648438,16.649999618530273,16.81999969482422,17333200.0,16.81999969482422,0.0
INFY,2025-09-02,16.770000457763672,16.899999618530273,16.700000762939453,16.889999389648438,13503100.0,16.889999389648438,0.0
INFY,2025-09-03,16.799999237060547,16.850000381469727,16.5,16.639999389648438,19263600.0,16.639999389648438,0.0
INFY,2025-09-04,16.56999969482422,16.600000381469727,16.280000686645508,16.59000015258789,15167700.0,16.59000015258789,0.0
INFY,2025-09-05,16.489999771118164,16.639999389648438,16.31999969482422,16.3799991607666,23404000.0,16.3799991607666,0.0
INFY,2025-09-08,16.610000610351562,16.809999465942383,16.5,16.790000915527344,25547900.0,16.790000915527344,0.0
INFY,2025-09-09,16.989999771118164,17.139999389648438,16.93000030517578,17.010000228881836,14879900.0,17.010000228881836,0.0
INFY,2025-09-10,17.200000762939453,17.25,16.90999984741211,16.979999542236328,17812800.0,16.979999542236328,0.0
INFY,2025-09-11,16.889999389648438,17.139999389648438,16.559999465942383,17.06999969482422,30237600.0,17.06999969482422,0.0
INFY,2025-09-12,17.040000915527344,17.06999969482422,16.899999618530273,16.959999084472656,12966900.0,16.959999084472656,0.0
INFY,2025-09-16 16:00:02-04:00,16.989999771118164,17.079999923706055,16.885000228881836,17.059999465942383,17749371.0,17.059999465942383,0.0
ADSK,2025-03-17,252.9600067138672,263.25,252.6300048828125,260.6199951171875,1785300.0,260.6199951171875,0.0
ADSK,2025-03-18,259.95001220703125,261.3599853515625,257.9800109863281,259.95001220703125,1509700.0,259.95001220703125,0.0
ADSK,2025-03-19,263.07000732421875,271.6300048828125,263.0,268.29998779296875,1930200.0,268.29998779296875,0.0
ADSK,2025-03-20,268.04998779296875,271.4700012207031,266.1400146484375,267.82000732421875,1465400.0,267.82000732421875,0.0
ADSK,2025-03-21,262.45001220703125,268.3800048828125,262.45001220703125,267.25,2014200.0,267.25,0.0
ADSK,2025-03-24,271.9599914550781,272.30999755859375,269.0199890136719,269.19000244140625,1660400.0,269.19000244140625,0.0
ADSK,2025-03-25,270.5899963378906,273.7900085449219,270.5899963378906,273.0799865722656,1068500.0,273.0799865722656,0.0
ADSK,2025-03-26,271.7099914550781,274.260009765625,270.2900085449219,271.2099914550781,1092800.0,271.2099914550781,0.0
ADSK,2025-03-27,268.5,273.5199890136719,268.20001220703125,269.80999755859375,1230500.0,269.80999755859375,0.0
ADSK,2025-03-28,267.2900085449219,268.57000732421875,260.92999267578125,261.6300048828125,1233400.0,261.6300048828125,0.0
ADSK,2025-03-31,259.0199890136719,262.1700134277344,255.17999267578125,261.79998779296875,1844800.0,261.79998779296875,0.0
ADSK,2025-04-01,261.17999267578125,264.8999938964844,258.2699890136719,264.6099853515625,1042900.0,264.6099853515625,0.0
ADSK,2025-04-02,260.1199951171875,269.6700134277344,259.3500061035156,267.92999267578125,1245700.0,267.92999267578125,0.0
ADSK,2025-04-03,256.9800109863281,260.42999267578125,254.02999877929688,257.1499938964844,1791100.0,257.1499938964844,0.0
ADSK,2025-04-04,250.11000061035156,252.66000366210938,244.38999938964844,245.50999450683594,3161400.0,245.50999450683594,0.0
ADSK,2025-04-07,237.6300048828125,253.9600067138672,232.6699981689453,243.6199951171875,3597300.0,243.6199951171875,0.0
ADSK,2025-04-08,249.7100067138672,251.49000549316406,235.1999969482422,238.83999633789062,1838100.0,238.83999633789062,0.0
ADSK,2025-04-09,238.0800018310547,265.1400146484375,237.25,263.5299987792969,2456700.0,263.5299987792969,0.0
ADSK,2025-04-10,257.1600036621094,259.20001220703125,248.5800018310547,256.9200134277344,2238400.0,256.9200134277344,0.0
ADSK,2025-04-11,256.9200134277344,260.7900085449219,251.4199981689453,258.45001220703125,1274600.0,258.45001220703125,0.0
ADSK,2025-04-14,263.0,263.6400146484375,258.20001220703125,260.7099914550781,1261600.0,260.7099914550781,0.0
ADSK,2025-04-15,262.3999938964844,266.54998779296875,262.0,265.3399963378906,1082300.0,265.3399963378906,0.0
ADSK,2025-04-16,261.7900085449219,266.1499938964844,257.9100036621094,260.1600036621094,1323100.0,260.1600036621094,0.0
ADSK,2025-04-17,262.29998779296875,262.3900146484375,258.1400146484375,259.4700012207031,1053400.0,259.4700012207031,0.0
ADSK,2025-04-21,255.9199981689453,256.5199890136719,250.4600067138672,254.27000427246094,1277200.0,254.27000427246094,0.0
ADSK,2025-04-22,257.80999755859375,263.1400146484375,256.0400085449219,261.1400146484375,1072900.0,261.1400146484375,0.0
ADSK,2025-04-23,265.489990234375,270.79998779296875,263.5799865722656,264.44000244140625,1021800.0,264.44000244140625,0.0
ADSK,2025-04-24,265.5400085449219,272.7699890136719,265.0199890136719,271.7099914550781,1303300.0,271.7099914550781,0.0
ADSK,2025-04-25,271.29998779296875,272.2699890136719,268.7699890136719,269.92999267578125,1308100.0,269.92999267578125,0.0
ADSK,2025-04-28,269.7900085449219,273.55999755859375,269.4200134277344,271.4700012207031,1171900.0,271.4700012207031,0.0
ADSK,2025-04-29,270.79998779296875,273.17999267578125,270.3999938964844,272.8900146484375,820400.0,272.8900146484375,0.0
ADSK,2025-04-30,270.3999938964844,274.8699951171875,267.6099853515625,274.25,1226000.0,274.25,0.0
ADSK,2025-05-01,276.1400146484375,278.57000732421875,273.1400146484375,273.489990234375,1303900.0,273.489990234375,0.0
ADSK,2025-05-02,278.29998779296875,281.19000244140625,276.32000732421875,279.989990234375,959600.0,279.989990234375,0.0
ADSK,2025-05-05,278.19000244140625,283.2699890136719,278.19000244140625,280.07000732421875,894600.0,280.07000732421875,0.0
ADSK,2025-05-06,277.8800048828125,281.29998779296875,276.2099914550781,278.6400146484375,678300.0,278.6400146484375,0.0
ADSK,2025-05-07,279.3800048828125,284.7699890136719,279.3699951171875,283.3599853515625,1271200.0,283.3599853515625,0.0
ADSK,2025-05-08,284.8900146484375,291.3500061035156,284.05999755859375,289.6199951171875,1149000.0,289.6199951171875,0.0
ADSK,2025-05-09,289.79998779296875,291.989990234375,285.7699890136719,287.4800109863281,906900.0,287.4800109863281,0.0
ADSK,2025-05-12,295.95001220703125,297.8599853515625,292.5199890136719,293.20001220703125,1500000.0,293.20001220703125,0.0
ADSK,2025-05-13,294.17999267578125,298.8299865722656,292.95001220703125,297.010009765625,1220300.0,297.010009765625,0.0
ADSK,2025-05-14,295.8500061035156,297.989990234375,294.6499938964844,295.5400085449219,1353200.0,295.5400085449219,0.0
ADSK,2025-05-15,294.9700012207031,297.17999267578125,294.3999938964844,295.7799987792969,1780800.0,295.7799987792969,0.0
ADSK,2025-05-16,296.1000061035156,298.2099914550781,294.82000732421875,298.0799865722656,1901600.0,298.0799865722656,0.0
ADSK,2025-05-19,294.5899963378906,297.25,293.0,295.8999938964844,1635400.0,295.8999938964844,0.0
ADSK,2025-05-20,294.5899963378906,295.8999938964844,292.2699890136719,295.8399963378906,1388300.0,295.8399963378906,0.0
ADSK,2025-05-21,292.7699890136719,297.7900085449219,291.79998779296875,292.92999267578125,1831200.0,292.92999267578125,0.0
ADSK,2025-05-22,292.3900146484375,296.44000244140625,292.3699951171875,295.0,2366800.0,295.0,0.0
ADSK,2025-05-23,295.0,304.79998779296875,291.5299987792969,295.3500061035156,3197300.0,295.3500061035156,0.0
ADSK,2025-05-27,297.5199890136719,301.17999267578125,294.7900085449219,300.3599853515625,2132600.0,300.3599853515625,0.0
ADSK,2025-05-28,301.0,303.1000061035156,298.8599853515625,299.2300109863281,1477600.0,299.2300109863281,0.0
ADSK,2025-05-29,300.4800109863281,301.17999267578125,294.79998779296875,297.0,1250600.0,297.0,0.0
ADSK,2025-05-30,297.489990234375,298.0,293.7099914550781,296.1199951171875,4533900.0,296.1199951171875,0.0
ADSK,2025-06-02,294.4100036621094,295.8800048828125,291.239990234375,295.260009765625,1023700.0,295.260009765625,0.0
ADSK,2025-06-03,295.1199951171875,299.7200012207031,294.4800109863281,299.5199890136719,1525700.0,299.5199890136719,0.0
ADSK,2025-06-04,299.1000061035156,301.42999267578125,298.0400085449219,298.3599853515625,1031200.0,298.3599853515625,0.0
ADSK,2025-06-05,298.3599853515625,300.6700134277344,297.2200012207031,298.2200012207031,1091100.0,298.2200012207031,0.0
ADSK,2025-06-06,300.1700134277344,300.17999267578125,297.3999938964844,297.8599853515625,941700.0,297.8599853515625,0.0
ADSK,2025-06-09,297.0,298.7900085449219,290.6300048828125,297.2099914550781,1316600.0,297.2099914550781,0.0
ADSK,2025-06-10,298.4100036621094,298.5199890136719,295.9700012207031,297.5400085449219,896700.0,297.5400085449219,0.0
ADSK,2025-06-11,298.0,299.1199951171875,295.9800109863281,296.7699890136719,1198600.0,296.7699890136719,0.0
ADSK,2025-06-12,296.9200134277344,299.6700134277344,296.1099853515625,298.57000732421875,1054300.0,298.57000732421875,0.0
ADSK,2025-06-13,294.0899963378906,296.69000244140625,291.1400146484375,292.1600036621094,1129700.0,292.1600036621094,0.0
ADSK,2025-06-16,293.3500061035156,299.3900146484375,292.8999938964844,299.29998779296875,1384900.0,299.29998779296875,0.0
ADSK,2025-06-17,298.3999938964844,300.5199890136719,295.80999755859375,296.8500061035156,1070000.0,296.8500061035156,0.0
ADSK,2025-06-18,296.8500061035156,297.57000732421875,293.760009765625,295.19000244140625,1110700.0,295.19000244140625,0.0
ADSK,2025-06-20,297.75,299.70001220703125,295.0799865722656,297.2099914550781,2874600.0,297.2099914550781,0.0
ADSK,2025-06-23,297.82000732421875,301.17999267578125,293.489990234375,300.95001220703125,1828900.0,300.95001220703125,0.0
ADSK,2025-06-24,304.0199890136719,306.05999755859375,301.9200134277344,304.19000244140625,1470100.0,304.19000244140625,0.0
ADSK,2025-06-25,304.3800048828125,305.0,302.0199890136719,302.3699951171875,1226400.0,302.3699951171875,0.0
ADSK,2025-06-26,303.489990234375,305.760009765625,300.7099914550781,304.92999267578125,1159900.0,304.92999267578125,0.0
ADSK,2025-06-27,307.4700012207031,309.8399963378906,304.8599853515625,305.1300048828125,1703000.0,305.1300048828125,0.0
ADSK,2025-06-30,307.4599914550781,310.2300109863281,305.760009765625,309.57000732421875,1570500.0,309.57000732421875,0.0
ADSK,2025-07-01,308.4100036621094,312.510009765625,306.1499938964844,311.6700134277344,2001300.0,311.6700134277344,0.0
ADSK,2025-07-02,309.8800048828125,310.82000732421875,306.32000732421875,310.3399963378906,1139500.0,310.3399963378906,0.0
ADSK,2025-07-03,312.17999267578125,318.25,310.3399963378906,316.6600036621094,836400.0,316.6600036621094,0.0
ADSK,2025-07-07,317.7300109863281,319.489990234375,313.80999755859375,315.30999755859375,1409800.0,315.30999755859375,0.0
ADSK,2025-07-08,317.2099914550781,319.1300048828125,314.7099914550781,314.9100036621094,1457600.0,314.9100036621094,0.0
ADSK,2025-07-09,316.07000732421875,316.6000061035156,300.0,307.2699890136719,2562700.0,307.2699890136719,0.0
ADSK,2025-07-10,300.0,300.4800109863281,281.6499938964844,286.1099853515625,4698700.0,286.1099853515625,0.0
ADSK,2025-07-11,285.6099853515625,286.1600036621094,279.8999938964844,280.3900146484375,2441800.0,280.3900146484375,0.0
ADSK,2025-07-14,298.3699951171875,298.3699951171875,286.69000244140625,294.54998779296875,3744800.0,294.54998779296875,0.0
ADSK,2025-07-15,293.260009765625,294.7300109863281,288.6499938964844,288.9599914550781,1830900.0,288.9599914550781,0.0
ADSK,2025-07-16,289.7900085449219,290.92999267578125,286.5199890136719,289.4700012207031,1350000.0,289.4700012207031,0.0
ADSK,2025-07-17,289.6700134277344,292.3800048828125,288.8599853515625,292.1600036621094,1639200.0,292.1600036621094,0.0
ADSK,2025-07-18,293.7099914550781,297.70001220703125,292.29998779296875,297.0299987792969,2421100.0,297.0299987792969,0.0
ADSK,2025-07-21,296.0899963378906,298.7699890136719,294.80999755859375,295.1600036621094,1592100.0,295.1600036621094,0.0
ADSK,2025-07-22,296.45001220703125,300.6000061035156,295.5799865722656,299.42999267578125,1198200.0,299.42999267578125,0.0
ADSK,2025-07-23,300.8999938964844,302.3999938964844,298.489990234375,300.9800109863281,1683100.0,300.9800109863281,0.0
ADSK,2025-07-24,301.010009765625,302.2900085449219,299.0400085449219,301.1000061035156,1286900.0,301.1000061035156,0.0
ADSK,2025-07-25,301.7099914550781,304.3599853515625,300.07000732421875,303.2799987792969,1025300.0,303.2799987792969,0.0
ADSK,2025-07-28,304.5799865722656,306.1099853515625,303.2200012207031,304.4700012207031,720100.0,304.4700012207031,0.0
ADSK,2025-07-29,305.17999267578125,307.7799987792969,304.42999267578125,306.6099853515625,1120900.0,306.6099853515625,0.0
ADSK,2025-07-30,306.0799865722656,309.80999755859375,305.489990234375,308.1400146484375,960700.0,308.1400146484375,0.0
ADSK,2025-07-31,307.9200134277344,309.20001220703125,302.239990234375,303.1099853515625,1492200.0,303.1099853515625,0.0
ADSK,2025-08-01,301.260009765625,301.510009765625,294.9800109863281,297.0199890136719,1346200.0,297.0199890136719,0.0
ADSK,2025-08-04,299.25,302.9100036621094,298.989990234375,302.5,933600.0,302.5,0.0
ADSK,2025-08-05,303.8999938964844,304.25,298.8599853515625,299.20001220703125,816100.0,299.20001220703125,0.0
ADSK,2025-08-06,300.8299865722656,305.3299865722656,300.1499938964844,305.17999267578125,1163600.0,305.17999267578125,0.0
ADSK,2025-08-07,305.75,306.17999267578125,288.92999267578125,292.989990234375,1383000.0,292.989990234375,0.0
ADSK,2025-08-08,293.0199890136719,294.5400085449219,289.2200012207031,290.67999267578125,1540500.0,290.67999267578125,0.0
ADSK,2025-08-11,290.6700134277344,292.2300109863281,282.9599914550781,284.6199951171875,2227600.0,284.6199951171875,0.0
ADSK,2025-08-12,285.1099853515625,286.4599914550781,280.3900146484375,283.0299987792969,2345600.0,283.0299987792969,0.0
ADSK,2025-08-13,284.7200012207031,287.0899963378906,280.8500061035156,287.010009765625,1974900.0,287.010009765625,0.0
ADSK,2025-08-14,286.07000732421875,287.0799865722656,282.6700134277344,283.75,1412000.0,283.75,0.0
ADSK,2025-08-15,285.05999755859375,288.5299987792969,284.25,286.7300109863281,1149600.0,286.7300109863281,0.0
ADSK,2025-08-18,287.19000244140625,290.29998779296875,286.6700134277344,289.6499938964844,936200.0,289.6499938964844,0.0
ADSK,2025-08-19,290.3800048828125,294.19000244140625,289.1700134277344,289.239990234375,1170400.0,289.239990234375,0.0
ADSK,2025-08-20,289.8900146484375,290.04998779296875,286.7300109863281,288.6300048828125,1058200.0,288.6300048828125,0.0
ADSK,2025-08-21,286.5299987792969,287.42999267578125,285.1700134277344,286.05999755859375,1184500.0,286.05999755859375,0.0
ADSK,2025-08-22,286.5,291.29998779296875,285.2799987792969,290.2300109863281,1116900.0,290.2300109863281,0.0
ADSK,2025-08-25,290.3900146484375,291.2300109863281,284.30999755859375,285.3399963378906,1180100.0,285.3399963378906,0.0
ADSK,2025-08-26,285.3399963378906,286.6700134277344,281.75,282.45001220703125,1922200.0,282.45001220703125,0.0
ADSK,2025-08-27,283.4599914550781,286.57000732421875,283.20001220703125,285.95001220703125,1389200.0,285.95001220703125,0.0
ADSK,2025-08-28,288.6600036621094,294.489990234375,287.7900085449219,288.489990234375,4151600.0,288.489990234375,0.0
ADSK,2025-08-29,318.0,326.45001220703125,307.260009765625,314.70001220703125,4904200.0,314.70001220703125,0.0
ADSK,2025-09-02,313.0199890136719,319.4700012207031,312.6499938964844,319.1600036621094,2665000.0,319.1600036621094,0.0
ADSK,2025-09-03,320.29998779296875,324.3699951171875,314.3800048828125,317.510009765625,1943100.0,317.510009765625,0.0
ADSK,2025-09-04,318.5799865722656,320.0,312.6000061035156,319.92999267578125,1422000.0,319.92999267578125,0.0
ADSK,2025-09-05,322.6400146484375,326.8500061035156,320.4800109863281,326.3699951171875,1632200.0,326.3699951171875,0.0
ADSK,2025-09-08,326.8800048828125,329.0899963378906,324.4200134277344,326.7900085449219,1794000.0,326.7900085449219,0.0
ADSK,2025-09-09,326.69000244140625,326.8699951171875,323.1700134277344,325.19000244140625,1271400.0,325.19000244140625,0.0
ADSK,2025-09-10,325.3699951171875,325.5,321.9700012207031,323.79998779296875,1323700.0,323.79998779296875,0.0
ADSK,2025-09-11,325.239990234375,326.5,323.1400146484375,324.5199890136719,1484100.0,324.5199890136719,0.0
ADSK,2025-09-12,324.5400085449219,324.6300048828125,318.760009765625,319.04998779296875,1077500.0,319.04998779296875,0.0
ADSK,2025-09-16 16:00:01-04:00,320.8800048828125,321.0199890136719,316.260009765625,318.510009765625,1171790.0,318.510009765625,0.0
GLW,2025-03-17,46.72999954223633,47.290000915527344,46.18000030517578,46.86000061035156,7214000.0,46.4080924987793,0.0
GLW,2025-03-18,47.15999984741211,48.290000915527344,46.4900016784668,47.27000045776367,11169000.0,46.81413650512695,0.0
GLW,2025-03-19,47.959999084472656,49.41999816894531,47.56999969482422,48.7599983215332,8842900.0,48.28976058959961,0.0
GLW,2025-03-20,48.099998474121094,49.31999969482422,47.91999816894531,48.66999816894531,7407800.0,48.20063018798828,0.0
GLW,2025-03-21,48.2599983215332,48.630001068115234,47.54999923706055,48.529998779296875,10771400.0,48.061981201171875,0.0
GLW,2025-03-24,49.5099983215332,50.060001373291016,49.29999923706055,49.88999938964844,5165600.0,49.40886688232422,0.0
GLW,2025-03-25,49.84000015258789,49.88999938964844,48.689998626708984,48.9900016784668,4027600.0,48.51755142211914,0.0
GLW,2025-03-26,49.13999938964844,49.25,46.939998626708984,47.099998474121094,5601200.0,46.64577102661133,0.0
GLW,2025-03-27,46.810001373291016,47.09000015258789,46.29999923706055,46.560001373291016,5469800.0,46.11098098754883,0.0
GLW,2025-03-28,46.34000015258789,46.880001068115234,45.560001373291016,45.86000061035156,3752500.0,45.4177360534668,0.0
GLW,2025-03-31,45.16999816894531,45.790000915527344,44.130001068115234,45.779998779296875,9881600.0,45.338504791259766,0.0
GLW,2025-04-01,45.5,45.93000030517578,44.7599983215332,45.540000915527344,6700200.0,45.1008186340332,0.0
GLW,2025-04-02,44.61000061035156,46.93000030517578,44.5,46.540000915527344,4740400.0,46.0911750793457,0.0
GLW,2025-04-03,44.45000076293945,44.68000030517578,42.0099983215332,42.290000915527344,9628700.0,41.88216018676758,0.0
GLW,2025-04-04,40.97999954223633,41.099998474121094,38.22999954223633,39.06999969482422,11895500.0,38.693214416503906,0.0
GLW,2025-04-07,37.84000015258789,41.58000183105469,37.310001373291016,39.61000061035156,9833700.0,39.22800827026367,0.0
GLW,2025-04-08,40.75,41.86000061035156,38.560001373291016,39.18000030517578,8313500.0,38.802154541015625,0.0
GLW,2025-04-09,39.189998626708984,43.939998626708984,38.81999969482422,43.2599983215332,8716500.0,42.842803955078125,0.0
GLW,2025-04-10,42.08000183105469,42.58000183105469,40.59000015258789,41.689998626708984,6723000.0,41.28794479370117,0.0
GLW,2025-04-11,41.29999923706055,41.88999938964844,40.58000183105469,41.2599983215332,11480500.0,40.86209487915039,0.0
GLW,2025-04-14,42.61000061035156,42.61000061035156,41.369998931884766,41.61000061035156,7389000.0,41.208717346191406,0.0
GLW,2025-04-15,41.59000015258789,42.36000061035156,41.59000015258789,41.779998779296875,5049200.0,41.377079010009766,0.0
GLW,2025-04-16,41.08000183105469,41.900001525878906,40.630001068115234,41.279998779296875,4506700.0,40.881900787353516,0.0
GLW,2025-04-17,41.63999938964844,42.040000915527344,41.29999923706055,41.52000045776367,4979000.0,41.11958694458008,0.0
GLW,2025-04-21,40.720001220703125,41.0099983215332,40.15999984741211,40.70000076293945,5231300.0,40.3074951171875,0.0
GLW,2025-04-22,41.290000915527344,42.09000015258789,41.22999954223633,41.75,4803900.0,41.34737014770508,0.0
GLW,2025-04-23,43.38999938964844,44.43000030517578,42.7400016784668,42.970001220703125,6431000.0,42.55560302734375,0.0
GLW,2025-04-24,42.79999923706055,44.04999923706055,42.77000045776367,43.880001068115234,6845300.0,43.45682907104492,0.0
GLW,2025-04-25,43.83000183105469,44.290000915527344,43.709999084472656,44.18000030517578,3768600.0,43.753936767578125,0.0
GLW,2025-04-28,44.02000045776367,44.61000061035156,43.439998626708984,44.099998474121094,6322300.0,43.674705505371094,0.0
GLW,2025-04-29,43.20000076293945,45.31999969482422,42.0,44.459999084472656,10592900.0,44.03123092651367,0.0
GLW,2025-04-30,43.7400016784668,44.4900016784668,43.47999954223633,44.380001068115234,7989500.0,43.95200729370117,0.0
GLW,2025-05-01,44.66999816894531,45.290000915527344,44.599998474121094,44.779998779296875,4844500.0,44.348148345947266,0.0
GLW,2025-05-02,45.349998474121094,45.939998626708984,45.060001373291016,45.7599983215332,4430000.0,45.318695068359375,0.0
GLW,2025-05-05,45.380001068115234,45.7599983215332,45.279998779296875,45.40999984741211,3136600.0,44.97207260131836,0.0
GLW,2025-05-06,44.68000030517578,45.13999938964844,44.560001373291016,44.7599983215332,2474800.0,44.328338623046875,0.0
GLW,2025-05-07,44.91999816894531,45.040000915527344,44.33000183105469,44.849998474121094,2926800.0,44.41747283935547,0.0
GLW,2025-05-08,45.380001068115234,45.77000045776367,45.0099983215332,45.04999923706055,3357900.0,44.615543365478516,0.0
GLW,2025-05-09,45.40999984741211,45.56999969482422,44.83000183105469,45.08000183105469,2571400.0,44.64525604248047,0.0
GLW,2025-05-12,46.970001220703125,47.31999969482422,46.34000015258789,46.970001220703125,4921000.0,46.517032623291016,0.0
GLW,2025-05-13,47.099998474121094,48.150001525878906,46.849998474121094,47.619998931884766,5427600.0,47.1607551574707,0.0
GLW,2025-05-14,47.72999954223633,47.86000061035156,46.77000045776367,47.0099983215332,4898600.0,46.556640625,0.0
GLW,2025-05-15,46.970001220703125,47.650001525878906,46.84000015258789,47.599998474121094,4752100.0,47.140953063964844,0.0
GLW,2025-05-16,47.70000076293945,48.2599983215332,47.41999816894531,48.220001220703125,4643800.0,47.754974365234375,0.0
GLW,2025-05-19,47.400001525878906,48.16999816894531,47.400001525878906,48.130001068115234,5600800.0,47.66584014892578,0.0
GLW,2025-05-20,47.86000061035156,48.06999969482422,47.56999969482422,47.97999954223633,5586200.0,47.51728820800781,0.0
GLW,2025-05-21,47.70000076293945,49.22999954223633,47.68000030517578,48.18000030517578,9062900.0,47.71535873413086,0.0
GLW,2025-05-22,48.16999816894531,48.90999984741211,47.939998626708984,48.54999923706055,7648600.0,48.081790924072266,0.0
GLW,2025-05-23,47.849998474121094,48.4900016784668,47.66999816894531,48.36000061035156,4890000.0,47.89362335205078,0.0
GLW,2025-05-27,49.0,49.95000076293945,48.619998931884766,49.91999816894531,5721000.0,49.438575744628906,0.0
GLW,2025-05-28,50.0,50.04999923706055,49.220001220703125,49.45000076293945,4834200.0,48.973114013671875,0.0
GLW,2025-05-29,50.09000015258789,50.189998626708984,49.459999084472656,49.959999084472656,5306700.0,49.47819519042969,0.0
GLW,2025-05-30,49.349998474121094,49.779998779296875,48.880001068115234,49.59000015258789,12836700.0,49.3885612487793,0.28
GLW,2025-06-02,49.18000030517578,50.060001373291016,49.099998474121094,50.040000915527344,5081800.0,49.83673095703125,0.0
GLW,2025-06-03,50.13999938964844,51.099998474121094,50.08000183105469,50.779998779296875,5172600.0,50.57372283935547,0.0
GLW,2025-06-04,51.099998474121094,51.470001220703125,50.720001220703125,50.7599983215332,4505300.0,50.55380630493164,0.0
GLW,2025-06-05,50.83000183105469,51.16999816894531,50.5099983215332,50.86000061035156,3484700.0,50.65340042114258,0.0
GLW,2025-06-06,51.310001373291016,51.540000915527344,50.70000076293945,50.709999084472656,3639000.0,50.50400924682617,0.0
GLW,2025-06-09,50.84000015258789,51.2400016784668,50.31999969482422,50.88999938964844,4037500.0,50.68327713012695,0.0
GLW,2025-06-10,50.9900016784668,51.18000030517578,50.209999084472656,50.61000061035156,2811000.0,50.404415130615234,0.0
GLW,2025-06-11,50.77000045776367,50.77000045776367,50.2599983215332,50.45000076293945,2962500.0,50.24506759643555,0.0
GLW,2025-06-12,50.08000183105469,50.84000015258789,49.939998626708984,50.81999969482422,4355100.0,50.613563537597656,0.0
GLW,2025-06-13,50.09000015258789,50.54999923706055,49.470001220703125,49.599998474121094,3578500.0,49.39851760864258,0.0
GLW,2025-06-16,50.13999938964844,50.81999969482422,49.810001373291016,50.779998779296875,4299300.0,50.57372283935547,0.0
GLW,2025-06-17,50.560001373291016,51.099998474121094,50.349998474121094,50.47999954223633,2983700.0,50.27494430541992,0.0
GLW,2025-06-18,50.599998474121094,50.849998474121094,50.2400016784668,50.4900016784668,3129900.0,50.28490447998047,0.0
GLW,2025-06-20,50.79999923706055,50.79999923706055,49.970001220703125,50.41999816894531,4933600.0,50.215187072753906,0.0
GLW,2025-06-23,50.41999816894531,51.849998474121094,50.2599983215332,51.79999923706055,4234400.0,51.58958053588867,0.0
GLW,2025-06-24,52.15999984741211,52.31999969482422,51.29999923706055,51.41999816894531,4998100.0,51.211124420166016,0.0
GLW,2025-06-25,51.58000183105469,51.65999984741211,51.09000015258789,51.38999938964844,4268100.0,51.18124771118164,0.0
GLW,2025-06-26,51.599998474121094,51.849998474121094,51.380001068115234,51.70000076293945,2828600.0,51.489990234375,0.0
GLW,2025-06-27,51.709999084472656,52.279998779296875,51.52000045776367,51.81999969482422,5295500.0,51.609500885009766,0.0
GLW,2025-06-30,51.9900016784668,52.86000061035156,51.9900016784668,52.59000015258789,5414100.0,52.376373291015625,0.0
GLW,2025-07-01,52.439998626708984,52.720001220703125,51.9900016784668,52.59000015258789,5817500.0,52.376373291015625,0.0
GLW,2025-07-02,52.54999923706055,52.75,52.130001068115234,52.720001220703125,3142000.0,52.5058479309082,0.0
GLW,2025-07-03,53.0,53.279998779296875,52.83000183105469,53.040000915527344,2066100.0,52.824546813964844,0.0
GLW,2025-07-07,52.939998626708984,53.209999084472656,52.310001373291016,52.380001068115234,3233600.0,52.16722869873047,0.0
GLW,2025-07-08,53.029998779296875,53.130001068115234,52.4900016784668,52.72999954223633,4314300.0,52.515804290771484,0.0
GLW,2025-07-09,53.15999984741211,53.15999984741211,52.33000183105469,52.56999969482422,3088100.0,52.35645294189453,0.0
GLW,2025-07-10,52.66999816894531,52.70000076293945,51.9900016784668,52.2599983215332,4345100.0,52.04771041870117,0.0
GLW,2025-07-11,52.0,52.11000061035156,51.470001220703125,51.599998474121094,4098100.0,51.3903923034668,0.0
GLW,2025-07-14,51.540000915527344,54.0,51.31999969482422,53.119998931884766,4898900.0,52.90422058105469,0.0
GLW,2025-07-15,53.61000061035156,53.630001068115234,52.4900016784668,52.52000045776367,3780600.0,52.30665969848633,0.0
GLW,2025-07-16,52.70000076293945,53.02000045776367,52.189998626708984,52.970001220703125,3345100.0,52.75482940673828,0.0
GLW,2025-07-17,53.189998626708984,54.31999969482422,53.18000030517578,54.20000076293945,3898600.0,53.979835510253906,0.0
GLW,2025-07-18,54.290000915527344,54.439998626708984,53.779998779296875,54.0099983215332,2502200.0,53.79060363769531,0.0
GLW,2025-07-21,54.0,54.41999816894531,53.68000030517578,53.900001525878906,2993800.0,53.681053161621094,0.0
GLW,2025-07-22,53.77000045776367,54.130001068115234,53.290000915527344,54.02000045776367,3865500.0,53.80056381225586,0.0
GLW,2025-07-23,54.400001525878906,56.25,54.369998931884766,55.79999923706055,8080900.0,55.573333740234375,0.0
GLW,2025-07-24,55.650001525878906,56.06999969482422,55.5,55.720001220703125,5254500.0,55.49365997314453,0.0
GLW,2025-07-25,56.0,56.0,54.88999938964844,55.36000061035156,4718100.0,55.1351203918457,0.0
GLW,2025-07-28,55.54999923706055,55.56999969482422,54.91999816894531,55.40999984741211,5979200.0,55.18491744995117,0.0
GLW,2025-07-29,58.869998931884766,62.97999954223633,57.93000030517578,61.97999954223633,17713500.0,61.72822952270508,0.0
GLW,2025-07-30,61.79999923706055,63.20000076293945,61.70000076293945,62.61000061035156,7928000.0,62.35567092895508,0.0
GLW,2025-07-31,63.08000183105469,63.90999984741211,62.36000061035156,63.2400016784668,7360100.0,62.98311233520508,0.0
GLW,2025-08-01,62.0,62.43000030517578,61.439998626708984,62.04999923706055,5845600.0,61.797943115234375,0.0
GLW,2025-08-04,62.97999954223633,63.540000915527344,62.650001525878906,63.4900016784668,5088400.0,63.23209762573242,0.0
GLW,2025-08-05,63.7599983215332,64.41000366210938,63.06999969482422,63.16999816894531,5389600.0,62.913394927978516,0.0
GLW,2025-08-06,63.900001525878906,64.19000244140625,63.150001525878906,63.97999954223633,5825200.0,63.7201042175293,0.0
GLW,2025-08-07,66.48999786376953,66.5,64.22000122070312,64.76000213623047,9632800.0,64.49694061279297,0.0
GLW,2025-08-08,64.9800033569336,66.01000213623047,64.76000213623047,65.7699966430664,4374700.0,65.5028305053711,0.0
GLW,2025-08-11,65.87000274658203,65.87000274658203,64.81999969482422,64.9800033569336,5694900.0,64.71604919433594,0.0
GLW,2025-08-12,65.30000305175781,66.08999633789062,65.25,65.75,5192500.0,65.48291778564453,0.0
GLW,2025-08-13,66.0199966430664,66.26000213623047,64.94999694824219,65.73999786376953,4295300.0,65.47295379638672,0.0
GLW,2025-08-14,65.31999969482422,66.05999755859375,64.87999725341797,65.76000213623047,3608900.0,65.49287414550781,0.0
GLW,2025-08-15,65.91999816894531,65.91999816894531,64.81999969482422,65.44000244140625,3054900.0,65.17417907714844,0.0
GLW,2025-08-18,65.2300033569336,65.94999694824219,65.1500015258789,65.5199966430664,3084800.0,65.25384521484375,0.0
GLW,2025-08-19,65.16000366210938,65.37000274658203,64.23999786376953,64.5199966430664,5814700.0,64.2579116821289,0.0
GLW,2025-08-20,64.11000061035156,64.66999816894531,63.369998931884766,64.5999984741211,5299600.0,64.33758544921875,0.0
GLW,2025-08-21,64.51000213623047,65.11000061035156,64.33000183105469,64.88999938964844,3574000.0,64.62641143798828,0.0
GLW,2025-08-22,65.22000122070312,66.1500015258789,65.08999633789062,65.7699966430664,3436500.0,65.5028305053711,0.0
GLW,2025-08-25,65.75,67.31999969482422,65.75,66.77999877929688,5824100.0,66.50872802734375,0.0
GLW,2025-08-26,66.73999786376953,67.68000030517578,66.72000122070312,67.4000015258789,5421000.0,67.12621307373047,0.0
GLW,2025-08-27,67.37000274658203,67.7699966430664,67.08999633789062,67.25,4234100.0,66.97682189941406,0.0
GLW,2025-08-28,67.38999938964844,69.29000091552734,67.31999969482422,68.93000030517578,7266900.0,68.6500015258789,0.0
GLW,2025-08-29,68.36000061035156,68.66999816894531,66.73999786376953,67.02999877929688,6191100.0,67.02999877929688,0.28
GLW,2025-09-02,67.0,68.58000183105469,66.13999938964844,68.47000122070312,9109100.0,68.47000122070312,0.0
GLW,2025-09-03,68.69999694824219,69.79000091552734,66.4000015258789,69.33999633789062,13308900.0,69.33999633789062,0.0
GLW,2025-09-04,69.58999633789062,70.63999938964844,69.38999938964844,69.72000122070312,7104900.0,69.72000122070312,0.0
GLW,2025-09-05,70.27999877929688,71.4000015258789,70.05999755859375,71.19000244140625,9078100.0,71.19000244140625,0.0
GLW,2025-09-08,71.48999786376953,72.54000091552734,71.44000244140625,72.1500015258789,13643500.0,72.1500015258789,0.0
GLW,2025-09-09,72.0,72.94000244140625,71.75,72.38999938964844,10646800.0,72.38999938964844,0.0
GLW,2025-09-10,73.16999816894531,75.05000305175781,72.72000122070312,74.93000030517578,16600800.0,74.93000030517578,0.0
GLW,2025-09-11,75.18000030517578,77.08000183105469,74.5999984741211,75.47000122070312,13968300.0,75.47000122070312,0.0
GLW,2025-09-12,76.91000366210938,77.87000274658203,75.7699966430664,77.04000091552734,14826100.0,77.04000091552734,0.0
GLW,2025-09-15,77.75,78.33000183105469,76.77999877929688,77.9800033569336,8826200.0,77.9800033569336,0.0
GLW,2025-09-16 16:00:02-04:00,78.27999877929688,78.80500030517578,77.31710052490234,78.69999694824219,12929815.0,78.69999694824219,0.0
TEL,2025-03-17,145.1300048828125,147.69000244140625,144.36000061035156,146.74000549316406,1160200.0,145.58251953125,0.0
TEL,2025-03-18,146.9199981689453,148.1699981689453,145.33999633789062,146.86000061035156,1092100.0,145.70156860351562,0.0
TEL,2025-03-19,147.63999938964844,149.0399932861328,146.5399932861328,147.75999450683594,2100900.0,146.59445190429688,0.0
TEL,2025-03-20,146.69000244140625,147.75999450683594,145.85000610351562,146.27999877929688,1923700.0,145.1261444091797,0.0
TEL,2025-03-21,144.4600067138672,146.33999633789062,143.67999267578125,146.1699981689453,4288300.0,145.0170135498047,0.0
TEL,2025-03-24,147.5500030517578,149.47999572753906,146.8300018310547,148.97999572753906,1802100.0,147.80484008789062,0.0
TEL,2025-03-25,149.14999389648438,150.8300018310547,148.02999877929688,150.8000030517578,2867700.0,149.61048889160156,0.0
TEL,2025-03-26,150.9600067138672,151.82000732421875,147.3800048828125,149.74000549316406,2166500.0,148.55885314941406,0.0
TEL,2025-03-27,149.27999877929688,149.39999389648438,145.75,147.11000061035156,1903100.0,145.94960021972656,0.0
TEL,2025-03-28,146.0,146.35000610351562,141.42999267578125,142.1300048828125,1544600.0,141.00888061523438,0.0
TEL,2025-03-31,140.72999572753906,142.83999633789062,139.7100067138672,141.32000732421875,2424600.0,140.2052764892578,0.0
TEL,2025-04-01,141.60000610351562,142.10000610351562,139.63999938964844,140.6999969482422,1341900.0,139.59014892578125,0.0
TEL,2025-04-02,139.35000610351562,143.22000122070312,139.35000610351562,142.2899932861328,1555000.0,141.1676025390625,0.0
TEL,2025-04-03,136.9499969482422,138.1699981689453,129.9499969482422,129.97999572753906,2922300.0,128.9547119140625,0.0
TEL,2025-04-04,127.08000183105469,127.08000183105469,120.98999786376953,122.0,4119600.0,121.03766632080078,0.0
TEL,2025-04-07,117.76000213623047,127.91999816894531,116.30000305175781,123.5,3531700.0,122.52583312988281,0.0
TEL,2025-04-08,127.52999877929688,129.33999633789062,120.36000061035156,122.31999969482422,3127600.0,121.35514068603516,0.0
TEL,2025-04-09,120.5999984741211,135.3699951171875,120.05999755859375,133.86000061035156,3126200.0,132.80410766601562,0.0
TEL,2025-04-10,132.14999389648438,132.14999389648438,123.27999877929688,127.3499984741211,2103800.0,126.345458984375,0.0
TEL,2025-04-11,127.12999725341797,129.00999450683594,124.25,127.94999694824219,2465400.0,126.94072723388672,0.0
TEL,2025-04-14,131.08999633789062,131.42999267578125,127.83999633789062,129.9499969482422,2226400.0,128.92495727539062,0.0
TEL,2025-04-15,129.27000427246094,131.38999938964844,128.77999877929688,129.5399932861328,1811100.0,128.51817321777344,0.0
TEL,2025-04-16,127.41000366210938,129.24000549316406,125.41999816894531,126.9000015258789,1863100.0,125.89900970458984,0.0
TEL,2025-04-17,127.5999984741211,130.5,127.02999877929688,129.24000549316406,2517700.0,128.22056579589844,0.0
TEL,2025-04-21,127.91000366210938,129.05999755859375,126.52999877929688,128.75,2159500.0,127.73442077636719,0.0
TEL,2025-04-22,129.58999633789062,134.10000610351562,129.58999633789062,133.4499969482422,3447000.0,132.3973388671875,0.0
TEL,2025-04-23,140.97999572753906,143.97000122070312,135.5399932861328,136.05999755859375,3325100.0,134.98675537109375,0.0
TEL,2025-04-24,138.5800018310547,143.69000244140625,137.86000061035156,143.52000427246094,2544600.0,142.38792419433594,0.0
TEL,2025-04-25,143.10000610351562,144.61000061035156,142.47000122070312,144.3699951171875,1464500.0,143.231201171875,0.0
TEL,2025-04-28,144.57000732421875,145.7899932861328,143.25,144.89999389648438,1485900.0,143.75701904296875,0.0
TEL,2025-04-29,144.2100067138672,145.92999267578125,143.64999389648438,145.25,1368400.0,144.10426330566406,0.0
TEL,2025-04-30,143.10000610351562,146.83999633789062,142.4499969482422,146.3800048828125,2055200.0,145.22535705566406,0.0
TEL,2025-05-01,147.38999938964844,148.30999755859375,146.14999389648438,146.36000061035156,1504000.0,145.20550537109375,0.0
TEL,2025-05-02,148.36000061035156,150.4499969482422,147.82000732421875,149.92999267578125,1370300.0,148.74734497070312,0.0
TEL,2025-05-05,148.5,151.14999389648438,148.5,149.85000610351562,1525800.0,148.66798400878906,0.0
TEL,2025-05-06,147.92999267578125,149.6999969482422,147.75,148.52999877929688,1348200.0,147.35838317871094,0.0
TEL,2025-05-07,148.88999938964844,150.22999572753906,147.8000030517578,149.69000244140625,1482100.0,148.50924682617188,0.0
TEL,2025-05-08,151.1199951171875,154.05999755859375,149.77999877929688,152.1199951171875,1772900.0,150.92007446289062,0.0
TEL,2025-05-09,153.16000366210938,154.27000427246094,152.27000427246094,152.8800048828125,2077200.0,151.67408752441406,0.0
TEL,2025-05-12,155.75999450683594,161.14999389648438,154.86000061035156,160.97999572753906,2245200.0,159.71018981933594,0.0
TEL,2025-05-13,161.38999938964844,163.38999938964844,160.38999938964844,162.38999938964844,1715200.0,161.1090545654297,0.0
TEL,2025-05-14,161.89999389648438,162.42999267578125,160.61000061035156,160.74000549316406,1712800.0,159.4720916748047,0.0
TEL,2025-05-15,160.19000244140625,163.61000061035156,159.91000366210938,163.1199951171875,2049500.0,161.83331298828125,0.0
TEL,2025-05-16,163.35000610351562,164.11000061035156,162.02000427246094,163.99000549316406,1411900.0,162.69644165039062,0.0
TEL,2025-05-19,161.6199951171875,163.97999572753906,160.7100067138672,162.8699951171875,1185800.0,161.58526611328125,0.0
TEL,2025-05-20,162.72000122070312,163.5500030517578,161.75999450683594,162.88999938964844,1504800.0,161.60511779785156,0.0
TEL,2025-05-21,161.25,162.72000122070312,159.39999389648438,159.50999450683594,1939400.0,158.944580078125,0.71
TEL,2025-05-22,159.36000061035156,160.1999969482422,158.60000610351562,158.91000366210938,1244100.0,158.34671020507812,0.0
TEL,2025-05-23,155.3699951171875,158.39999389648438,155.3699951171875,157.55999755859375,1299000.0,157.00149536132812,0.0
TEL,2025-05-27,160.11000061035156,161.77999877929688,158.67999267578125,161.3699951171875,1369600.0,160.79798889160156,0.0
TEL,2025-05-28,162.0800018310547,162.38999938964844,160.1699981689453,160.2899932861328,1094000.0,159.72181701660156,0.0
TEL,2025-05-29,161.27999877929688,162.38999938964844,160.14999389648438,161.5500030517578,1988200.0,160.97735595703125,0.0
TEL,2025-05-30,160.60000610351562,161.1300048828125,158.8300018310547,160.07000732421875,2444700.0,159.5026092529297,0.0
TEL,2025-06-02,159.35000610351562,160.32000732421875,158.08999633789062,159.8699951171875,1437100.0,159.3032989501953,0.0
TEL,2025-06-03,159.5500030517578,162.8800048828125,159.41000366210938,161.92999267578125,1471900.0,161.3560028076172,0.0
TEL,2025-06-04,163.0,163.17999267578125,161.3000030517578,162.07000732421875,1187900.0,161.49551391601562,0.0
TEL,2025-06-05,162.52000427246094,163.66000366210938,161.5,162.32000732421875,1605900.0,161.74462890625,0.0
TEL,2025-06-06,164.1999969482422,165.14999389648438,163.61000061035156,164.64999389648438,1149100.0,164.0663604736328,0.0
TEL,2025-06-09,165.49000549316406,166.60000610351562,164.66000366210938,166.0,1647100.0,165.4115753173828,0.0
TEL,2025-06-10,166.6999969482422,167.0,164.8699951171875,166.38999938964844,3741700.0,165.80020141601562,0.0
TEL,2025-06-11,166.99000549316406,167.94000244140625,165.41000366210938,165.75,1431600.0,165.16246032714844,0.0
TEL,2025-06-12,165.85000610351562,166.25,164.2100067138672,166.0,1380200.0,165.4115753173828,0.0
TEL,2025-06-13,163.25,165.41000366210938,162.3300018310547,162.6199951171875,1106500.0,162.04356384277344,0.0
TEL,2025-06-16,164.7100067138672,165.9499969482422,163.9600067138672,165.49000549316406,894600.0,164.9033966064453,0.0
TEL,2025-06-17,164.80999755859375,165.5,162.89999389648438,163.66000366210938,1579400.0,163.0798797607422,0.0
TEL,2025-06-18,164.3800048828125,166.02000427246094,163.36000061035156,163.77999877929688,1450000.0,163.19944763183594,0.0
TEL,2025-06-20,164.63999938964844,165.22000122070312,162.33999633789062,163.1999969482422,2765100.0,162.6215057373047,0.0
TEL,2025-06-23,162.5,165.9199981689453,162.1699981689453,165.82000732421875,1600300.0,165.2322235107422,0.0
TEL,2025-06-24,166.9499969482422,167.49000549316406,166.11000061035156,166.47999572753906,1368800.0,165.88987731933594,0.0
TEL,2025-06-25,167.35000610351562,168.49000549316406,166.11000061035156,167.8699951171875,1465000.0,167.2749481201172,0.0
TEL,2025-06-26,168.75,170.22999572753906,167.8000030517578,169.0500030517578,2384700.0,168.45077514648438,0.0
TEL,2025-06-27,169.5399932861328,170.0,166.5800018310547,166.8699951171875,2756500.0,166.2784881591797,0.0
TEL,2025-06-30,168.5,169.3300018310547,166.72999572753906,168.6699981689453,2182800.0,168.07211303710938,0.0
TEL,2025-07-01,168.1999969482422,171.42999267578125,167.3699951171875,170.27000427246094,1418800.0,169.66644287109375,0.0
TEL,2025-07-02,170.08999633789062,173.5800018310547,169.5,173.41000366210938,1563000.0,172.79531860351562,0.0
TEL,2025-07-03,174.0,175.02999877929688,173.42999267578125,174.2899932861328,585000.0,173.6721954345703,0.0
TEL,2025-07-07,173.30999755859375,174.44000244140625,170.5800018310547,171.13999938964844,1341300.0,170.53335571289062,0.0
TEL,2025-07-08,172.33999633789062,173.33999633789062,170.92999267578125,172.42999267578125,1498300.0,171.81878662109375,0.0
TEL,2025-07-09,172.69000244140625,173.32000732421875,171.27000427246094,172.64999389648438,1586200.0,172.0380096435547,0.0
TEL,2025-07-10,173.6300048828125,175.30999755859375,172.63999938964844,175.02999877929688,1723100.0,174.40957641601562,0.0
TEL,2025-07-11,176.82000732421875,178.10000610351562,174.99000549316406,177.11000061035156,1542500.0,176.48220825195312,0.0
TEL,2025-07-14,177.55999755859375,177.55999755859375,175.22999572753906,176.17999267578125,1227900.0,175.5554962158203,0.0
TEL,2025-07-15,177.55999755859375,178.27999877929688,175.3699951171875,175.44000244140625,1656300.0,174.818115234375,0.0
TEL,2025-07-16,175.47999572753906,176.57000732421875,173.5399932861328,176.3800048828125,1703100.0,175.75479125976562,0.0
TEL,2025-07-17,175.89999389648438,179.07000732421875,175.27999877929688,177.67999267578125,1699800.0,177.0501708984375,0.0
TEL,2025-07-18,178.42999267578125,179.75,178.08999633789062,178.97000122070312,4341900.0,178.33560180664062,0.0
TEL,2025-07-21,178.52999877929688,180.75,177.8800048828125,179.50999450683594,2000200.0,178.87368774414062,0.0
TEL,2025-07-22,178.94000244140625,181.2899932861328,177.2100067138672,180.47000122070312,2970900.0,179.83029174804688,0.0
TEL,2025-07-23,187.11000061035156,202.27000427246094,187.0,202.0399932861328,4808600.0,201.32382202148438,0.0
TEL,2025-07-24,200.92999267578125,206.35000610351562,199.55999755859375,205.60000610351562,3270100.0,204.8712158203125,0.0
TEL,2025-07-25,206.88999938964844,208.1699981689453,203.4600067138672,208.05999755859375,2069200.0,207.32249450683594,0.0
TEL,2025-07-28,206.72999572753906,210.0500030517578,205.75999450683594,209.33999633789062,2291900.0,208.5979461669922,0.0
TEL,2025-07-29,211.80999755859375,212.75999450683594,208.13999938964844,209.1699981689453,1558000.0,208.42855834960938,0.0
TEL,2025-07-30,208.42999267578125,209.39999389648438,205.80999755859375,206.67999267578125,2662700.0,205.94737243652344,0.0
TEL,2025-07-31,206.14999389648438,208.36000061035156,204.7100067138672,205.75,1854000.0,205.0206756591797,0.0
TEL,2025-08-01,201.86000061035156,202.8300018310547,199.24000549316406,201.92999267578125,2931400.0,201.21421813964844,0.0
TEL,2025-08-04,204.75,204.82000732421875,202.8699951171875,204.0,1819300.0,203.27688598632812,0.0
TEL,2025-08-05,204.80999755859375,204.80999755859375,200.5800018310547,201.52999877929688,2062200.0,200.81564331054688,0.0
TEL,2025-08-06,202.74000549316406,203.10000610351562,199.35000610351562,200.0500030517578,1798400.0,199.34088134765625,0.0
TEL,2025-08-07,201.83999633789062,201.83999633789062,199.22000122070312,199.9199981689453,1274900.0,199.2113494873047,0.0
TEL,2025-08-08,201.3800048828125,203.24000549316406,200.3000030517578,201.97999572753906,1435400.0,201.2640380859375,0.0
TEL,2025-08-11,202.0500030517578,202.8300018310547,199.35000610351562,199.86000061035156,1311300.0,199.1515655517578,0.0
TEL,2025-08-12,201.11000061035156,204.32000732421875,200.1999969482422,204.13999938964844,1334400.0,203.4163818359375,0.0
TEL,2025-08-13,205.35000610351562,207.22000122070312,204.41000366210938,206.2899932861328,1391700.0,205.5587615966797,0.0
TEL,2025-08-14,203.9600067138672,207.27999877929688,202.49000549316406,206.97000122070312,1499700.0,206.23635864257812,0.0
TEL,2025-08-15,207.25999450683594,208.6999969482422,201.88999938964844,202.7100067138672,1870200.0,201.99147033691406,0.0
TEL,2025-08-18,202.72000122070312,204.4499969482422,202.50999450683594,203.6999969482422,1404200.0,202.9779510498047,0.0
TEL,2025-08-19,203.49000549316406,204.4499969482422,202.9499969482422,203.38999938964844,1118600.0,202.66905212402344,0.0
TEL,2025-08-20,201.97999572753906,202.6699981689453,198.0,201.5500030517578,2273000.0,200.8355712890625,0.0
TEL,2025-08-21,200.92999267578125,202.38999938964844,199.88999938964844,200.3000030517578,1677700.0,199.58999633789062,0.0
TEL,2025-08-22,200.99000549316406,205.5500030517578,200.5500030517578,205.0,1818900.0,205.0,0.71
TEL,2025-08-25,205.19000244140625,206.50999450683594,204.7899932861328,205.1300048828125,1315700.0,205.1300048828125,0.0
TEL,2025-08-26,204.88999938964844,207.35000610351562,204.33999633789062,206.91000366210938,2094500.0,206.91000366210938,0.0
TEL,2025-08-27,206.33999633789062,207.99000549316406,205.63999938964844,207.57000732421875,1573400.0,207.57000732421875,0.0
TEL,2025-08-28,208.61000061035156,209.5,207.10000610351562,208.0399932861328,1678000.0,208.0399932861328,0.0
TEL,2025-08-29,206.8300018310547,208.07000732421875,205.3000030517578,206.5,1331400.0,206.5,0.0
TEL,2025-09-02,202.75,204.63999938964844,201.02000427246094,204.55999755859375,1946900.0,204.55999755859375,0.0
TEL,2025-09-03,205.47999572753906,207.0,204.00999450683594,205.97999572753906,1511400.0,205.97999572753906,0.0
TEL,2025-09-04,206.13999938964844,208.6699981689453,204.6300048828125,208.5399932861328,1512600.0,208.5399932861328,0.0
TEL,2025-09-05,209.3800048828125,209.9199981689453,206.7100067138672,208.74000549316406,1047900.0,208.74000549316406,0.0
TEL,2025-09-08,209.2100067138672,209.80999755859375,207.16000366210938,207.8699951171875,1110600.0,207.8699951171875,0.0
TEL,2025-09-09,207.4600067138672,209.02999877929688,206.27000427246094,208.64999389648438,1232300.0,208.64999389648438,0.0
TEL,2025-09-10,209.25999450683594,212.10000610351562,209.25999450683594,210.35000610351562,1359300.0,210.35000610351562,0.0
TEL,2025-09-11,211.0500030517578,215.22000122070312,209.5,212.39999389648438,1699800.0,212.39999389648438,0.0
TEL,2025-09-12,211.3800048828125,212.35000610351562,209.5,209.82000732421875,1576700.0,209.82000732421875,0.0
TEL,2025-09-15,210.05999755859375,212.94000244140625,209.82000732421875,211.14999389648438,1184000.0,211.14999389648438,0.0
TEL,2025-09-16 16:00:02-04:00,211.9600067138672,213.2899932861328,210.0,212.55999755859375,1487236.0,212.55999755859375,0.0
FTNT,2025-03-17,95.73999786376953,97.48999786376953,95.58000183105469,96.66999816894531,4146300.0,96.66999816894531,0.0
FTNT,2025-03-18,96.08000183105469,97.29000091552734,94.80999755859375,96.91000366210938,3481400.0,96.91000366210938,0.0
FTNT,2025-03-19,97.33000183105469,99.18000030517578,97.05999755859375,98.16999816894531,4320800.0,98.16999816894531,0.0
FTNT,2025-03-20,97.13999938964844,99.58999633789062,97.11000061035156,98.44999694824219,4249100.0,98.44999694824219,0.0
FTNT,2025-03-21,97.31999969482422,98.7300033569336,95.94000244140625,98.6500015258789,5778500.0,98.6500015258789,0.0
FTNT,2025-03-24,100.0,100.29000091552734,98.80999755859375,99.79000091552734,4047000.0,99.79000091552734,0.0
FTNT,2025-03-25,99.72000122070312,102.22000122070312,99.55000305175781,102.08999633789062,3423600.0,102.08999633789062,0.0
FTNT,2025-03-26,101.62000274658203,102.33999633789062,100.41999816894531,101.01000213623047,2997300.0,101.01000213623047,0.0
FTNT,2025-03-27,100.26000213623047,100.97000122070312,98.98999786376953,99.54000091552734,3358300.0,99.54000091552734,0.0
FTNT,2025-03-28,99.06999969482422,99.4800033569336,95.37000274658203,96.5999984741211,4501200.0,96.5999984741211,0.0
FTNT,2025-03-31,94.45999908447266,96.97000122070312,93.26000213623047,96.26000213623047,6285500.0,96.26000213623047,0.0
FTNT,2025-04-01,95.22000122070312,96.83000183105469,94.54000091552734,96.66999816894531,4109000.0,96.66999816894531,0.0
FTNT,2025-04-02,95.08000183105469,98.4000015258789,95.0,98.08000183105469,3438300.0,98.08000183105469,0.0
FTNT,2025-04-03,92.76000213623047,93.4800033569336,89.33000183105469,89.44000244140625,8699100.0,89.44000244140625,0.0
FTNT,2025-04-04,86.51000213623047,87.79000091552734,84.27999877929688,84.70999908447266,11174900.0,84.70999908447266,0.0
FTNT,2025-04-07,82.31999969482422,91.37999725341797,81.69999694824219,88.0,11000400.0,88.0,0.0
FTNT,2025-04-08,91.66000366210938,91.91999816894531,86.81999969482422,88.1500015258789,9188600.0,88.1500015258789,0.0
FTNT,2025-04-09,88.80999755859375,100.5,87.83000183105469,99.93000030517578,9263400.0,99.93000030517578,0.0
FTNT,2025-04-10,97.26000213623047,98.19000244140625,93.58000183105469,96.31999969482422,6807700.0,96.31999969482422,0.0
FTNT,2025-04-11,96.01000213623047,98.18000030517578,94.97000122070312,97.7300033569336,5502900.0,97.7300033569336,0.0
FTNT,2025-04-14,99.88999938964844,100.5,95.36000061035156,96.8499984741211,4615600.0,96.8499984741211,0.0
FTNT,2025-04-15,97.38999938964844,99.23999786376953,97.19999694824219,99.19999694824219,3584000.0,99.19999694824219,0.0
FTNT,2025-04-16,97.19999694824219,98.5999984741211,94.80000305175781,96.06999969482422,5678100.0,96.06999969482422,0.0
FTNT,2025-04-17,96.83000183105469,97.3499984741211,95.80000305175781,96.12999725341797,2979100.0,96.12999725341797,0.0
FTNT,2025-04-21,94.87000274658203,95.70999908447266,91.33000183105469,92.72000122070312,3071500.0,92.72000122070312,0.0
FTNT,2025-04-22,93.51000213623047,95.05999755859375,91.23999786376953,94.37000274658203,4621000.0,94.37000274658203,0.0
FTNT,2025-04-23,97.44999694824219,99.54000091552734,96.29000091552734,97.0,4330100.0,97.0,0.0
FTNT,2025-04-24,96.98999786376953,101.19000244140625,96.75,100.72000122070312,4087900.0,100.72000122070312,0.0
FTNT,2025-04-25,100.2699966430664,101.91999816894531,99.98999786376953,101.80000305175781,3350000.0,101.80000305175781,0.0
FTNT,2025-04-28,102.38999938964844,103.08000183105469,100.94000244140625,102.63999938964844,3079100.0,102.63999938964844,0.0
FTNT,2025-04-29,102.0199966430664,104.54000091552734,101.97000122070312,104.20999908447266,3128900.0,104.20999908447266,0.0
FTNT,2025-04-30,101.86000061035156,103.9800033569336,100.33999633789062,103.76000213623047,5456900.0,103.76000213623047,0.0
FTNT,2025-05-01,104.87999725341797,106.41000366210938,104.13999938964844,104.20999908447266,4088300.0,104.20999908447266,0.0
FTNT,2025-05-02,105.70999908447266,106.6500015258789,104.62999725341797,106.18000030517578,3795600.0,106.18000030517578,0.0
FTNT,2025-05-05,104.56999969482422,109.33000183105469,104.45999908447266,108.69000244140625,5447100.0,108.69000244140625,0.0
FTNT,2025-05-06,105.98999786376953,108.51000213623047,105.43000030517578,107.13999938964844,4775200.0,107.13999938964844,0.0
FTNT,2025-05-07,106.04000091552734,107.44000244140625,105.47000122070312,106.72000122070312,6859300.0,106.72000122070312,0.0
FTNT,2025-05-08,97.5999984741211,99.2699966430664,93.25,97.73999786376953,15635100.0,97.73999786376953,0.0
FTNT,2025-05-09,98.33000183105469,98.37999725341797,95.41999816894531,97.41999816894531,5721200.0,97.41999816894531,0.0
FTNT,2025-05-12,99.8499984741211,102.12999725341797,99.19000244140625,102.04000091552734,6251500.0,102.04000091552734,0.0
FTNT,2025-05-13,101.48999786376953,105.5,101.27999877929688,105.05000305175781,5890000.0,105.05000305175781,0.0
FTNT,2025-05-14,105.0999984741211,105.97000122070312,102.68000030517578,103.2300033569336,4513500.0,103.2300033569336,0.0
FTNT,2025-05-15,102.5,103.4000015258789,101.33999633789062,102.55999755859375,4680100.0,102.55999755859375,0.0
FTNT,2025-05-16,103.2300033569336,105.11000061035156,102.69000244140625,104.58999633789062,4510500.0,104.58999633789062,0.0
FTNT,2025-05-19,103.55999755859375,104.94999694824219,103.5,104.75,3562300.0,104.75,0.0
FTNT,2025-05-20,104.88999938964844,104.88999938964844,103.19999694824219,104.79000091552734,3958300.0,104.79000091552734,0.0
FTNT,2025-05-21,103.69999694824219,104.77999877929688,102.75,102.83999633789062,4423700.0,102.83999633789062,0.0
FTNT,2025-05-22,103.33000183105469,104.69000244140625,103.08000183105469,103.62000274658203,3655100.0,103.62000274658203,0.0
FTNT,2025-05-23,102.16000366210938,103.52999877929688,101.58000183105469,103.16000366210938,3768800.0,103.16000366210938,0.0
FTNT,2025-05-27,104.19999694824219,106.05999755859375,104.16999816894531,104.73999786376953,4249100.0,104.73999786376953,0.0
FTNT,2025-05-28,104.73999786376953,105.58000183105469,104.22000122070312,104.51000213623047,3740100.0,104.51000213623047,0.0
FTNT,2025-05-29,105.22000122070312,105.5,100.9000015258789,102.04000091552734,4731600.0,102.04000091552734,0.0
FTNT,2025-05-30,102.19999694824219,102.4800033569336,100.54000091552734,101.77999877929688,17093000.0,101.77999877929688,0.0
FTNT,2025-06-02,101.0999984741211,102.5199966430664,99.8499984741211,102.47000122070312,5242600.0,102.47000122070312,0.0
FTNT,2025-06-03,102.26000213623047,103.16999816894531,102.05999755859375,102.87999725341797,3789900.0,102.87999725341797,0.0
FTNT,2025-06-04,102.5,102.83999633789062,101.31999969482422,101.62000274658203,3392800.0,101.62000274658203,0.0
FTNT,2025-06-05,102.06999969482422,103.9800033569336,101.75,103.5,3368100.0,103.5,0.0
FTNT,2025-06-06,104.31999969482422,105.19999694824219,103.7300033569336,104.94000244140625,3296600.0,104.94000244140625,0.0
FTNT,2025-06-09,104.7300033569336,105.0,101.94000244140625,102.08000183105469,3904800.0,102.08000183105469,0.0
FTNT,2025-06-10,102.33000183105469,102.9000015258789,101.06999969482422,101.62999725341797,3789300.0,101.62999725341797,0.0
FTNT,2025-06-11,101.41999816894531,104.01000213623047,100.13999938964844,102.0199966430664,4220300.0,102.0199966430664,0.0
FTNT,2025-06-12,101.83999633789062,102.79000091552734,101.47000122070312,101.66000366210938,2946600.0,101.66000366210938,0.0
FTNT,2025-06-13,100.77999877929688,103.33999633789062,100.30999755859375,100.83000183105469,3425200.0,100.83000183105469,0.0
FTNT,2025-06-16,101.0999984741211,103.2300033569336,101.0999984741211,101.94999694824219,3519800.0,101.94999694824219,0.0
FTNT,2025-06-17,101.52999877929688,104.5,101.30000305175781,102.87999725341797,4096000.0,102.87999725341797,0.0
FTNT,2025-06-18,103.26000213623047,103.4000015258789,99.83999633789062,100.81999969482422,4337300.0,100.81999969482422,0.0
FTNT,2025-06-20,101.31999969482422,101.98999786376953,98.86000061035156,99.8499984741211,6944000.0,99.8499984741211,0.0
FTNT,2025-06-23,99.77999877929688,103.45999908447266,98.5999984741211,103.1500015258789,4523500.0,103.1500015258789,0.0
FTNT,2025-06-24,104.31999969482422,104.98999786376953,103.38999938964844,104.41999816894531,3540500.0,104.41999816894531,0.0
FTNT,2025-06-25,104.87000274658203,105.79000091552734,103.5199966430664,103.69000244140625,2791900.0,103.69000244140625,0.0
FTNT,2025-06-26,103.7300033569336,104.73999786376953,103.0999984741211,103.86000061035156,2816300.0,103.86000061035156,0.0
FTNT,2025-06-27,103.91999816894531,104.47000122070312,102.94000244140625,103.11000061035156,5706100.0,103.11000061035156,0.0
FTNT,2025-06-30,103.9000015258789,105.95999908447266,103.41000366210938,105.72000122070312,4095400.0,105.72000122070312,0.0
FTNT,2025-07-01,105.36000061035156,105.8499984741211,100.91000366210938,102.43000030517578,6138000.0,102.43000030517578,0.0
FTNT,2025-07-02,101.80999755859375,102.6500015258789,100.91000366210938,102.20999908447266,3749300.0,102.20999908447266,0.0
FTNT,2025-07-03,102.68000030517578,106.12000274658203,102.62000274658203,105.66000366210938,2864100.0,105.66000366210938,0.0
FTNT,2025-07-07,105.5999984741211,107.55999755859375,105.0199966430664,106.6500015258789,4762200.0,106.6500015258789,0.0
FTNT,2025-07-08,106.97000122070312,107.83000183105469,103.36000061035156,107.54000091552734,5288500.0,107.54000091552734,0.0
FTNT,2025-07-09,108.6500015258789,108.7699966430664,105.62000274658203,107.6500015258789,4442500.0,107.6500015258789,0.0
FTNT,2025-07-10,107.70999908447266,108.08999633789062,99.91000366210938,100.19999694824219,5972600.0,100.19999694824219,0.0
FTNT,2025-07-11,100.0,100.62000274658203,98.69999694824219,99.05999755859375,4132000.0,99.05999755859375,0.0
FTNT,2025-07-14,99.36000061035156,103.55999755859375,99.25,102.97000122070312,6019600.0,102.97000122070312,0.0
FTNT,2025-07-15,103.41000366210938,105.44000244140625,103.37999725341797,104.93000030517578,4172800.0,104.93000030517578,0.0
FTNT,2025-07-16,104.93000030517578,105.19000244140625,101.55000305175781,103.44000244140625,3509300.0,103.44000244140625,0.0
FTNT,2025-07-17,103.5,105.45999908447266,103.3499984741211,104.91999816894531,3480900.0,104.91999816894531,0.0
FTNT,2025-07-18,105.70999908447266,106.56999969482422,104.72000122070312,105.41999816894531,3640800.0,105.41999816894531,0.0
FTNT,2025-07-21,105.16000366210938,107.5199966430664,104.36000061035156,106.94000244140625,3533600.0,106.94000244140625,0.0
FTNT,2025-07-22,106.93000030517578,107.4000015258789,104.63999938964844,104.80999755859375,2951400.0,104.80999755859375,0.0
FTNT,2025-07-23,104.91000366210938,105.1500015258789,103.13999938964844,105.05999755859375,2582700.0,105.05999755859375,0.0
FTNT,2025-07-24,105.30999755859375,106.19000244140625,104.02999877929688,104.7699966430664,2440000.0,104.7699966430664,0.0
FTNT,2025-07-25,105.2300033569336,105.8499984741211,104.72000122070312,104.81999969482422,2087900.0,104.81999969482422,0.0
FTNT,2025-07-28,104.9800033569336,106.20999908447266,104.12000274658203,104.87999725341797,2129000.0,104.87999725341797,0.0
FTNT,2025-07-29,105.62999725341797,106.94999694824219,103.20999908447266,104.7699966430664,3246900.0,104.7699966430664,0.0
FTNT,2025-07-30,104.87999725341797,104.87999725341797,99.77999877929688,101.70999908447266,5326200.0,101.70999908447266,0.0
FTNT,2025-07-31,102.2699966430664,102.5999984741211,99.66999816894531,99.9000015258789,4311900.0,99.9000015258789,0.0
FTNT,2025-08-01,99.37999725341797,99.37999725341797,96.83000183105469,97.36000061035156,4709400.0,97.36000061035156,0.0
FTNT,2025-08-04,97.81999969482422,99.3499984741211,96.54000091552734,98.55000305175781,5383000.0,98.55000305175781,0.0
FTNT,2025-08-05,98.44999694824219,99.4000015258789,96.12000274658203,96.20999908447266,4034200.0,96.20999908447266,0.0
FTNT,2025-08-06,96.98999786376953,97.58999633789062,96.30000305175781,96.58000183105469,8765700.0,96.58000183105469,0.0
FTNT,2025-08-07,74.30000305175781,75.3499984741211,70.12000274658203,75.30000305175781,47433000.0,75.30000305175781,0.0
FTNT,2025-08-08,76.11000061035156,76.70999908447266,72.83000183105469,74.38999938964844,17024500.0,74.38999938964844,0.0
FTNT,2025-08-11,74.0199966430664,76.9000015258789,73.80999755859375,74.56999969482422,13429600.0,74.56999969482422,0.0
FTNT,2025-08-12,75.0,78.98999786376953,74.9800033569336,78.47000122070312,15463900.0,78.47000122070312,0.0
FTNT,2025-08-13,79.87999725341797,80.0999984741211,78.05000305175781,79.33000183105469,14129000.0,79.33000183105469,0.0
FTNT,2025-08-14,78.05000305175781,78.5999984741211,76.81999969482422,77.25,11823100.0,77.25,0.0
FTNT,2025-08-15,77.68000030517578,79.81999969482422,77.04000091552734,79.11000061035156,10868800.0,79.11000061035156,0.0
FTNT,2025-08-18,79.56999969482422,81.19999694824219,78.94000244140625,80.76000213623047,12268400.0,80.76000213623047,0.0
FTNT,2025-08-19,81.27999877929688,81.27999877929688,77.0999984741211,78.08999633789062,15012600.0,78.08999633789062,0.0
FTNT,2025-08-20,78.08999633789062,80.30000305175781,77.30000305175781,79.61000061035156,12247300.0,79.61000061035156,0.0
FTNT,2025-08-21,78.91000366210938,79.11000061035156,76.86000061035156,77.75,9966800.0,77.75,0.0
FTNT,2025-08-22,78.30999755859375,80.62000274658203,78.20999908447266,80.0199966430664,6175800.0,80.0199966430664,0.0
FTNT,2025-08-25,79.9000015258789,79.98999786376953,77.61000061035156,77.63999938964844,7269000.0,77.63999938964844,0.0
FTNT,2025-08-26,77.94999694824219,78.33000183105469,77.20999908447266,77.6500015258789,6114300.0,77.6500015258789,0.0
FTNT,2025-08-27,78.04000091552734,78.33999633789062,77.51000213623047,78.12999725341797,5711000.0,78.12999725341797,0.0
FTNT,2025-08-28,78.18000030517578,79.41000366210938,77.94000244140625,79.29000091552734,4929700.0,79.29000091552734,0.0
FTNT,2025-08-29,79.16999816894531,79.5199966430664,78.31999969482422,78.7699966430664,4458200.0,78.7699966430664,0.0
FTNT,2025-09-02,75.23999786376953,77.26000213623047,75.0,76.93000030517578,7353500.0,76.93000030517578,0.0
FTNT,2025-09-03,76.7300033569336,77.12999725341797,76.0999984741211,76.58000183105469,4857800.0,76.58000183105469,0.0
FTNT,2025-09-04,76.26000213623047,76.62999725341797,75.11000061035156,76.44000244140625,6127700.0,76.44000244140625,0.0
FTNT,2025-09-05,76.91000366210938,79.48999786376953,76.87999725341797,78.83000183105469,10495900.0,78.83000183105469,0.0
FTNT,2025-09-08,79.18000030517578,80.4000015258789,79.18000030517578,80.36000061035156,6728800.0,80.36000061035156,0.0
FTNT,2025-09-09,80.4000015258789,80.4000015258789,79.25,79.83999633789062,4507700.0,79.83999633789062,0.0
FTNT,2025-09-10,79.93000030517578,80.5999984741211,78.9000015258789,79.4800033569336,5899400.0,79.4800033569336,0.0
FTNT,2025-09-11,80.04000091552734,81.22000122070312,79.68000030517578,80.88999938964844,6932300.0,80.88999938964844,0.0
FTNT,2025-09-12,80.93000030517578,81.2699966430664,79.6500015258789,79.68000030517578,4428900.0,79.68000030517578,0.0
FTNT,2025-09-15,80.25,81.05999755859375,79.61000061035156,81.0,6219400.0,81.0,0.0
FTNT,2025-09-16 16:00:01-04:00,80.94000244140625,81.0,79.48999786376953,79.77999877929688,5583406.0,79.77999877929688,0.0
MRVL,2025-03-17,68.75,70.56999969482422,68.51000213623047,70.4000015258789,13419400.0,70.2625961303711,0.0
MRVL,2025-03-18,69.62000274658203,69.94000244140625,67.76000213623047,68.27999877929688,11613600.0,68.146728515625,0.0
MRVL,2025-03-19,68.52999877929688,71.37000274658203,67.98999786376953,69.80999755859375,12228800.0,69.67373657226562,0.0
MRVL,2025-03-20,69.16999816894531,71.12999725341797,68.8499984741211,70.48999786376953,9083000.0,70.35240936279297,0.0
MRVL,2025-03-21,68.5999984741211,70.79000091552734,68.44000244140625,70.38999938964844,11942300.0,70.25260925292969,0.0
MRVL,2025-03-24,71.4000015258789,72.91999816894531,71.05999755859375,72.76000213623047,12185900.0,72.61798858642578,0.0
MRVL,2025-03-25,72.5,73.2300033569336,71.08999633789062,71.66999816894531,9443100.0,71.53011322021484,0.0
MRVL,2025-03-26,71.0,71.19999694824219,65.83999633789062,66.76000213623047,19777100.0,66.62969970703125,0.0
MRVL,2025-03-27,66.05999755859375,66.62999725341797,63.91999816894531,64.86000061035156,14956100.0,64.73340606689453,0.0
MRVL,2025-03-28,64.62999725341797,64.88999938964844,61.25,62.040000915527344,18790400.0,61.918907165527344,0.0
MRVL,2025-03-31,60.380001068115234,61.65999984741211,59.2400016784668,61.56999969482422,16032400.0,61.449825286865234,0.0
MRVL,2025-04-01,61.45000076293945,62.720001220703125,60.779998779296875,62.66999816894531,12613300.0,62.54767608642578,0.0
MRVL,2025-04-02,61.5,64.7300033569336,61.459999084472656,63.22999954223633,13138200.0,63.10658264160156,0.0
MRVL,2025-04-03,58.63999938964844,59.29999923706055,55.41999816894531,55.63999938964844,25213200.0,55.53139877319336,0.0
MRVL,2025-04-04,52.689998626708984,52.86000061035156,47.310001373291016,49.43000030517578,37313400.0,49.33352279663086,0.0
MRVL,2025-04-07,47.459999084472656,55.02000045776367,47.09000015258789,51.0,30875500.0,50.900455474853516,0.0
MRVL,2025-04-08,54.2400016784668,56.25,48.540000915527344,50.029998779296875,32326200.0,49.93234634399414,0.0
MRVL,2025-04-09,50.290000915527344,61.29999923706055,49.709999084472656,60.959999084472656,38033700.0,60.84101486206055,0.0
MRVL,2025-04-10,58.20000076293945,58.41999816894531,50.310001373291016,52.869998931884766,34622100.0,52.76680374145508,0.0
MRVL,2025-04-11,52.59000015258789,53.38999938964844,51.439998626708984,53.38999938964844,17726800.0,53.34633255004883,0.06
MRVL,2025-04-14,55.849998474121094,56.029998779296875,51.34000015258789,52.2599983215332,19413000.0,52.217254638671875,0.0
MRVL,2025-04-15,52.5099983215332,54.13999938964844,52.43000030517578,53.31999969482422,11297400.0,53.276390075683594,0.0
MRVL,2025-04-16,50.47999954223633,52.439998626708984,49.70000076293945,51.93000030517578,19820200.0,51.88752746582031,0.0
MRVL,2025-04-17,52.0099983215332,52.4900016784668,50.790000915527344,51.70000076293945,12283700.0,51.65771484375,0.0
MRVL,2025-04-21,50.29999923706055,50.709999084472656,48.09000015258789,49.380001068115234,14038000.0,49.33961486816406,0.0
MRVL,2025-04-22,50.11000061035156,51.470001220703125,49.779998779296875,50.619998931884766,15732400.0,50.57859802246094,0.0
MRVL,2025-04-23,54.849998474121094,55.95000076293945,53.36000061035156,53.77000045776367,18934600.0,53.72602081298828,0.0
MRVL,2025-04-24,54.79999923706055,57.970001220703125,54.459999084472656,57.33000183105469,21404800.0,57.283111572265625,0.0
MRVL,2025-04-25,56.97999954223633,59.2599983215332,56.7599983215332,58.91999816894531,11929600.0,58.87180709838867,0.0
MRVL,2025-04-28,58.290000915527344,58.869998931884766,56.70000076293945,58.70000076293945,13840000.0,58.6519889831543,0.0
MRVL,2025-04-29,58.209999084472656,59.75,58.0099983215332,58.68000030517578,14831900.0,58.63200759887695,0.0
MRVL,2025-04-30,56.279998779296875,58.439998626708984,55.86000061035156,58.369998931884766,14316600.0,58.32225799560547,0.0
MRVL,2025-05-01,60.150001525878906,61.779998779296875,59.27000045776367,60.95000076293945,17638200.0,60.900150299072266,0.0
MRVL,2025-05-02,62.20000076293945,63.43000030517578,61.970001220703125,62.33000183105469,15638600.0,62.279022216796875,0.0
MRVL,2025-05-05,61.689998626708984,62.95000076293945,61.08000183105469,61.97999954223633,9098900.0,61.92930603027344,0.0
MRVL,2025-05-06,60.369998931884766,61.84000015258789,59.970001220703125,61.220001220703125,9818100.0,61.16992950439453,0.0
MRVL,2025-05-07,55.15999984741211,56.439998626708984,53.779998779296875,56.310001373291016,40342900.0,56.263946533203125,0.0
MRVL,2025-05-08,58.060001373291016,59.029998779296875,56.689998626708984,57.630001068115234,18868800.0,57.58286666870117,0.0
MRVL,2025-05-09,59.849998474121094,60.869998931884766,59.13999938964844,59.650001525878906,14698300.0,59.60121536254883,0.0
MRVL,2025-05-12,64.72000122070312,65.11000061035156,63.18000030517578,64.5,20383100.0,64.4472427368164,0.0
MRVL,2025-05-13,65.05000305175781,67.04000091552734,64.4000015258789,65.4800033569336,19733700.0,65.42644500732422,0.0
MRVL,2025-05-14,66.6500015258789,66.91999816894531,64.94999694824219,65.9000015258789,11472600.0,65.84609985351562,0.0
MRVL,2025-05-15,65.0999984741211,65.95999908447266,63.939998626708984,65.19999694824219,9962500.0,65.14666748046875,0.0
MRVL,2025-05-16,65.0999984741211,65.13999938964844,63.5,63.7599983215332,18712900.0,63.707847595214844,0.0
MRVL,2025-05-19,61.099998474121094,62.970001220703125,60.63999938964844,62.560001373291016,20323500.0,62.50883483886719,0.0
MRVL,2025-05-20,60.95000076293945,61.41999816894531,59.79999923706055,61.41999816894531,22326200.0,61.3697624206543,0.0
MRVL,2025-05-21,60.95000076293945,62.45000076293945,59.68000030517578,60.11000061035156,14022800.0,60.06083679199219,0.0
MRVL,2025-05-22,59.40999984741211,62.86000061035156,59.31999969482422,61.849998474121094,16653100.0,61.79941177368164,0.0
MRVL,2025-05-23,60.150001525878906,61.29999923706055,60.0,60.689998626708984,17443200.0,60.64036178588867,0.0
MRVL,2025-05-27,62.939998626708984,65.5199966430664,62.459999084472656,63.81999969482422,25511700.0,63.76780319213867,0.0
MRVL,2025-05-28,64.80000305175781,65.9000015258789,64.5,64.58999633789062,23421200.0,64.53717041015625,0.0
MRVL,2025-05-29,67.36000061035156,67.58999633789062,63.33000183105469,63.72999954223633,38742400.0,63.67787551879883,0.0
MRVL,2025-05-30,60.79999923706055,60.97999954223633,58.61000061035156,60.189998626708984,48347500.0,60.140769958496094,0.0
MRVL,2025-06-02,59.75,62.29999923706055,59.529998779296875,61.470001220703125,18270300.0,61.41972351074219,0.0
MRVL,2025-06-03,62.029998779296875,63.5099983215332,61.150001525878906,62.36000061035156,19286600.0,62.308998107910156,0.0
MRVL,2025-06-04,63.040000915527344,67.02999877929688,61.86000061035156,66.30000305175781,26990200.0,66.24577331542969,0.0
MRVL,2025-06-05,67.2699966430664,67.58999633789062,64.80999755859375,65.16000366210938,23426600.0,65.1067123413086,0.0
MRVL,2025-06-06,66.97000122070312,69.77999877929688,66.30999755859375,68.3499984741211,22926300.0,68.29409790039062,0.0
MRVL,2025-06-09,69.47000122070312,71.23999786376953,68.95999908447266,69.13999938964844,19351800.0,69.08345031738281,0.0
MRVL,2025-06-10,69.93000030517578,70.58000183105469,68.05999755859375,68.83999633789062,14948700.0,68.78369140625,0.0
MRVL,2025-06-11,69.38999938964844,70.23999786376953,67.63999938964844,68.23999786376953,13885500.0,68.1841812133789,0.0
MRVL,2025-06-12,67.94000244140625,70.05999755859375,67.7699966430664,69.63999938964844,11862600.0,69.58303833007812,0.0
MRVL,2025-06-13,68.05999755859375,68.97000122070312,66.97000122070312,67.19000244140625,14159800.0,67.13504791259766,0.0
MRVL,2025-06-16,68.5199966430664,71.27999877929688,68.04000091552734,70.41999816894531,19706100.0,70.3624038696289,0.0
MRVL,2025-06-17,70.22000122070312,72.75,69.16999816894531,69.98999786376953,25313400.0,69.93275451660156,0.0
MRVL,2025-06-18,74.52999877929688,77.6500015258789,73.7300033569336,74.94999694824219,55359800.0,74.8886947631836,0.0
MRVL,2025-06-20,77.05999755859375,77.31999969482422,73.30000305175781,73.51000213623047,46009100.0,73.44987487792969,0.0
MRVL,2025-06-23,72.98999786376953,73.18000030517578,69.18000030517578,70.77999877929688,26862100.0,70.72210693359375,0.0
MRVL,2025-06-24,72.38999938964844,75.44000244140625,71.91000366210938,75.20999908447266,26999800.0,75.14848327636719,0.0
MRVL,2025-06-25,76.37000274658203,76.48999786376953,74.5999984741211,75.93000030517578,19426700.0,75.8678970336914,0.0
MRVL,2025-06-26,79.02999877929688,81.12000274658203,77.44999694824219,79.97000122070312,37440600.0,79.90459442138672,0.0
MRVL,2025-06-27,78.8499984741211,79.0,76.41000366210938,77.16000366210938,27254000.0,77.09689331054688,0.0
MRVL,2025-06-30,78.4000015258789,78.44000244140625,76.70999908447266,77.4000015258789,17072900.0,77.3366928100586,0.0
MRVL,2025-07-01,76.7300033569336,77.77999877929688,75.04000091552734,76.23999786376953,16702100.0,76.17764282226562,0.0
MRVL,2025-07-02,76.19000244140625,79.08999633789062,73.77999877929688,74.25,39388500.0,74.18927001953125,0.0
MRVL,2025-07-03,74.83000183105469,75.33999633789062,74.12999725341797,75.18000030517578,10218000.0,75.1185073852539,0.0
MRVL,2025-07-07,74.43000030517578,74.80999755859375,71.44999694824219,71.55000305175781,22050900.0,71.49148559570312,0.0
MRVL,2025-07-08,72.33000183105469,73.5,71.80000305175781,71.94999694824219,16356800.0,71.89115142822266,0.0
MRVL,2025-07-09,72.51000213623047,73.48999786376953,71.30000305175781,72.26000213623047,18453500.0,72.2009048461914,0.0
MRVL,2025-07-10,72.4000015258789,73.55999755859375,71.38999938964844,73.36000061035156,11542400.0,73.30000305175781,0.0
MRVL,2025-07-11,72.56999969482422,73.18000030517578,72.12000274658203,72.70999908447266,10136000.0,72.70999908447266,0.06
MRVL,2025-07-14,72.11000061035156,72.94999694824219,70.4800033569336,72.51000213623047,12029400.0,72.51000213623047,0.0
MRVL,2025-07-15,73.75,74.01000213623047,72.12000274658203,72.41000366210938,15683100.0,72.41000366210938,0.0
MRVL,2025-07-16,70.12999725341797,71.0199966430664,68.0,70.8499984741211,26477200.0,70.8499984741211,0.0
MRVL,2025-07-17,71.0999984741211,73.12999725341797,70.12000274658203,72.01000213623047,15030000.0,72.01000213623047,0.0
MRVL,2025-07-18,72.3499984741211,75.26000213623047,71.1500015258789,74.6500015258789,16914800.0,74.6500015258789,0.0
MRVL,2025-07-21,73.48999786376953,73.55000305175781,72.19999694824219,73.05999755859375,15595300.0,73.05999755859375,0.0
MRVL,2025-07-22,72.97000122070312,73.1500015258789,70.30000305175781,71.98999786376953,12192300.0,71.98999786376953,0.0
MRVL,2025-07-23,72.56999969482422,73.70999908447266,72.23999786376953,73.2699966430664,11239000.0,73.2699966430664,0.0
MRVL,2025-07-24,73.66999816894531,74.12000274658203,72.38999938964844,74.04000091552734,10641400.0,74.04000091552734,0.0
MRVL,2025-07-25,74.0,74.55000305175781,73.0999984741211,74.20999908447266,9830300.0,74.20999908447266,0.0
MRVL,2025-07-28,75.1500015258789,76.58000183105469,74.66000366210938,75.91000366210938,13267400.0,75.91000366210938,0.0
MRVL,2025-07-29,76.4000015258789,78.76000213623047,75.97000122070312,76.33999633789062,14717200.0,76.33999633789062,0.0
MRVL,2025-07-30,83.11000061035156,85.2699966430664,80.56999969482422,81.73999786376953,45527600.0,81.73999786376953,0.0
MRVL,2025-07-31,82.75,83.25,79.62000274658203,80.37000274658203,26433200.0,80.37000274658203,0.0
MRVL,2025-08-01,77.06999969482422,77.16000366210938,73.41999816894531,74.44999694824219,28877000.0,74.44999694824219,0.0
MRVL,2025-08-04,75.69999694824219,76.88999938964844,74.81999969482422,76.52999877929688,11882900.0,76.52999877929688,0.0
MRVL,2025-08-05,76.91000366210938,78.0,74.95999908447266,76.62999725341797,11920800.0,76.62999725341797,0.0
MRVL,2025-08-06,76.08000183105469,76.44999694824219,73.9800033569336,75.31999969482422,14469700.0,75.31999969482422,0.0
MRVL,2025-08-07,76.5,77.25,74.19000244140625,75.8499984741211,14628000.0,75.8499984741211,0.0
MRVL,2025-08-08,76.19999694824219,77.38999938964844,75.61000061035156,77.33999633789062,9971300.0,77.33999633789062,0.0
MRVL,2025-08-11,77.94999694824219,80.01000213623047,77.19000244140625,77.27999877929688,11843600.0,77.27999877929688,0.0
MRVL,2025-08-12,76.3499984741211,77.97000122070312,74.83999633789062,77.80999755859375,15547900.0,77.80999755859375,0.0
MRVL,2025-08-13,78.4000015258789,80.05999755859375,78.02999877929688,79.31999969482422,11740200.0,79.31999969482422,0.0
MRVL,2025-08-14,78.02999877929688,79.62999725341797,77.33999633789062,79.04000091552734,10127800.0,79.04000091552734,0.0
MRVL,2025-08-15,79.41999816894531,79.41999816894531,76.16999816894531,76.19000244140625,13212900.0,76.19000244140625,0.0
MRVL,2025-08-18,76.08000183105469,77.08000183105469,75.29000091552734,76.73999786376953,10192500.0,76.73999786376953,0.0
MRVL,2025-08-19,76.4000015258789,76.44000244140625,71.80000305175781,72.06999969482422,16963400.0,72.06999969482422,0.0
MRVL,2025-08-20,71.7300033569336,71.83000183105469,68.54000091552734,71.22000122070312,19895200.0,71.22000122070312,0.0
MRVL,2025-08-21,70.45999908447266,72.0,70.05000305175781,71.20999908447266,9854100.0,71.20999908447266,0.0
MRVL,2025-08-22,71.33999633789062,74.7300033569336,70.68000030517578,73.0,14435900.0,73.0,0.0
MRVL,2025-08-25,72.98999786376953,73.87999725341797,72.26000213623047,72.94999694824219,10057700.0,72.94999694824219,0.0
MRVL,2025-08-26,72.98999786376953,75.13999938964844,72.98999786376953,74.26000213623047,12302300.0,74.26000213623047,0.0
MRVL,2025-08-27,74.19999694824219,75.02999877929688,73.81999969482422,74.79000091552734,11373500.0,74.79000091552734,0.0
MRVL,2025-08-28,75.91999816894531,78.08000183105469,75.05999755859375,77.2300033569336,36895300.0,77.2300033569336,0.0
MRVL,2025-08-29,64.52999877929688,65.48999786376953,62.619998931884766,62.869998931884766,96830800.0,62.869998931884766,0.0
MRVL,2025-09-02,61.959999084472656,64.66000366210938,61.810001373291016,64.5999984741211,36275600.0,64.5999984741211,0.0
MRVL,2025-09-03,64.05000305175781,64.5199966430664,61.720001220703125,62.310001373291016,34297300.0,62.310001373291016,0.0
MRVL,2025-09-04,62.13999938964844,64.52999877929688,61.439998626708984,64.0999984741211,27726400.0,64.0999984741211,0.0
MRVL,2025-09-05,63.97999954223633,64.58999633789062,62.470001220703125,63.33000183105469,25793100.0,63.33000183105469,0.0
MRVL,2025-09-08,63.619998931884766,66.12999725341797,63.06999969482422,66.0,24466600.0,66.0,0.0
MRVL,2025-09-09,65.86000061035156,67.44000244140625,65.19000244140625,66.83999633789062,17226000.0,66.83999633789062,0.0
MRVL,2025-09-10,67.91999816894531,68.5199966430664,66.68000030517578,67.0999984741211,23751400.0,67.0999984741211,0.0
MRVL,2025-09-11,67.0,68.19999694824219,66.36000061035156,66.58999633789062,13912400.0,66.58999633789062,0.0
MRVL,2025-09-12,67.55000305175781,67.75,66.13999938964844,67.3499984741211,14850600.0,67.3499984741211,0.0
MRVL,2025-09-16 16:00:01-04:00,67.83999633789062,69.18000030517578,67.36000061035156,68.86000061035156,15899960.0,68.86000061035156,0.0
WDAY,2025-03-17,243.41000366210938,252.32000732421875,242.4499969482422,250.6199951171875,1789900.0,250.6199951171875,0.0
WDAY,2025-03-18,249.11000061035156,252.02000427246094,247.6999969482422,251.91000366210938,1984200.0,251.91000366210938,0.0
WDAY,2025-03-19,253.66000366210938,256.1700134277344,251.00999450683594,252.5,1804000.0,252.5,0.0
WDAY,2025-03-20,251.6699981689453,254.5,242.47000122070312,250.47000122070312,1732300.0,250.47000122070312,0.0
WDAY,2025-03-21,246.99000549316406,250.19000244140625,245.22999572753906,249.49000549316406,2831800.0,249.49000549316406,0.0
WDAY,2025-03-24,252.88999938964844,252.88999938964844,248.77000427246094,249.91000366210938,2022200.0,249.91000366210938,0.0
WDAY,2025-03-25,250.0,253.4199981689453,250.0,252.8300018310547,1176600.0,252.8300018310547,0.0
WDAY,2025-03-26,253.10000610351562,254.13999938964844,250.1300048828125,250.7899932861328,1000700.0,250.7899932861328,0.0
WDAY,2025-03-27,250.25,250.25,243.86000061035156,244.5500030517578,1096500.0,244.5500030517578,0.0
WDAY,2025-03-28,244.10000610351562,244.80999755859375,236.02999877929688,238.49000549316406,1888600.0,238.49000549316406,0.0
WDAY,2025-03-31,236.6699981689453,237.41000366210938,229.2899932861328,233.52999877929688,3312700.0,233.52999877929688,0.0
WDAY,2025-04-01,232.9499969482422,235.0800018310547,230.00999450683594,234.52999877929688,2567400.0,234.52999877929688,0.0
WDAY,2025-04-02,230.5,236.99000549316406,230.5,235.38999938964844,1926200.0,235.38999938964844,0.0
WDAY,2025-04-03,227.9600067138672,232.6300048828125,226.3000030517578,228.3300018310547,5081600.0,228.3300018310547,0.0
WDAY,2025-04-04,225.64999389648438,227.88999938964844,216.11000061035156,217.13999938964844,4893600.0,217.13999938964844,0.0
WDAY,2025-04-07,206.0399932861328,223.17999267578125,205.3300018310547,215.32000732421875,5201600.0,215.32000732421875,0.0
WDAY,2025-04-08,220.2899932861328,222.47999572753906,207.6999969482422,210.47000122070312,3751000.0,210.47000122070312,0.0
WDAY,2025-04-09,209.86000061035156,232.6199951171875,207.7899932861328,231.4199981689453,4769200.0,231.4199981689453,0.0
WDAY,2025-04-10,226.5500030517578,228.67999267578125,218.75,224.74000549316406,2599400.0,224.74000549316406,0.0
WDAY,2025-04-11,224.0399932861328,227.07000732421875,219.6300048828125,226.50999450683594,2203600.0,226.50999450683594,0.0
WDAY,2025-04-14,230.0,234.27000427246094,227.8699951171875,232.33999633789062,2579100.0,232.33999633789062,0.0
WDAY,2025-04-15,233.0,235.9600067138672,228.1300048828125,233.32000732421875,1467000.0,233.32000732421875,0.0
WDAY,2025-04-16,232.16000366210938,235.0,224.3000030517578,227.7100067138672,1961900.0,227.7100067138672,0.0
WDAY,2025-04-17,228.08999633789062,228.60000610351562,220.27999877929688,221.02000427246094,1894900.0,221.02000427246094,0.0
WDAY,2025-04-21,218.91000366210938,218.91000366210938,210.75,214.10000610351562,2125300.0,214.10000610351562,0.0
WDAY,2025-04-22,215.6699981689453,221.58999633789062,215.0,220.99000549316406,1959100.0,220.99000549316406,0.0
WDAY,2025-04-23,226.0,230.75999450683594,223.72000122070312,224.8699951171875,1655700.0,224.8699951171875,0.0
WDAY,2025-04-24,227.83999633789062,237.52999877929688,227.5500030517578,236.8699951171875,1685400.0,236.8699951171875,0.0
WDAY,2025-04-25,236.86000061035156,239.80999755859375,235.7899932861328,239.52999877929688,1103300.0,239.52999877929688,0.0
WDAY,2025-04-28,239.36000061035156,241.30999755859375,237.0,239.82000732421875,898500.0,239.82000732421875,0.0
WDAY,2025-04-29,239.82000732421875,244.24000549316406,238.25,243.38999938964844,1134900.0,243.38999938964844,0.0
WDAY,2025-04-30,241.83999633789062,245.52000427246094,238.72999572753906,245.0,1434100.0,245.0,0.0
WDAY,2025-05-01,247.0500030517578,250.3699951171875,245.64999389648438,246.61000061035156,1531800.0,246.61000061035156,0.0
WDAY,2025-05-02,249.9499969482422,251.1699981689453,248.0,248.67999267578125,1302200.0,248.67999267578125,0.0
WDAY,2025-05-05,247.86000061035156,251.75,247.24000549316406,248.33999633789062,808000.0,248.33999633789062,0.0
WDAY,2025-05-06,246.66000366210938,250.77000427246094,245.77000427246094,247.7899932861328,905000.0,247.7899932861328,0.0
WDAY,2025-05-07,248.36000061035156,251.22000122070312,245.9499969482422,250.5800018310547,1117900.0,250.5800018310547,0.0
WDAY,2025-05-08,252.41000366210938,260.3399963378906,251.75999450683594,257.9800109863281,1804500.0,257.9800109863281,0.0
WDAY,2025-05-09,258.5299987792969,260.0,256.3599853515625,259.17999267578125,1325400.0,259.17999267578125,0.0
WDAY,2025-05-12,265.6400146484375,266.8599853515625,260.92999267578125,266.57000732421875,2062200.0,266.57000732421875,0.0
WDAY,2025-05-13,266.760009765625,270.69000244140625,266.0400085449219,270.0199890136719,1470700.0,270.0199890136719,0.0
WDAY,2025-05-14,268.79998779296875,271.6600036621094,268.5899963378906,271.1700134277344,1225300.0,271.1700134277344,0.0
WDAY,2025-05-15,271.1700134277344,276.0,270.5799865722656,274.7099914550781,1699400.0,274.7099914550781,0.0
WDAY,2025-05-16,273.7699890136719,274.260009765625,271.5299987792969,273.04998779296875,2328600.0,273.04998779296875,0.0
WDAY,2025-05-19,270.57000732421875,274.010009765625,268.8399963378906,273.29998779296875,1553600.0,273.29998779296875,0.0
WDAY,2025-05-20,271.55999755859375,274.6499938964844,270.2099914550781,273.8399963378906,1354700.0,273.8399963378906,0.0
WDAY,2025-05-21,270.6300048828125,274.1099853515625,268.2200012207031,268.5400085449219,1590200.0,268.5400085449219,0.0
WDAY,2025-05-22,268.45001220703125,273.79998779296875,267.57000732421875,272.07000732421875,4188300.0,272.07000732421875,0.0
WDAY,2025-05-23,241.60000610351562,247.47000122070312,237.0,238.00999450683594,9915000.0,238.00999450683594,0.0
WDAY,2025-05-27,241.22999572753906,242.85000610351562,238.25,239.3000030517578,4740700.0,239.3000030517578,0.0
WDAY,2025-05-28,239.17999267578125,242.94000244140625,237.8800048828125,239.89999389648438,2721700.0,239.89999389648438,0.0
WDAY,2025-05-29,241.16000366210938,243.91000366210938,239.52000427246094,241.75999450683594,2989800.0,241.75999450683594,0.0
WDAY,2025-05-30,241.30999755859375,248.8800048828125,241.1999969482422,247.7100067138672,3491600.0,247.7100067138672,0.0
WDAY,2025-06-02,246.27000427246094,248.74000549316406,243.5,247.75,2034400.0,247.75,0.0
WDAY,2025-06-03,247.75,251.4199981689453,245.94000244140625,251.1199951171875,1528700.0,251.1199951171875,0.0
WDAY,2025-06-04,250.74000549316406,253.0,248.9499969482422,249.47999572753906,1262300.0,249.47999572753906,0.0
WDAY,2025-06-05,249.47999572753906,250.82000732421875,246.72000122070312,250.10000610351562,1736400.0,250.10000610351562,0.0
WDAY,2025-06-06,251.66000366210938,253.77999877929688,250.14999389648438,252.72000122070312,1393000.0,252.72000122070312,0.0
WDAY,2025-06-09,252.72000122070312,253.42999267578125,250.5399932861328,252.89999389648438,1225400.0,252.89999389648438,0.0
WDAY,2025-06-10,252.74000549316406,257.0899963378906,252.2899932861328,252.72999572753906,1894900.0,252.72999572753906,0.0
WDAY,2025-06-11,253.57000732421875,256.42999267578125,250.5,251.36000061035156,1680100.0,251.36000061035156,0.0
WDAY,2025-06-12,251.92999267578125,253.5399932861328,250.0800018310547,250.69000244140625,1965500.0,250.69000244140625,0.0
WDAY,2025-06-13,247.41000366210938,249.6699981689453,243.99000549316406,244.5399932861328,2199200.0,244.5399932861328,0.0
WDAY,2025-06-16,245.97000122070312,247.7899932861328,243.6199951171875,245.64999389648438,1825600.0,245.64999389648438,0.0
WDAY,2025-06-17,245.64999389648438,246.52999877929688,242.3800048828125,242.6999969482422,1818500.0,242.6999969482422,0.0
WDAY,2025-06-18,242.47000122070312,243.47999572753906,236.44000244140625,236.8800048828125,2472700.0,236.8800048828125,0.0
WDAY,2025-06-20,238.66000366210938,241.3300018310547,237.25999450683594,238.19000244140625,5155600.0,238.19000244140625,0.0
WDAY,2025-06-23,236.88999938964844,238.38999938964844,234.1300048828125,236.5800018310547,1750700.0,236.5800018310547,0.0
WDAY,2025-06-24,240.0,240.38999938964844,237.57000732421875,239.19000244140625,2478100.0,239.19000244140625,0.0
WDAY,2025-06-25,239.19000244140625,239.57000732421875,233.00999450683594,233.4600067138672,1958800.0,233.4600067138672,0.0
WDAY,2025-06-26,233.9199981689453,237.3699951171875,230.05999755859375,237.2100067138672,2076500.0,237.2100067138672,0.0
WDAY,2025-06-27,237.4600067138672,239.97000122070312,236.0,237.3699951171875,1812200.0,237.3699951171875,0.0
WDAY,2025-06-30,237.8699951171875,240.91000366210938,237.8699951171875,240.0,1516800.0,240.0,0.0
WDAY,2025-07-01,238.58999633789062,241.0,236.4199981689453,239.22999572753906,2604000.0,239.22999572753906,0.0
WDAY,2025-07-02,237.7899932861328,238.02000427246094,233.91000366210938,237.74000549316406,2068800.0,237.74000549316406,0.0
WDAY,2025-07-03,239.10000610351562,243.72999572753906,238.77000427246094,241.75999450683594,1301700.0,241.75999450683594,0.0
WDAY,2025-07-07,240.69000244140625,242.75,237.5,241.2100067138672,2279600.0,241.2100067138672,0.0
WDAY,2025-07-08,242.22000122070312,242.77999877929688,237.10000610351562,240.47000122070312,3760900.0,240.47000122070312,0.0
WDAY,2025-07-09,240.57000732421875,242.35000610351562,238.64999389648438,240.1699981689453,1683900.0,240.1699981689453,0.0
WDAY,2025-07-10,235.38999938964844,235.42999267578125,227.58999633789062,229.3000030517578,4156200.0,229.3000030517578,0.0
WDAY,2025-07-11,228.4499969482422,228.8300018310547,222.83999633789062,223.3699951171875,2506900.0,223.3699951171875,0.0
WDAY,2025-07-14,223.6199951171875,227.32000732421875,222.25999450683594,224.75999450683594,2113800.0,224.75999450683594,0.0
WDAY,2025-07-15,224.94000244140625,226.30999755859375,222.94000244140625,224.9199981689453,1880600.0,224.9199981689453,0.0
WDAY,2025-07-16,226.6699981689453,227.72999572753906,223.66000366210938,226.72999572753906,1926500.0,226.72999572753906,0.0
WDAY,2025-07-17,227.07000732421875,230.9600067138672,226.1300048828125,230.88999938964844,2232300.0,230.88999938964844,0.0
WDAY,2025-07-18,232.44000244140625,233.57000732421875,228.6699981689453,233.05999755859375,2597900.0,233.05999755859375,0.0
WDAY,2025-07-21,233.27000427246094,235.83999633789062,232.07000732421875,233.7100067138672,2176300.0,233.7100067138672,0.0
WDAY,2025-07-22,234.17999267578125,239.42999267578125,233.75,239.11000061035156,2409100.0,239.11000061035156,0.0
WDAY,2025-07-23,240.0,243.58999633789062,238.32000732421875,241.02999877929688,1724900.0,241.02999877929688,0.0
WDAY,2025-07-24,240.99000549316406,241.50999450683594,236.1699981689453,237.1999969482422,2115100.0,237.1999969482422,0.0
WDAY,2025-07-25,237.9600067138672,242.27999877929688,236.6199951171875,241.74000549316406,1840600.0,241.74000549316406,0.0
WDAY,2025-07-28,241.0500030517578,241.5,237.63999938964844,238.0399932861328,1539700.0,238.0399932861328,0.0
WDAY,2025-07-29,238.0399932861328,241.75,237.6999969482422,239.6300048828125,1910900.0,239.6300048828125,0.0
WDAY,2025-07-30,239.91000366210938,240.9199981689453,235.72000122070312,237.67999267578125,1325200.0,237.67999267578125,0.0
WDAY,2025-07-31,236.80999755859375,236.80999755859375,228.52000427246094,229.3800048828125,4533500.0,229.3800048828125,0.0
WDAY,2025-08-01,228.74000549316406,228.74000549316406,221.6199951171875,222.22000122070312,4088400.0,222.22000122070312,0.0
WDAY,2025-08-04,224.44000244140625,226.27000427246094,222.7899932861328,225.1199951171875,4023900.0,225.1199951171875,0.0
WDAY,2025-08-05,226.13999938964844,226.86000061035156,223.77999877929688,224.97999572753906,3394300.0,224.97999572753906,0.0
WDAY,2025-08-06,226.5800018310547,230.1699981689453,225.8000030517578,229.0800018310547,2317300.0,229.0800018310547,0.0
WDAY,2025-08-07,231.4199981689453,233.13999938964844,217.6199951171875,220.97999572753906,3597700.0,220.97999572753906,0.0
WDAY,2025-08-08,221.11000061035156,222.13999938964844,218.41000366210938,222.07000732421875,2386600.0,222.07000732421875,0.0
WDAY,2025-08-11,221.3800048828125,223.27000427246094,211.75999450683594,213.69000244140625,5092400.0,213.69000244140625,0.0
WDAY,2025-08-12,213.36000061035156,214.64999389648438,206.77000427246094,214.60000610351562,4288800.0,214.60000610351562,0.0
WDAY,2025-08-13,216.3300018310547,223.13999938964844,213.0,223.07000732421875,3917400.0,223.07000732421875,0.0
WDAY,2025-08-14,222.9199981689453,223.61000061035156,218.7100067138672,221.9199981689453,3272600.0,221.9199981689453,0.0
WDAY,2025-08-15,222.47000122070312,226.16000366210938,221.9499969482422,226.08999633789062,2888600.0,226.08999633789062,0.0
WDAY,2025-08-18,227.22000122070312,232.0500030517578,226.30999755859375,231.85000610351562,4405800.0,231.85000610351562,0.0
WDAY,2025-08-19,230.83999633789062,234.9199981689453,228.82000732421875,229.7899932861328,2954900.0,229.7899932861328,0.0
WDAY,2025-08-20,229.17999267578125,231.72000122070312,227.1300048828125,227.49000549316406,3977200.0,227.49000549316406,0.0
WDAY,2025-08-21,226.00999450683594,228.10000610351562,223.6300048828125,227.5800018310547,6441500.0,227.5800018310547,0.0
WDAY,2025-08-22,213.8800048828125,222.02000427246094,211.30999755859375,221.27000427246094,8226600.0,221.27000427246094,0.0
WDAY,2025-08-25,222.47999572753906,225.1300048828125,220.60000610351562,223.38999938964844,5028100.0,223.38999938964844,0.0
WDAY,2025-08-26,224.97999572753906,227.3000030517578,221.07000732421875,222.8800048828125,4795500.0,222.8800048828125,0.0
WDAY,2025-08-27,224.1199951171875,230.10000610351562,223.1300048828125,229.7100067138672,3454000.0,229.7100067138672,0.0
WDAY,2025-08-28,229.8699951171875,232.4499969482422,227.17999267578125,228.5,3043600.0,228.5,0.0
WDAY,2025-08-29,227.69000244140625,230.86000061035156,227.69000244140625,230.82000732421875,3243500.0,230.82000732421875,0.0
WDAY,2025-09-02,227.49000549316406,229.41000366210938,226.35000610351562,228.88999938964844,3936900.0,228.88999938964844,0.0
WDAY,2025-09-03,229.10000610351562,235.32000732421875,229.10000610351562,233.42999267578125,3529000.0,233.42999267578125,0.0
WDAY,2025-09-04,231.9499969482422,232.19000244140625,227.0,231.1300048828125,2226800.0,231.1300048828125,0.0
WDAY,2025-09-05,233.0,237.5,230.0,231.0800018310547,3526200.0,231.0800018310547,0.0
WDAY,2025-09-08,231.6199951171875,233.4499969482422,229.10000610351562,231.80999755859375,3020200.0,231.80999755859375,0.0
WDAY,2025-09-09,232.16000366210938,233.57000732421875,229.66000366210938,230.72999572753906,1904600.0,230.72999572753906,0.0
WDAY,2025-09-10,231.14999389648438,231.7899932861328,223.77000427246094,226.47999572753906,2863500.0,226.47999572753906,0.0
WDAY,2025-09-11,226.8300018310547,228.57000732421875,224.61000061035156,226.6699981689453,2272400.0,226.6699981689453,0.0
WDAY,2025-09-12,226.1699981689453,227.36000061035156,222.11000061035156,223.38999938964844,2683200.0,223.38999938964844,0.0
WDAY,2025-09-16 16:00:00-04:00,222.75,224.41000366210938,218.3699951171875,219.00999450683594,2916274.0,219.00999450683594,0.0
CRWV,2025-03-28,39.0,41.939998626708984,37.459999084472656,40.0,41091100.0,40.0,0.0
CRWV,2025-03-31,38.4900016784668,38.4900016784668,36.0,37.08000183105469,15194800.0,37.08000183105469,0.0
CRWV,2025-04-01,38.5,53.27000045776367,37.20000076293945,52.56999969482422,38327800.0,52.56999969482422,0.0
CRWV,2025-04-02,55.90999984741211,64.62000274658203,51.400001525878906,61.36000061035156,52666800.0,61.36000061035156,0.0
CRWV,2025-04-03,55.38999938964844,57.645999908447266,48.2599983215332,53.79999923706055,27120600.0,53.79999923706055,0.0
CRWV,2025-04-04,49.599998474121094,51.0,43.5099983215332,47.81999969482422,14469600.0,47.81999969482422,0.0
CRWV,2025-04-07,43.8849983215332,52.0,42.15999984741211,49.849998474121094,11414700.0,49.849998474121094,0.0
CRWV,2025-04-08,54.14500045776367,54.79999923706055,42.36000061035156,43.61000061035156,13657200.0,43.61000061035156,0.0
CRWV,2025-04-09,43.724998474121094,49.880001068115234,39.12099838256836,48.77000045776367,17229700.0,48.77000045776367,0.0
CRWV,2025-04-10,46.900001525878906,47.0,41.84400177001953,42.20000076293945,9404300.0,42.20000076293945,0.0
CRWV,2025-04-11,42.5,44.880001068115234,41.02000045776367,43.75,5579500.0,43.75,0.0
CRWV,2025-04-14,46.79499816894531,46.849998474121094,42.400001525878906,43.61000061035156,4827000.0,43.61000061035156,0.0
CRWV,2025-04-15,43.560001373291016,44.7400016784668,40.0,40.779998779296875,6841300.0,40.779998779296875,0.0
CRWV,2025-04-16,40.165000915527344,40.84000015258789,38.263999938964844,40.72999954223633,7206800.0,40.72999954223633,0.0
CRWV,2025-04-17,41.04999923706055,41.630001068115234,38.349998474121094,39.09000015258789,4844600.0,39.09000015258789,0.0
CRWV,2025-04-21,38.619998931884766,38.638999938964844,33.51499938964844,35.415000915527344,8116200.0,35.415000915527344,0.0
CRWV,2025-04-22,36.97999954223633,39.61000061035156,36.0,38.5099983215332,9589300.0,38.5099983215332,0.0
CRWV,2025-04-23,42.07500076293945,43.948001861572266,40.15999984741211,41.619998931884766,7651500.0,41.619998931884766,0.0
CRWV,2025-04-24,42.54999923706055,43.5,38.79999923706055,41.77000045776367,9376700.0,41.77000045776367,0.0
CRWV,2025-04-25,41.95000076293945,44.36000061035156,40.900001525878906,41.540000915527344,8765600.0,41.540000915527344,0.0
CRWV,2025-04-28,42.0099983215332,43.33000183105469,39.779998779296875,42.02000045776367,5194600.0,42.02000045776367,0.0
CRWV,2025-04-29,42.20500183105469,46.45000076293945,41.0099983215332,42.81999969482422,10493600.0,42.81999969482422,0.0
CRWV,2025-04-30,41.0,41.5099983215332,39.5,41.29999923706055,6100200.0,41.29999923706055,0.0
CRWV,2025-05-01,47.025001525878906,48.349998474121094,44.029998779296875,44.31999969482422,13001600.0,44.31999969482422,0.0
CRWV,2025-05-02,46.93899917602539,51.81999969482422,45.79999923706055,51.56999969482422,9199600.0,51.56999969482422,0.0
CRWV,2025-05-05,50.42900085449219,52.779998779296875,49.70000076293945,51.0099983215332,6432300.0,51.0099983215332,0.0
CRWV,2025-05-06,49.36000061035156,54.832000732421875,49.06100082397461,54.29499816894531,9644400.0,54.29499816894531,0.0
CRWV,2025-05-07,54.90999984741211,54.90999984741211,51.400001525878906,53.599998474121094,5940300.0,53.599998474121094,0.0
CRWV,2025-05-08,54.709999084472656,55.70000076293945,52.77000045776367,55.0,6264000.0,55.0,0.0
CRWV,2025-05-09,55.959999084472656,56.81999969482422,50.18000030517578,51.369998931884766,7948900.0,51.369998931884766,0.0
CRWV,2025-05-12,54.29999923706055,59.439998626708984,52.900001525878906,58.4900016784668,10619000.0,58.4900016784668,0.0
CRWV,2025-05-13,57.599998474121094,64.87000274658203,57.31999969482422,63.2599983215332,10125900.0,63.2599983215332,0.0
CRWV,2025-05-14,66.0,68.5,64.0,67.45999908447266,25124600.0,67.45999908447266,0.0
CRWV,2025-05-15,68.87000274658203,72.97000122070312,61.33000183105469,65.7699966430664,36202100.0,65.7699966430664,0.0
CRWV,2025-05-16,68.07499694824219,84.0,67.55000305175781,80.30000305175781,42984000.0,80.30000305175781,0.0
CRWV,2025-05-19,76.9000015258789,88.9000015258789,76.08000183105469,86.58999633789062,33360500.0,86.58999633789062,0.0
CRWV,2025-05-20,89.66999816894531,96.3499984741211,83.30500030517578,90.23999786376953,34969200.0,90.23999786376953,0.0
CRWV,2025-05-21,89.45999908447266,109.48999786376953,89.30000305175781,107.38999938964844,61681600.0,107.38999938964844,0.0
CRWV,2025-05-22,112.13999938964844,116.53900146484375,99.51000213623047,100.16000366210938,61046900.0,100.16000366210938,0.0
CRWV,2025-05-23,98.0,106.79000091552734,97.0999984741211,102.73999786376953,31097600.0,102.73999786376953,0.0
CRWV,2025-05-27,109.26799774169922,125.0199966430664,107.9749984741211,123.97000122070312,38032000.0,123.97000122070312,0.0
CRWV,2025-05-28,123.75,123.75,113.0,116.1500015258789,27833900.0,116.1500015258789,0.0
CRWV,2025-05-29,123.5,130.75999450683594,105.52999877929688,105.55000305175781,38491000.0,105.55000305175781,0.0
CRWV,2025-05-30,109.0,111.94999694824219,104.9000015258789,111.30999755859375,23532800.0,111.30999755859375,0.0
CRWV,2025-06-02,116.29499816894531,123.66000366210938,114.0,120.19999694824219,26269100.0,120.19999694824219,0.0
CRWV,2025-06-03,125.30000305175781,150.8800048828125,124.69999694824219,150.47999572753906,53920700.0,150.47999572753906,0.0
CRWV,2025-06-04,155.875,166.6300048828125,144.3000030517578,163.10000610351562,55448700.0,163.10000610351562,0.0
CRWV,2025-06-05,156.0,157.4600067138672,132.8000030517578,135.0500030517578,50579600.0,135.0500030517578,0.0
CRWV,2025-06-06,144.92999267578125,148.7899932861328,138.58999633789062,140.16000366210938,23229900.0,140.16000366210938,0.0
CRWV,2025-06-09,147.8000030517578,163.2899932861328,144.13699340820312,162.10000610351562,29451700.0,162.10000610351562,0.0
CRWV,2025-06-10,156.5,158.3000030517578,149.0,154.89999389648438,24264300.0,154.89999389648438,0.0
CRWV,2025-06-11,160.00999450683594,166.02999877929688,145.5,149.6999969482422,25772800.0,149.6999969482422,0.0
CRWV,2025-06-12,153.6999969482422,154.8000030517578,142.5,148.97000122070312,15249000.0,148.97000122070312,0.0
CRWV,2025-06-13,143.24000549316406,154.5,142.5,147.19000244140625,16515200.0,147.19000244140625,0.0
CRWV,2025-06-16,148.60000610351562,158.5,143.47999572753906,158.5,19757100.0,158.5,0.0
CRWV,2025-06-17,156.97999572753906,175.3800048828125,155.8000030517578,171.92999267578125,32381800.0,171.92999267578125,0.0
CRWV,2025-06-18,173.3300018310547,176.75,165.5500030517578,170.0,19866400.0,170.0,0.0
CRWV,2025-06-20,171.82000732421875,187.0,168.85000610351562,183.5800018310547,31258700.0,183.5800018310547,0.0
CRWV,2025-06-23,183.32000732421875,183.52999877929688,159.0,173.67999267578125,26820700.0,173.67999267578125,0.0
CRWV,2025-06-24,176.3699951171875,183.97999572753906,171.22999572753906,172.6199951171875,18343600.0,172.6199951171875,0.0
CRWV,2025-06-25,178.02000427246094,180.25,157.89999389648438,159.5,17830200.0,159.5,0.0
CRWV,2025-06-26,164.14999389648438,165.99000549316406,152.88900756835938,158.0800018310547,17009600.0,158.0800018310547,0.0
CRWV,2025-06-27,160.1300048828125,167.8800048828125,158.1999969482422,159.99000549316406,17437600.0,159.99000549316406,0.0
CRWV,2025-06-30,163.30999755859375,173.3489990234375,160.4600067138672,163.05999755859375,13731800.0,163.05999755859375,0.0
CRWV,2025-07-01,162.77999877929688,162.77999877929688,154.89999389648438,155.94000244140625,10913500.0,155.94000244140625,0.0
CRWV,2025-07-02,152.80999755859375,158.72000122070312,151.25999450683594,151.77000427246094,8458200.0,151.77000427246094,0.0
CRWV,2025-07-03,155.0,166.22000122070312,153.5500030517578,165.1999969482422,10442400.0,165.1999969482422,0.0
CRWV,2025-07-07,161.17999267578125,163.66000366210938,155.25999450683594,159.6999969482422,12665700.0,159.6999969482422,0.0
CRWV,2025-07-08,159.34500122070312,160.4199981689453,148.75,151.4499969482422,12024600.0,151.4499969482422,0.0
CRWV,2025-07-09,155.1999969482422,156.47000122070312,149.6999969482422,153.0500030517578,9572200.0,153.0500030517578,0.0
CRWV,2025-07-10,152.8000030517578,153.5,136.00999450683594,138.2899932861328,16519500.0,138.2899932861328,0.0
CRWV,2025-07-11,132.9250030517578,136.36000061035156,125.66999816894531,125.83999633789062,15721900.0,125.83999633789062,0.0
CRWV,2025-07-14,130.3800048828125,135.6699981689453,129.99000549316406,132.375,11432900.0,132.375,0.0
CRWV,2025-07-15,144.24000549316406,146.75,140.0500030517578,140.58999633789062,17316200.0,140.58999633789062,0.0
CRWV,2025-07-16,143.14999389648438,146.99000549316406,139.02000427246094,143.0399932861328,10835400.0,143.0399932861328,0.0
CRWV,2025-07-17,141.3699951171875,141.3699951171875,131.33999633789062,132.2100067138672,12204700.0,132.2100067138672,0.0
CRWV,2025-07-18,132.52000427246094,132.52000427246094,122.19000244140625,123.0199966430664,12863600.0,123.0199966430664,0.0
CRWV,2025-07-21,126.52999877929688,134.3000030517578,124.11000061035156,124.91000366210938,11231200.0,124.91000366210938,0.0
CRWV,2025-07-22,125.92500305175781,132.39999389648438,122.69999694824219,129.77000427246094,9407300.0,129.77000427246094,0.0
CRWV,2025-07-23,132.0,132.1199951171875,125.38300323486328,126.05000305175781,6691200.0,126.05000305175781,0.0
CRWV,2025-07-24,125.75,126.31999969482422,120.0,120.0,7629900.0,120.0,0.0
CRWV,2025-07-25,119.93000030517578,119.93000030517578,114.2300033569336,115.62000274658203,10297500.0,115.62000274658203,0.0
CRWV,2025-07-28,115.0,116.80000305175781,109.5999984741211,110.27999877929688,9628100.0,110.27999877929688,0.0
CRWV,2025-07-29,108.83999633789062,113.44000244140625,106.30000305175781,108.73999786376953,10513300.0,108.73999786376953,0.0
CRWV,2025-07-30,108.75499725341797,109.5,100.80000305175781,102.88999938964844,11052000.0,102.88999938964844,0.0
CRWV,2025-07-31,112.62999725341797,119.58999633789062,111.5,114.12999725341797,24987800.0,114.12999725341797,0.0
CRWV,2025-08-01,104.9000015258789,109.30000305175781,103.1050033569336,104.13999938964844,13055000.0,104.13999938964844,0.0
CRWV,2025-08-04,106.67500305175781,107.58000183105469,101.5999984741211,106.01000213623047,9034900.0,106.01000213623047,0.0
CRWV,2025-08-05,105.2249984741211,114.25,104.50299835205078,111.83999633789062,11902800.0,111.83999633789062,0.0
CRWV,2025-08-06,110.5,112.0,105.55999755859375,110.23999786376953,7794300.0,110.23999786376953,0.0
CRWV,2025-08-07,115.4800033569336,122.19999694824219,115.0199966430664,121.08000183105469,17715900.0,121.08000183105469,0.0
CRWV,2025-08-08,128.0500030517578,130.97999572753906,121.69999694824219,129.5500030517578,17159700.0,129.5500030517578,0.0
CRWV,2025-08-11,134.8000030517578,141.5,130.17999267578125,139.77999877929688,19430300.0,139.77999877929688,0.0
CRWV,2025-08-12,135.8249969482422,148.8000030517578,130.42999267578125,148.75,28270300.0,148.75,0.0
CRWV,2025-08-13,132.97500610351562,134.5,117.5999984741211,117.76000213623047,37157600.0,117.76000213623047,0.0
CRWV,2025-08-14,115.26000213623047,116.87999725341797,98.80999755859375,99.50499725341797,51195200.0,99.50499725341797,0.0
CRWV,2025-08-15,95.9000015258789,102.0,94.69999694824219,99.97000122070312,52661100.0,99.97000122070312,0.0
CRWV,2025-08-18,102.20999908447266,103.91000366210938,96.69999694824219,96.80000305175781,33761100.0,96.80000305175781,0.0
CRWV,2025-08-19,96.44000244140625,96.5,88.6500015258789,92.88999938964844,32158900.0,92.88999938964844,0.0
CRWV,2025-08-20,90.15499877929688,91.6500015258789,85.26000213623047,91.5199966430664,32919800.0,91.5199966430664,0.0
CRWV,2025-08-21,94.01499938964844,95.83999633789062,90.6500015258789,90.79000091552734,27261800.0,90.79000091552734,0.0
CRWV,2025-08-22,91.08999633789062,98.5999984741211,88.58000183105469,93.98999786376953,34000400.0,93.98999786376953,0.0
CRWV,2025-08-25,94.0,94.0,90.0,92.37999725341797,14803400.0,92.37999725341797,0.0
CRWV,2025-08-26,91.81999969482422,94.7699966430664,90.31999969482422,91.38999938964844,16042700.0,91.38999938964844,0.0
CRWV,2025-08-27,93.94999694824219,97.5,92.6500015258789,96.93000030517578,32747400.0,96.93000030517578,0.0
CRWV,2025-08-28,100.63999938964844,105.5,99.9000015258789,102.79000091552734,45313200.0,102.79000091552734,0.0
CRWV,2025-08-29,100.9000015258789,103.08000183105469,96.31900024414062,103.04000091552734,24208300.0,103.04000091552734,0.0
CRWV,2025-09-02,96.62999725341797,97.12999725341797,90.69999694824219,93.33999633789062,33402500.0,93.33999633789062,0.0
CRWV,2025-09-03,93.74500274658203,93.79000091552734,88.76000213623047,89.87999725341797,18944000.0,89.87999725341797,0.0
CRWV,2025-09-04,88.4800033569336,89.72000122070312,85.20999908447266,87.4800033569336,17805100.0,87.4800033569336,0.0
CRWV,2025-09-05,90.0199966430664,90.44000244140625,84.4000015258789,89.08999633789062,18448500.0,89.08999633789062,0.0
CRWV,2025-09-08,88.91999816894531,96.16999816894531,88.64299774169922,93.55000305175781,24705200.0,93.55000305175781,0.0
CRWV,2025-09-09,99.88500213623047,103.88999938964844,97.05000305175781,100.22000122070312,40286700.0,100.22000122070312,0.0
CRWV,2025-09-10,110.0250015258789,124.9000015258789,109.01000213623047,117.13999938964844,70127000.0,117.13999938964844,0.0
CRWV,2025-09-11,117.9000015258789,118.64299774169922,112.12999725341797,112.69000244140625,25179300.0,112.69000244140625,0.0
CRWV,2025-09-12,113.92500305175781,115.30999755859375,104.06999969482422,111.95999908447266,32550400.0,111.95999908447266,0.0
CRWV,2025-09-16 16:00:01-04:00,121.5365982055664,125.75,115.12000274658203,118.75,29274479.0,118.75,0.0
